#pragma once
#include <Arduino.h>

constexpr int16_t MAX_AI_FACE_WIDTH = 240;
constexpr int16_t MAX_AI_FACE_HEIGHT = 240;

const uint16_t maxAiFace[MAX_AI_FACE_WIDTH * MAX_AI_FACE_HEIGHT] PROGMEM = {
    0x0000, 0x0000, 0x0000, 0x0000, 0x0000, 0x0000, 0x0000, 0x0000, 0x0000, 0x0000, 0x0000, 0x0000,
    0x0000, 0x0000, 0x0000, 0x0000, 0x0000, 0x0000, 0x0000, 0x0000, 0x0000, 0x0000, 0x0000, 0x0000,
    0x0000, 0x0000, 0x0000, 0x0000, 0x0000, 0x0000, 0x0000, 0x0000, 0x0000, 0x0000, 0x0000, 0x0000,
    0x0000, 0x0000, 0x0000, 0x0000, 0x0000, 0x0000, 0x0000, 0x0000, 0x0000, 0x0000, 0x0000, 0x0000,
    0x0000, 0x0000, 0x0000, 0x0000, 0x0000, 0x0000, 0x0000, 0x0000, 0x0000, 0x0000, 0x0000, 0x0000,
    0x0000, 0x0000, 0x0000, 0x0000, 0x0000, 0x0000, 0x0000, 0x0000, 0x0000, 0x0000, 0x0000, 0x0000,
    0x0000, 0x0000, 0x0000, 0x0000, 0x0000, 0x0000, 0x0000, 0x0000, 0x0000, 0x0000, 0x0000, 0x0000,
    0x0000, 0x0000, 0x0000, 0x0000, 0x0000, 0x0000, 0x0000, 0x0000, 0x0000, 0x0000, 0x0000, 0x0000,
    0x0000, 0x0000, 0x0000, 0x0000, 0x0000, 0x0000, 0x0000, 0x0000, 0x0000, 0x0000, 0x0000, 0x0000,
    0x0000, 0x0000, 0x0000, 0x0000, 0x0000, 0x0000, 0x0000, 0x0000, 0x0000, 0x0000, 0x0000, 0x0000,
    0x0000, 0x0000, 0x0000, 0x0000, 0x0000, 0x0000, 0x0000, 0x0000, 0x0000, 0x0000, 0x0000, 0x0000,
    0x0000, 0x0000, 0x0000, 0x0000, 0x0000, 0x0000, 0x0000, 0x0000, 0x0000, 0x0000, 0x0000, 0x0000,
    0x0000, 0x0000, 0x0000, 0x0000, 0x0000, 0x0000, 0x0000, 0x0000, 0x0000, 0x0000, 0x0000, 0x0000,
    0x0000, 0x0000, 0x0000, 0x0000, 0x0000, 0x0000, 0x0000, 0x0000, 0x0000, 0x0000, 0x0000, 0x0000,
    0x0000, 0x0000, 0x0000, 0x0000, 0x0000, 0x0000, 0x0000, 0x0000, 0x0000, 0x0000, 0x0000, 0x0000,
    0x0000, 0x0000, 0x0000, 0x0000, 0x0000, 0x0000, 0x0000, 0x0000, 0x0000, 0x0000, 0x0000, 0x0000,
    0x0000, 0x0000, 0x0000, 0x0000, 0x0000, 0x0000, 0x0000, 0x0000, 0x0000, 0x0000, 0x0000, 0x0000,
    0x0000, 0x0000, 0x0000, 0x0000, 0x0000, 0x0000, 0x0000, 0x0000, 0x0000, 0x0000, 0x0000, 0x0000,
    0x0000, 0x0000, 0x0000, 0x0000, 0x0000, 0x0000, 0x0000, 0x0000, 0x0000, 0x0000, 0x0000, 0x0000,
    0x0000, 0x0000, 0x0000, 0x0000, 0x0000, 0x0000, 0x0000, 0x0000, 0x0000, 0x0000, 0x0000, 0x0000,
    0x0000, 0x0000, 0x0000, 0x0000, 0x0000, 0x0000, 0x0000, 0x0000, 0x0000, 0x0000, 0x0000, 0x0000,
    0x0000, 0x0000, 0x0000, 0x0000, 0x0000, 0x0000, 0x0000, 0x0000, 0x0000, 0x0000, 0x0000, 0x0000,
    0x0000, 0x0000, 0x0000, 0x0000, 0x0000, 0x0000, 0x0000, 0x0000, 0x0000, 0x0000, 0x0000, 0x0000,
    0x0000, 0x0000, 0x0000, 0x0000, 0x0000, 0x0000, 0x0000, 0x0000, 0x0000, 0x0000, 0x0000, 0x0000,
    0x0000, 0x0000, 0x0000, 0x0000, 0x0000, 0x0000, 0x0000, 0x0000, 0x0000, 0x0000, 0x0000, 0x0000,
    0x0000, 0x0000, 0x0000, 0x0000, 0x0000, 0x0000, 0x0000, 0x0000, 0x0000, 0x0000, 0x0000, 0x0000,
    0x0000, 0x0000, 0x0000, 0x0000, 0x0000, 0x0000, 0x0000, 0x0000, 0x0000, 0x0000, 0x0000, 0x0000,
    0x0000, 0x0000, 0x0000, 0x0000, 0x0000, 0x0000, 0x0000, 0x0000, 0x0000, 0x0000, 0x0000, 0x0000,
    0x0000, 0x0000, 0x0000, 0x0000, 0x0000, 0x0000, 0x0000, 0x0000, 0x0000, 0x0000, 0x0001, 0x0000,
    0x0000, 0x0000, 0x0001, 0x0001, 0x0001, 0x0001, 0x0001, 0x0001, 0x0001, 0x0001, 0x0001, 0x0001,
    0x0001, 0x0001, 0x0001, 0x0001, 0x0001, 0x0001, 0x0000, 0x0000, 0x0001, 0x0001, 0x0000, 0x0000,
    0x0001, 0x0000, 0x0000, 0x0000, 0x0000, 0x0000, 0x0000, 0x0000, 0x0000, 0x0000, 0x0000, 0x0000,
    0x0000, 0x0000, 0x0000, 0x0000, 0x0000, 0x0000, 0x0000, 0x0000, 0x0000, 0x0000, 0x0000, 0x0000,
    0x0000, 0x0000, 0x0000, 0x0000, 0x0000, 0x0000, 0x0000, 0x0000, 0x0000, 0x0000, 0x0000, 0x0000,
    0x0000, 0x0000, 0x0000, 0x0000, 0x0000, 0x0000, 0x0000, 0x0000, 0x0000, 0x0000, 0x0000, 0x0000,
    0x0000, 0x0000, 0x0000, 0x0000, 0x0000, 0x0000, 0x0000, 0x0000, 0x0000, 0x0000, 0x0000, 0x0000,
    0x0000, 0x0000, 0x0000, 0x0000, 0x0000, 0x0000, 0x0000, 0x0000, 0x0000, 0x0000, 0x0000, 0x0000,
    0x0000, 0x0000, 0x0000, 0x0000, 0x0000, 0x0000, 0x0000, 0x0000, 0x0000, 0x0000, 0x0000, 0x0000,
    0x0000, 0x0000, 0x0000, 0x0000, 0x0000, 0x0000, 0x0000, 0x0000, 0x0000, 0x0000, 0x0000, 0x0000,
    0x0000, 0x0000, 0x0000, 0x0000, 0x0000, 0x0000, 0x0000, 0x0000, 0x0000, 0x0000, 0x0000, 0x0000,
    0x0000, 0x0000, 0x0000, 0x0000, 0x0000, 0x0000, 0x0000, 0x0000, 0x0000, 0x0000, 0x0000, 0x0000,
    0x0000, 0x0000, 0x0000, 0x0000, 0x0000, 0x0000, 0x0000, 0x0000, 0x0000, 0x0000, 0x0000, 0x0000,
    0x0000, 0x0000, 0x0000, 0x0000, 0x0000, 0x0000, 0x0000, 0x0000, 0x0000, 0x0000, 0x0000, 0x0000,
    0x0000, 0x0000, 0x0000, 0x0000, 0x0000, 0x0000, 0x0000, 0x0000, 0x0000, 0x0000, 0x0000, 0x0000,
    0x0000, 0x0000, 0x0000, 0x0000, 0x0000, 0x0000, 0x0000, 0x0000, 0x0000, 0x0000, 0x0000, 0x0000,
    0x0000, 0x0000, 0x0000, 0x0000, 0x0000, 0x0000, 0x0000, 0x0000, 0x0000, 0x0000, 0x0000, 0x0000,
    0x0000, 0x0000, 0x0000, 0x0000, 0x0000, 0x0000, 0x0000, 0x0000, 0x0000, 0x0000, 0x0000, 0x0000,
    0x0000, 0x0000, 0x0000, 0x0000, 0x0000, 0x0000, 0x0000, 0x0000, 0x0001, 0x0000, 0x0000, 0x0001,
    0x0000, 0x0000, 0x0001, 0x0000, 0x0000, 0x0001, 0x0001, 0x0001, 0x0000, 0x0000, 0x0001, 0x0001,
    0x0000, 0x0000, 0x0001, 0x0001, 0x0001, 0x0001, 0x0001, 0x0001, 0x0001, 0x0001, 0x0001, 0x0001,
    0x0001, 0x0001, 0x0001, 0x0001, 0x0001, 0x0001, 0x0001, 0x0001, 0x0001, 0x0001, 0x0001, 0x0001,
    0x0001, 0x0001, 0x0000, 0x0000, 0x0000, 0x0000, 0x0000, 0x0000, 0x0000, 0x0000, 0x0000, 0x0000,
    0x0001, 0x0000, 0x0000, 0x0001, 0x0000, 0x0000, 0x0000, 0x0000, 0x0000, 0x0000, 0x0000, 0x0000,
    0x0000, 0x0000, 0x0000, 0x0000, 0x0000, 0x0000, 0x0000, 0x0000, 0x0000, 0x0000, 0x0000, 0x0000,
    0x0000, 0x0000, 0x0000, 0x0000, 0x0000, 0x0000, 0x0000, 0x0000, 0x0000, 0x0000, 0x0000, 0x0000,
    0x0000, 0x0000, 0x0000, 0x0000, 0x0000, 0x0000, 0x0000, 0x0000, 0x0000, 0x0000, 0x0000, 0x0000,
    0x0000, 0x0000, 0x0000, 0x0000, 0x0000, 0x0000, 0x0000, 0x0000, 0x0000, 0x0000, 0x0000, 0x0000,
    0x0000, 0x0000, 0x0000, 0x0000, 0x0000, 0x0000, 0x0000, 0x0000, 0x0000, 0x0000, 0x0000, 0x0000,
    0x0000, 0x0000, 0x0000, 0x0000, 0x0000, 0x0000, 0x0000, 0x0000, 0x0000, 0x0000, 0x0000, 0x0000,
    0x0000, 0x0000, 0x0000, 0x0000, 0x0000, 0x0000, 0x0000, 0x0000, 0x0000, 0x0000, 0x0000, 0x0000,
    0x0000, 0x0000, 0x0000, 0x0000, 0x0021, 0x0021, 0x0021, 0x0001, 0x0021, 0x0001, 0x0001, 0x0021,
    0x0021, 0x0021, 0x0021, 0x0001, 0x0021, 0x0001, 0x0021, 0x0001, 0x0021, 0x0001, 0x0001, 0x0001,
    0x0001, 0x0001, 0x0001, 0x0021, 0x0021, 0x0021, 0x0021, 0x0021, 0x0021, 0x0021, 0x0021, 0x0021,
    0x0021, 0x0021, 0x0021, 0x0021, 0x0021, 0x0021, 0x0001, 0x0000, 0x0000, 0x0000, 0x0000, 0x0000,
    0x0000, 0x0000, 0x0000, 0x0000, 0x0000, 0x0000, 0x0000, 0x0000, 0x0000, 0x0000, 0x0000, 0x0000,
    0x0000, 0x0000, 0x0000, 0x0000, 0x0000, 0x0000, 0x0000, 0x0000, 0x0000, 0x0000, 0x0000, 0x0000,
    0x0000, 0x0000, 0x0000, 0x0000, 0x0000, 0x0000, 0x0000, 0x0000, 0x0000, 0x0000, 0x0000, 0x0000,
    0x0000, 0x0000, 0x0000, 0x0000, 0x0000, 0x0000, 0x0000, 0x0000, 0x0000, 0x0042, 0x0000, 0x0001,
    0x0001, 0x0001, 0x0001, 0x0001, 0x0001, 0x0001, 0x0001, 0x0001, 0x0001, 0x0001, 0x0001, 0x0001,
    0x0001, 0x0001, 0x0001, 0x0001, 0x0001, 0x0001, 0x0021, 0x0001, 0x0022, 0x0001, 0x0001, 0x0022,
    0x0021, 0x0001, 0x0021, 0x0021, 0x0001, 0x0021, 0x0001, 0x0001, 0x0001, 0x0001, 0x0001, 0x0001,
    0x0001, 0x0001, 0x0001, 0x0001, 0x0001, 0x0001, 0x0001, 0x0001, 0x0001, 0x0001, 0x0000, 0x0001,
    0x0000, 0x0021, 0x0022, 0x0000, 0x0000, 0x0000, 0x0000, 0x0000, 0x0000, 0x0000, 0x0000, 0x0000,
    0x0000, 0x0000, 0x0000, 0x0000, 0x0000, 0x0000, 0x0000, 0x0000, 0x0000, 0x0000, 0x0000, 0x0000,
    0x0000, 0x0000, 0x0000, 0x0000, 0x0000, 0x0000, 0x0000, 0x0000, 0x0000, 0x0000, 0x0000, 0x0000,
    0x0000, 0x0000, 0x0000, 0x0000, 0x0000, 0x0000, 0x0000, 0x0000, 0x0000, 0x0000, 0x0000, 0x0000,
    0x0000, 0x0000, 0x0000, 0x0000, 0x0000, 0x0001, 0x0021, 0x0021, 0x0021, 0x0021, 0x0021, 0x0021,
    0x0021, 0x0021, 0x0001, 0x0021, 0x0021, 0x0021, 0x0021, 0x0021, 0x0021, 0x0021, 0x0001, 0x0001,
    0x0021, 0x0001, 0x0001, 0x0001, 0x0001, 0x0001, 0x0021, 0x0021, 0x0001, 0x0001, 0x0001, 0x0001,
    0x0001, 0x0001, 0x0001, 0x0001, 0x0001, 0x0001, 0x0001, 0x0001, 0x0000, 0x0000, 0x0000, 0x0000,
    0x0000, 0x0000, 0x0000, 0x0021, 0x0042, 0x0021, 0x0021, 0x0021, 0x0021, 0x0021, 0x0021, 0x0021,
    0x0021, 0x0021, 0x0021, 0x0021, 0x0021, 0x0021, 0x0021, 0x0021, 0x0021, 0x0021, 0x0021, 0x0021,
    0x0021, 0x0021, 0x0021, 0x0021, 0x0021, 0x0021, 0x0021, 0x0021, 0x0021, 0x0021, 0x0021, 0x0021,
    0x0021, 0x0021, 0x0021, 0x0021, 0x0021, 0x0021, 0x0042, 0x0001, 0x0000, 0x0000, 0x0000, 0x0000,
    0x0001, 0x0001, 0x0000, 0x0000, 0x0001, 0x0000, 0x0001, 0x0000, 0x0000, 0x0001, 0x0001, 0x0001,
    0x0000, 0x0001, 0x0001, 0x0001, 0x0001, 0x0001, 0x0001, 0x0001, 0x0001, 0x0001, 0x0021, 0x0841,
    0x0001, 0x0021, 0x0021, 0x0001, 0x0042, 0x0062, 0x0062, 0x0062, 0x0062, 0x0062, 0x0042, 0x0042,
    0x0042, 0x0042, 0x0042, 0x0042, 0x0042, 0x0042, 0x0042, 0x0042, 0x0001, 0x0063, 0x00A5, 0x0000,
    0x0001, 0x0001, 0x0001, 0x0021, 0x0021, 0x0021, 0x0022, 0x0022, 0x0022, 0x0022, 0x0042, 0x0042,
    0x0042, 0x0022, 0x0042, 0x0042, 0x0042, 0x0042, 0x0063, 0x0042, 0x0063, 0x0063, 0x0063, 0x0063,
    0x0063, 0x0043, 0x0063, 0x0063, 0x0042, 0x0043, 0x0042, 0x0042, 0x0042, 0x0042, 0x0042, 0x0042,
    0x0022, 0x0022, 0x0022, 0x0021, 0x0021, 0x0022, 0x0021, 0x0021, 0x0021, 0x0001, 0x0001, 0x0000,
    0x0021, 0x08E5, 0x0021, 0x0021, 0x0062, 0x0042, 0x0042, 0x0042, 0x0042, 0x0042, 0x0042, 0x0042,
    0x0062, 0x0062, 0x0062, 0x0062, 0x0062, 0x0062, 0x0062, 0x0041, 0x0000, 0x0021, 0x0001, 0x0021,
    0x0862, 0x0001, 0x0001, 0x0001, 0x0001, 0x0001, 0x0001, 0x0001, 0x0000, 0x0000, 0x0001, 0x0000,
    0x0000, 0x0000, 0x0000, 0x0000, 0x0000, 0x0000, 0x0000, 0x0000, 0x0000, 0x0000, 0x0000, 0x0000,
    0x0000, 0x0000, 0x0000, 0x0000, 0x0021, 0x0042, 0x0021, 0x0021, 0x0021, 0x0021, 0x0021, 0x0021,
    0x0021, 0x0021, 0x0021, 0x0021, 0x0021, 0x0021, 0x0021, 0x0021, 0x0021, 0x0021, 0x0021, 0x0021,
    0x0021, 0x0021, 0x0021, 0x0021, 0x0021, 0x0021, 0x0021, 0x0021, 0x0021, 0x0021, 0x0021, 0x0021,
    0x0021, 0x0021, 0x0021, 0x0021, 0x0021, 0x0021, 0x0021, 0x0042, 0x0001, 0x0000, 0x0000, 0x0000,
    0x0000, 0x0000, 0x0000, 0x0021, 0x0001, 0x0000, 0x0000, 0x0000, 0x0000, 0x0000, 0x0000, 0x0000,
    0x0000, 0x0000, 0x0000, 0x0000, 0x0000, 0x0000, 0x0000, 0x0000, 0x0000, 0x0000, 0x0000, 0x0000,
    0x0000, 0x0000, 0x0000, 0x0000, 0x0000, 0x0000, 0x0000, 0x0000, 0x0000, 0x0000, 0x0000, 0x0000,
    0x0000, 0x0000, 0x0000, 0x0000, 0x0000, 0x0000, 0x0001, 0x0042, 0x0001, 0x0000, 0x0001, 0x0001,
    0x0000, 0x0000, 0x0001, 0x0000, 0x0000, 0x0001, 0x0000, 0x0000, 0x0000, 0x0000, 0x0001, 0x0000,
    0x0001, 0x0000, 0x0001, 0x0001, 0x0001, 0x0001, 0x0001, 0x0001, 0x0001, 0x0000, 0x0862, 0x10A3,
    0x0021, 0x0042, 0x0841, 0x0001, 0x0926, 0x0947, 0x0946, 0x1146, 0x1146, 0x1146, 0x0926, 0x0926,
    0x0926, 0x0926, 0x0926, 0x1126, 0x1126, 0x1126, 0x0906, 0x0926, 0x0042, 0x0000, 0x0083, 0x08C5,
    0x0000, 0x0001, 0x0001, 0x0001, 0x0001, 0x0001, 0x0001, 0x0001, 0x0001, 0x0001, 0x0001, 0x0001,
    0x0001, 0x0001, 0x0021, 0x0021, 0x0001, 0x0001, 0x0022, 0x0021, 0x0042, 0x0022, 0x0022, 0x0042,
    0x0021, 0x0021, 0x0022, 0x0022, 0x0001, 0x0022, 0x0001, 0x0001, 0x0021, 0x0001, 0x0001, 0x0001,
    0x0001, 0x0001, 0x0001, 0x0001, 0x0001, 0x0001, 0x0001, 0x0001, 0x0001, 0x0001, 0x0000, 0x0021,
    0x08E5, 0x0021, 0x0000, 0x08A4, 0x1147, 0x1126, 0x1126, 0x1126, 0x1126, 0x1126, 0x1146, 0x1146,
    0x1146, 0x1146, 0x1146, 0x1146, 0x1146, 0x1126, 0x1147, 0x08E4, 0x0000, 0x0042, 0x0021, 0x0041,
    0x18C3, 0x0001, 0x0001, 0x0001, 0x0001, 0x0001, 0x0001, 0x0001, 0x0000, 0x0000, 0x0000, 0x0001,
    0x0001, 0x0000, 0x0000, 0x0001, 0x0000, 0x0000, 0x0001, 0x0000, 0x0000, 0x0000, 0x0000, 0x0000,
    0x0000, 0x0000, 0x0000, 0x0022, 0x0042, 0x0000, 0x0000, 0x0000, 0x0000, 0x0000, 0x0000, 0x0000,
    0x0000, 0x0000, 0x0000, 0x0000, 0x0000, 0x0000, 0x0000, 0x0000, 0x0000, 0x0000, 0x0000, 0x0000,
    0x0000, 0x0000, 0x0000, 0x0000, 0x0000, 0x0000, 0x0000, 0x0000, 0x0000, 0x0000, 0x0000, 0x0000,
    0x0000, 0x0000, 0x0000, 0x0000, 0x0000, 0x0000, 0x0000, 0x0021, 0x0001, 0x0000, 0x0000, 0x0000,
    0x0000, 0x0000, 0x0000, 0x0021, 0x0021, 0x0001, 0x0001, 0x0001, 0x0001, 0x0021, 0x0021, 0x0021,
    0x0021, 0x0001, 0x0001, 0x0001, 0x0001, 0x0001, 0x0001, 0x0001, 0x0001, 0x0001, 0x0001, 0x0001,
    0x0001, 0x0001, 0x0001, 0x0001, 0x0001, 0x0001, 0x0001, 0x0001, 0x0001, 0x0001, 0x0001, 0x0001,
    0x0001, 0x0001, 0x0000, 0x0001, 0x0001, 0x0001, 0x0001, 0x0001, 0x0042, 0x0021, 0x0000, 0x0001,
    0x0821, 0x18C2, 0x0000, 0x1082, 0x1061, 0x0000, 0x20C2, 0x0021, 0x0841, 0x18A2, 0x0000, 0x0001,
    0x0001, 0x0001, 0x0001, 0x0001, 0x0001, 0x0001, 0x0001, 0x0001, 0x0001, 0x0001, 0x0001, 0x0000,
    0x0000, 0x0000, 0x0000, 0x0000, 0x0000, 0x0000, 0x0000, 0x0000, 0x0000, 0x0000, 0x0000, 0x0000,
    0x0000, 0x0000, 0x0000, 0x0000, 0x0000, 0x0000, 0x0000, 0x0000, 0x0001, 0x0001, 0x0000, 0x0084,
    0x08E5, 0x0000, 0x0001, 0x0001, 0x0001, 0x0001, 0x0001, 0x0001, 0x0001, 0x0001, 0x0001, 0x0001,
    0x0001, 0x0001, 0x0021, 0x0001, 0x0001, 0x0021, 0x0022, 0x0022, 0x0063, 0x0022, 0x0021, 0x0063,
    0x0042, 0x0021, 0x0022, 0x0043, 0x0022, 0x0022, 0x0001, 0x0001, 0x0021, 0x0001, 0x0001, 0x0001,
    0x0001, 0x0001, 0x0001, 0x0001, 0x0001, 0x0001, 0x0001, 0x0001, 0x0001, 0x0000, 0x0021, 0x0906,
    0x0021, 0x0000, 0x0001, 0x0000, 0x0000, 0x0000, 0x0000, 0x0000, 0x0000, 0x0000, 0x0000, 0x0000,
    0x0000, 0x0000, 0x0000, 0x0000, 0x0000, 0x0000, 0x0000, 0x0000, 0x0000, 0x0000, 0x0001, 0x0000,
    0x0000, 0x0001, 0x0001, 0x0001, 0x0001, 0x0001, 0x0001, 0x0001, 0x0001, 0x0001, 0x0001, 0x0000,
    0x0000, 0x0021, 0x20C2, 0x0000, 0x1081, 0x18A2, 0x0000, 0x20C2, 0x0021, 0x0841, 0x20C2, 0x0000,
    0x0000, 0x0000, 0x0022, 0x0042, 0x0000, 0x0001, 0x0001, 0x0001, 0x0001, 0x0000, 0x0001, 0x0001,
    0x0001, 0x0001, 0x0001, 0x0001, 0x0000, 0x0001, 0x0000, 0x0000, 0x0000, 0x0001, 0x0001, 0x0001,
    0x0001, 0x0001, 0x0001, 0x0001, 0x0001, 0x0001, 0x0000, 0x0001, 0x0000, 0x0001, 0x0001, 0x0021,
    0x0021, 0x0021, 0x0021, 0x0001, 0x0001, 0x0001, 0x0000, 0x0021, 0x0001, 0x0000, 0x0000, 0x0000,
    0x0000, 0x0000, 0x0000, 0x0021, 0x0021, 0x0000, 0x0022, 0x0042, 0x0842, 0x0862, 0x0862, 0x0862,
    0x0042, 0x0042, 0x0042, 0x0063, 0x0042, 0x0062, 0x0042, 0x0042, 0x0042, 0x0042, 0x0042, 0x0042,
    0x0042, 0x0042, 0x0042, 0x0042, 0x0042, 0x0042, 0x0042, 0x0042, 0x0042, 0x0042, 0x0042, 0x0042,
    0x0042, 0x0042, 0x0042, 0x0001, 0x0001, 0x0000, 0x0001, 0x0000, 0x0001, 0x0042, 0x0021, 0x0000,
    0x1082, 0x5226, 0x0000, 0x3984, 0x3964, 0x0000, 0x5A46, 0x0821, 0x18A2, 0x51E5, 0x0000, 0x0021,
    0x0001, 0x0001, 0x0021, 0x0021, 0x0021, 0x0022, 0x0022, 0x0022, 0x0021, 0x0001, 0x0001, 0x0001,
    0x0001, 0x0001, 0x0001, 0x0000, 0x0001, 0x0021, 0x0001, 0x0001, 0x0001, 0x0001, 0x0001, 0x0001,
    0x0001, 0x0001, 0x0001, 0x0001, 0x0001, 0x0001, 0x0001, 0x0001, 0x0001, 0x0001, 0x0001, 0x0000,
    0x08C4, 0x08E5, 0x0000, 0x0021, 0x0021, 0x0042, 0x0022, 0x0022, 0x0022, 0x0042, 0x0042, 0x0042,
    0x0042, 0x0042, 0x0063, 0x0042, 0x0063, 0x0063, 0x0083, 0x0084, 0x00E6, 0x00A4, 0x0083, 0x00C5,
    0x00C5, 0x0084, 0x00A4, 0x00C5, 0x0084, 0x0063, 0x0043, 0x0063, 0x0042, 0x0042, 0x0042, 0x0042,
    0x0042, 0x0022, 0x0022, 0x0022, 0x0021, 0x0042, 0x0022, 0x0001, 0x0001, 0x0021, 0x1127, 0x0042,
    0x0000, 0x0001, 0x0000, 0x0001, 0x0001, 0x0001, 0x0001, 0x0001, 0x0000, 0x0000, 0x0000, 0x0000,
    0x0000, 0x0000, 0x0000, 0x0001, 0x0001, 0x0001, 0x0001, 0x0000, 0x0000, 0x0001, 0x0001, 0x0001,
    0x0001, 0x0001, 0x0001, 0x0021, 0x0022, 0x0021, 0x0021, 0x0021, 0x0021, 0x0001, 0x0001, 0x0001,
    0x0000, 0x0861, 0x5A46, 0x0000, 0x3143, 0x41A4, 0x0000, 0x5226, 0x0841, 0x1082, 0x5226, 0x0000,
    0x0000, 0x0021, 0x0042, 0x0000, 0x0000, 0x0000, 0x0001, 0x0000, 0x0001, 0x0042, 0x0042, 0x0042,
    0x0042, 0x0042, 0x0042, 0x0042, 0x0042, 0x0042, 0x0042, 0x0042, 0x0042, 0x0042, 0x0042, 0x0042,
    0x0042, 0x0042, 0x0042, 0x0042, 0x0042, 0x0042, 0x0042, 0x0042, 0x0083, 0x0042, 0x0042, 0x0842,
    0x0862, 0x1082, 0x0862, 0x0042, 0x0042, 0x0021, 0x0000, 0x0021, 0x0001, 0x0000, 0x0000, 0x0000,
    0x0000, 0x0000, 0x0000, 0x0021, 0x0021, 0x0001, 0x0001, 0x0021, 0x0841, 0x0841, 0x0000, 0x0841,
    0x0821, 0x0001, 0x0042, 0x0063, 0x0001, 0x0062, 0x0001, 0x0001, 0x0001, 0x0001, 0x0001, 0x0001,
    0x0001, 0x0001, 0x0001, 0x0001, 0x0001, 0x0001, 0x0001, 0x0001, 0x0001, 0x0001, 0x0001, 0x0001,
    0x0001, 0x0000, 0x0022, 0x0062, 0x0042, 0x0063, 0x0062, 0x0021, 0x0000, 0x0001, 0x0042, 0x0021,
    0x0000, 0x0000, 0x0001, 0x0000, 0x0000, 0x0001, 0x0000, 0x0000, 0x0000, 0x0000, 0x0001, 0x0001,
    0x0001, 0x0021, 0x0000, 0x0000, 0x0001, 0x0001, 0x0001, 0x0001, 0x0022, 0x0021, 0x0001, 0x0001,
    0x0001, 0x0000, 0x0000, 0x0001, 0x0001, 0x0000, 0x0000, 0x0000, 0x0000, 0x0001, 0x0021, 0x0021,
    0x0021, 0x0021, 0x0021, 0x0021, 0x0021, 0x0021, 0x0021, 0x0021, 0x0021, 0x0001, 0x0001, 0x0021,
    0x0000, 0x08E5, 0x0926, 0x0000, 0x0021, 0x0022, 0x0042, 0x0022, 0x0042, 0x0042, 0x0042, 0x0043,
    0x0063, 0x0042, 0x0063, 0x0063, 0x0063, 0x0083, 0x00C5, 0x00A5, 0x00C5, 0x00E6, 0x00E6, 0x0106,
    0x00E6, 0x00E6, 0x0106, 0x00E6, 0x00A4, 0x0084, 0x0063, 0x0063, 0x0063, 0x0063, 0x0042, 0x0042,
    0x0042, 0x0042, 0x0022, 0x0022, 0x0022, 0x0022, 0x0021, 0x0001, 0x0021, 0x0947, 0x0042, 0x0000,
    0x0001, 0x0001, 0x0001, 0x0021, 0x0021, 0x0021, 0x0021, 0x0021, 0x0021, 0x0021, 0x0021, 0x0021,
    0x0021, 0x0021, 0x0001, 0x0000, 0x0000, 0x0000, 0x0000, 0x0001, 0x0001, 0x0000, 0x0001, 0x0001,
    0x0001, 0x0001, 0x0022, 0x0001, 0x0001, 0x0001, 0x0001, 0x0000, 0x0000, 0x0000, 0x0001, 0x0001,
    0x0000, 0x0000, 0x0000, 0x0001, 0x0000, 0x0000, 0x0001, 0x0000, 0x0000, 0x0000, 0x0000, 0x0000,
    0x0021, 0x0042, 0x0000, 0x0001, 0x0021, 0x0862, 0x0062, 0x0042, 0x0062, 0x0021, 0x0000, 0x0001,
    0x0001, 0x0001, 0x0001, 0x0001, 0x0000, 0x0000, 0x0001, 0x0001, 0x0001, 0x0001, 0x0001, 0x0001,
    0x0001, 0x0001, 0x0001, 0x0001, 0x0001, 0x0022, 0x0022, 0x0001, 0x08A4, 0x0001, 0x0021, 0x0841,
    0x0841, 0x0800, 0x0861, 0x0821, 0x0021, 0x0001, 0x0000, 0x0021, 0x0001, 0x0000, 0x0000, 0x0000,
    0x0000, 0x0000, 0x0000, 0x0021, 0x0021, 0x0000, 0x10A3, 0x0841, 0x0821, 0x3144, 0x944D, 0x18A2,
    0x0841, 0x0021, 0x0042, 0x0063, 0x0001, 0x0042, 0x0001, 0x0001, 0x0021, 0x0001, 0x0001, 0x0001,
    0x0001, 0x0001, 0x0001, 0x0001, 0x0001, 0x0001, 0x0001, 0x0001, 0x0001, 0x0000, 0x0000, 0x0001,
    0x0000, 0x0001, 0x0000, 0x0000, 0x0001, 0x0001, 0x0862, 0x0862, 0x0042, 0x0001, 0x0001, 0x0042,
    0x0021, 0x0021, 0x0021, 0x0021, 0x0021, 0x0021, 0x0021, 0x0021, 0x0021, 0x0021, 0x0021, 0x0042,
    0x0021, 0x0001, 0x0926, 0x11A8, 0x11A9, 0x11C9, 0x11A9, 0x2B0F, 0x08E5, 0x0001, 0x0021, 0x0001,
    0x0000, 0x0083, 0x0042, 0x0001, 0x0022, 0x1107, 0x0001, 0x0000, 0x1082, 0x0021, 0x0021, 0x0021,
    0x0021, 0x0021, 0x0021, 0x0021, 0x0021, 0x0021, 0x0021, 0x0021, 0x0042, 0x0042, 0x0001, 0x0001,
    0x0001, 0x0000, 0x08E5, 0x0947, 0x0000, 0x0001, 0x0001, 0x0001, 0x0001, 0x0001, 0x0021, 0x0021,
    0x0021, 0x0021, 0x0042, 0x0042, 0x0042, 0x0043, 0x00A5, 0x0084, 0x00A5, 0x00C6, 0x0107, 0x0148,
    0x0107, 0x0107, 0x00E6, 0x0084, 0x0063, 0x0084, 0x0022, 0x0022, 0x0042, 0x0022, 0x0001, 0x0001,
    0x0001, 0x0001, 0x0001, 0x0001, 0x0001, 0x0001, 0x0000, 0x0041, 0x0967, 0x0042, 0x0000, 0x0021,
    0x0001, 0x0001, 0x0062, 0x0021, 0x0021, 0x0021, 0x0021, 0x0021, 0x0021, 0x0021, 0x0021, 0x0021,
    0x0021, 0x0021, 0x0042, 0x0841, 0x0000, 0x0063, 0x08A4, 0x0000, 0x0001, 0x0063, 0x0042, 0x0001,
    0x0001, 0x0021, 0x0021, 0x19C9, 0x228D, 0x11A9, 0x11C9, 0x11A9, 0x11C9, 0x08C4, 0x0001, 0x0021,
    0x0842, 0x0021, 0x0021, 0x0021, 0x0021, 0x0021, 0x0021, 0x0021, 0x0021, 0x0021, 0x0021, 0x0042,
    0x0042, 0x0000, 0x0021, 0x0062, 0x0062, 0x0021, 0x0000, 0x0001, 0x0000, 0x0000, 0x0001, 0x0000,
    0x0001, 0x0000, 0x0001, 0x0001, 0x0001, 0x0001, 0x0001, 0x0001, 0x0001, 0x0001, 0x0001, 0x0001,
    0x0001, 0x0001, 0x0001, 0x0021, 0x0001, 0x0022, 0x0022, 0x0001, 0x08A4, 0x0001, 0x0841, 0x0820,
    0x41C5, 0x8BEC, 0x1061, 0x0841, 0x0862, 0x0842, 0x0000, 0x0021, 0x0001, 0x0000, 0x0000, 0x0000,
    0x0000, 0x0000, 0x0000, 0x0021, 0x0021, 0x0000, 0x2105, 0x0862, 0x0821, 0x3144, 0xA4AF, 0x18A2,
    0x0841, 0x0021, 0x0042, 0x0063, 0x0001, 0x0042, 0x0001, 0x0021, 0x0021, 0x0001, 0x0001, 0x0001,
    0x0001, 0x0001, 0x0001, 0x0001, 0x0001, 0x0001, 0x0001, 0x0001, 0x0000, 0x0062, 0x08E5, 0x0000,
    0x1106, 0x0021, 0x0883, 0x08E5, 0x0000, 0x0001, 0x0001, 0x0862, 0x0041, 0x0042, 0x0001, 0x0001,
    0x0042, 0x0042, 0x0042, 0x0042, 0x0042, 0x0042, 0x0042, 0x0042, 0x0042, 0x0042, 0x0042, 0x0863,
    0x0021, 0x0021, 0x0906, 0x0967, 0x0968, 0x0988, 0x0989, 0x2ACF, 0x08E6, 0x0001, 0x0021, 0x0001,
    0x0000, 0x1167, 0x0884, 0x0000, 0x0022, 0x19EB, 0x0021, 0x0821, 0x0841, 0x0000, 0x0001, 0x0000,
    0x0000, 0x0001, 0x0000, 0x0001, 0x0001, 0x0001, 0x0001, 0x0001, 0x0001, 0x0042, 0x0883, 0x0001,
    0x0001, 0x0021, 0x0000, 0x0926, 0x0967, 0x0083, 0x00A4, 0x0084, 0x00A4, 0x00A4, 0x00A4, 0x00A4,
    0x00C4, 0x08E5, 0x08E5, 0x08E5, 0x0927, 0x0947, 0x0948, 0x0968, 0x09CA, 0x09CB, 0x126E, 0x1AF0,
    0x1AAF, 0x124E, 0x11EB, 0x0968, 0x0947, 0x0947, 0x0906, 0x0906, 0x0906, 0x08E5, 0x00C4, 0x00A4,
    0x00A4, 0x08A4, 0x08A4, 0x0084, 0x0083, 0x0083, 0x00A4, 0x0988, 0x0063, 0x0000, 0x0021, 0x0001,
    0x0021, 0x0863, 0x0021, 0x0001, 0x0001, 0x0000, 0x0000, 0x0000, 0x0000, 0x0000, 0x0000, 0x0000,
    0x0000, 0x0000, 0x0000, 0x1062, 0x0000, 0x08E5, 0x1168, 0x0000, 0x0000, 0x0906, 0x08A4, 0x0000,
    0x0001, 0x0022, 0x0021, 0x19C9, 0x226D, 0x0968, 0x1188, 0x1167, 0x1188, 0x08A4, 0x0001, 0x0021,
    0x0862, 0x0021, 0x0042, 0x0042, 0x0042, 0x0022, 0x0021, 0x0042, 0x0022, 0x0022, 0x0042, 0x0042,
    0x0000, 0x0001, 0x0042, 0x0842, 0x0042, 0x0001, 0x0000, 0x0000, 0x08E6, 0x0042, 0x0042, 0x08C4,
    0x0000, 0x08C5, 0x0021, 0x0000, 0x0001, 0x0001, 0x0001, 0x0001, 0x0001, 0x0001, 0x0001, 0x0001,
    0x0001, 0x0001, 0x0001, 0x0022, 0x0001, 0x0022, 0x0022, 0x0021, 0x08C4, 0x0001, 0x0841, 0x0820,
    0x4A06, 0x9C6E, 0x1061, 0x0841, 0x1083, 0x0883, 0x0000, 0x0022, 0x0001, 0x0000, 0x0000, 0x0000,
    0x0000, 0x0000, 0x0000, 0x0021, 0x0021, 0x0001, 0x0001, 0x0021, 0x0841, 0x0820, 0x0820, 0x1061,
    0x0841, 0x0021, 0x0042, 0x0083, 0x0001, 0x0042, 0x0001, 0x0021, 0x0022, 0x0001, 0x0001, 0x0001,
    0x0001, 0x0001, 0x0001, 0x0001, 0x0001, 0x0001, 0x0001, 0x0001, 0x0000, 0x0021, 0x0042, 0x0001,
    0x0042, 0x0001, 0x0021, 0x0042, 0x0041, 0x0001, 0x0000, 0x0000, 0x0862, 0x0883, 0x0042, 0x0001,
    0x0001, 0x0001, 0x0001, 0x0000, 0x0000, 0x0001, 0x0000, 0x0001, 0x0001, 0x0001, 0x0001, 0x0000,
    0x0001, 0x0021, 0x0000, 0x0000, 0x0000, 0x0001, 0x0001, 0x0001, 0x0022, 0x0022, 0x0021, 0x0001,
    0x0862, 0x0021, 0x0001, 0x0001, 0x0000, 0x0000, 0x0000, 0x0001, 0x0000, 0x0000, 0x0001, 0x0001,
    0x0001, 0x0001, 0x0001, 0x0001, 0x0001, 0x0001, 0x0001, 0x0001, 0x0001, 0x0000, 0x0842, 0x1083,
    0x0001, 0x0001, 0x0021, 0x0000, 0x00A4, 0x00A4, 0x08A4, 0x08A4, 0x08A4, 0x00A4, 0x08C5, 0x08C4,
    0x08C5, 0x08E5, 0x0906, 0x0906, 0x0947, 0x0948, 0x0948, 0x0989, 0x122C, 0x120C, 0x1311, 0x4518,
    0x2C97, 0x12F0, 0x122D, 0x120B, 0x0968, 0x0947, 0x0947, 0x0927, 0x0906, 0x08E5, 0x08C5, 0x08C5,
    0x08C4, 0x08C4, 0x08A4, 0x00A4, 0x00A4, 0x00A4, 0x00C4, 0x0042, 0x0000, 0x0021, 0x0001, 0x0041,
    0x18A3, 0x0021, 0x0001, 0x0001, 0x0001, 0x0001, 0x0001, 0x0000, 0x0000, 0x0000, 0x0000, 0x0000,
    0x0001, 0x0000, 0x0000, 0x0000, 0x0001, 0x0000, 0x0001, 0x0022, 0x0001, 0x0000, 0x0042, 0x0021,
    0x0001, 0x0021, 0x0022, 0x0001, 0x0001, 0x0001, 0x0000, 0x0000, 0x0000, 0x0001, 0x0001, 0x0001,
    0x0000, 0x0001, 0x0000, 0x0001, 0x0000, 0x0001, 0x0000, 0x0000, 0x0000, 0x0001, 0x0001, 0x0000,
    0x0021, 0x0063, 0x0862, 0x0042, 0x0000, 0x0000, 0x0021, 0x0041, 0x0042, 0x0021, 0x0021, 0x0042,
    0x0001, 0x0042, 0x0001, 0x0001, 0x0001, 0x0001, 0x0001, 0x0001, 0x0001, 0x0001, 0x0001, 0x0001,
    0x0001, 0x0001, 0x0001, 0x0042, 0x0001, 0x0022, 0x0042, 0x0021, 0x08C4, 0x0001, 0x0021, 0x0841,
    0x1082, 0x0820, 0x0841, 0x0821, 0x0021, 0x0001, 0x0001, 0x0022, 0x0001, 0x0000, 0x0000, 0x0000,
    0x0000, 0x0000, 0x0000, 0x0021, 0x0022, 0x0001, 0x0842, 0x0021, 0x0021, 0x0021, 0x1904, 0x1083,
    0x0021, 0x0021, 0x0042, 0x00A4, 0x0001, 0x0063, 0x0021, 0x0022, 0x0042, 0x0001, 0x0021, 0x0001,
    0x0001, 0x0001, 0x0001, 0x0001, 0x0001, 0x0001, 0x0001, 0x0001, 0x0001, 0x0001, 0x0021, 0x0001,
    0x0042, 0x0001, 0x0021, 0x0021, 0x0021, 0x0863, 0x0021, 0x0001, 0x0001, 0x0862, 0x0042, 0x0063,
    0x0021, 0x0021, 0x0001, 0x0001, 0x0001, 0x0001, 0x0021, 0x0021, 0x0001, 0x0001, 0x0021, 0x0021,
    0x0021, 0x0021, 0x0021, 0x0021, 0x0021, 0x0022, 0x0022, 0x0042, 0x0021, 0x0021, 0x0001, 0x0062,
    0x0042, 0x0000, 0x0001, 0x0001, 0x0022, 0x0021, 0x0000, 0x0000, 0x0001, 0x0001, 0x0001, 0x0001,
    0x0001, 0x0001, 0x0001, 0x0001, 0x0001, 0x0001, 0x0001, 0x0001, 0x0001, 0x0001, 0x0001, 0x0842,
    0x0883, 0x0001, 0x0021, 0x0021, 0x0001, 0x0001, 0x0021, 0x0001, 0x0021, 0x0021, 0x0021, 0x0022,
    0x0042, 0x0042, 0x0063, 0x0063, 0x0084, 0x0084, 0x00A5, 0x00E6, 0x0969, 0x09AB, 0x0A90, 0x4579,
    0x34F8, 0x0A4E, 0x0969, 0x0128, 0x00C6, 0x00A4, 0x0084, 0x0063, 0x0042, 0x0022, 0x0021, 0x0001,
    0x0021, 0x0001, 0x0001, 0x0001, 0x0001, 0x0001, 0x0001, 0x0001, 0x0021, 0x0001, 0x0021, 0x10A3,
    0x0021, 0x0001, 0x0021, 0x0001, 0x0001, 0x0001, 0x0001, 0x0000, 0x0000, 0x0000, 0x0000, 0x0000,
    0x0001, 0x0001, 0x0001, 0x0001, 0x0000, 0x0000, 0x0001, 0x0883, 0x0001, 0x0001, 0x0000, 0x0042,
    0x0021, 0x0001, 0x0021, 0x0021, 0x0022, 0x0022, 0x0021, 0x0021, 0x0021, 0x0001, 0x0021, 0x0021,
    0x0021, 0x0021, 0x0001, 0x0001, 0x0021, 0x0001, 0x0001, 0x0001, 0x0021, 0x0001, 0x0001, 0x0022,
    0x0063, 0x0021, 0x0042, 0x0001, 0x0001, 0x0021, 0x0862, 0x0021, 0x0021, 0x0021, 0x0001, 0x0021,
    0x0001, 0x0021, 0x0000, 0x0000, 0x0001, 0x0000, 0x0001, 0x0001, 0x0001, 0x0001, 0x0001, 0x0001,
    0x0001, 0x0001, 0x0001, 0x0042, 0x0001, 0x0042, 0x0042, 0x0022, 0x08E5, 0x0021, 0x0021, 0x0001,
    0x18E4, 0x18C3, 0x0021, 0x0021, 0x0021, 0x0021, 0x0001, 0x0042, 0x0001, 0x0000, 0x0000, 0x0000,
    0x0000, 0x0000, 0x0001, 0x0021, 0x0022, 0x0001, 0x1106, 0x0041, 0x0021, 0x0021, 0x0883, 0x0042,
    0x0021, 0x0021, 0x0063, 0x08A4, 0x0001, 0x0063, 0x0021, 0x0042, 0x0042, 0x0001, 0x0021, 0x0021,
    0x0021, 0x0021, 0x0001, 0x0927, 0x0063, 0x0042, 0x1147, 0x0001, 0x08E5, 0x0062, 0x08A4, 0x0001,
    0x10E5, 0x0021, 0x08A4, 0x08C4, 0x0041, 0x1126, 0x1082, 0x0042, 0x0042, 0x0042, 0x0042, 0x0042,
    0x0063, 0x0042, 0x0042, 0x0042, 0x0042, 0x0042, 0x0042, 0x0042, 0x0042, 0x0042, 0x0042, 0x0042,
    0x0042, 0x0842, 0x0001, 0x0021, 0x0021, 0x0021, 0x0021, 0x0021, 0x0021, 0x0001, 0x0062, 0x0042,
    0x0000, 0x0042, 0x0042, 0x0883, 0x0863, 0x0841, 0x1105, 0x0001, 0x08A4, 0x1127, 0x0000, 0x0001,
    0x0001, 0x0001, 0x0001, 0x0001, 0x0001, 0x0001, 0x0001, 0x0001, 0x0001, 0x0021, 0x0021, 0x0001,
    0x0842, 0x0883, 0x0022, 0x0021, 0x0022, 0x0042, 0x0042, 0x0042, 0x0042, 0x0042, 0x0062, 0x0063,
    0x0083, 0x0083, 0x00A4, 0x00A4, 0x00A4, 0x00C4, 0x00E6, 0x0906, 0x0948, 0x11CB, 0x0A0C, 0x2331,
    0x1AF1, 0x09EC, 0x0948, 0x0906, 0x0907, 0x0906, 0x00A4, 0x00A4, 0x00A4, 0x0063, 0x0062, 0x0062,
    0x0042, 0x0042, 0x0042, 0x0042, 0x0042, 0x0042, 0x0022, 0x0021, 0x0021, 0x0042, 0x10A3, 0x0021,
    0x0021, 0x0021, 0x0021, 0x0001, 0x0001, 0x0001, 0x0001, 0x0001, 0x0001, 0x0000, 0x0000, 0x0001,
    0x0000, 0x0042, 0x1127, 0x0000, 0x0883, 0x10E5, 0x0021, 0x08A4, 0x0062, 0x0042, 0x0022, 0x0000,
    0x0062, 0x0021, 0x0001, 0x0021, 0x0021, 0x0021, 0x0021, 0x0001, 0x0001, 0x0021, 0x0862, 0x0042,
    0x0042, 0x0042, 0x0042, 0x0042, 0x0042, 0x0042, 0x0042, 0x0042, 0x0042, 0x0042, 0x0042, 0x0063,
    0x0042, 0x0021, 0x0042, 0x0022, 0x0862, 0x18E3, 0x08E5, 0x0001, 0x10E5, 0x0883, 0x0863, 0x10C4,
    0x0001, 0x08C4, 0x0062, 0x08E5, 0x0021, 0x1127, 0x0000, 0x08A4, 0x08A4, 0x0000, 0x0021, 0x0001,
    0x0001, 0x0001, 0x0021, 0x0062, 0x0021, 0x0042, 0x0042, 0x0022, 0x0906, 0x0021, 0x0021, 0x0001,
    0x10C3, 0x1082, 0x0021, 0x0001, 0x08A3, 0x08C4, 0x0000, 0x0042, 0x0001, 0x0001, 0x0000, 0x0000,
    0x0000, 0x0000, 0x0001, 0x0001, 0x0001, 0x0001, 0x0042, 0x0021, 0x0022, 0x0001, 0x08C4, 0x0883,
    0x0021, 0x0021, 0x0083, 0x08C5, 0x0001, 0x0063, 0x0021, 0x0042, 0x0063, 0x0021, 0x0021, 0x0021,
    0x0021, 0x0022, 0x0001, 0x0043, 0x0022, 0x0001, 0x0063, 0x0001, 0x0883, 0x0042, 0x00A3, 0x0000,
    0x0083, 0x0001, 0x0063, 0x0063, 0x0001, 0x0022, 0x0001, 0x0001, 0x0001, 0x0001, 0x0000, 0x0000,
    0x0000, 0x0000, 0x0000, 0x0000, 0x0000, 0x0000, 0x0000, 0x0000, 0x0000, 0x0000, 0x0000, 0x0000,
    0x0000, 0x0000, 0x0001, 0x0001, 0x0001, 0x0001, 0x0001, 0x0001, 0x0001, 0x0862, 0x0042, 0x0000,
    0x0042, 0x0043, 0x0001, 0x0000, 0x0000, 0x0001, 0x0022, 0x0001, 0x0021, 0x0042, 0x0001, 0x0001,
    0x0001, 0x0001, 0x0001, 0x0001, 0x0001, 0x0001, 0x0001, 0x0001, 0x0001, 0x0001, 0x0001, 0x0001,
    0x0001, 0x0842, 0x18A3, 0x0001, 0x0001, 0x0021, 0x0021, 0x0021, 0x0021, 0x0021, 0x0022, 0x0042,
    0x0042, 0x0042, 0x0063, 0x0062, 0x0063, 0x0083, 0x0083, 0x00A4, 0x0906, 0x0927, 0x0948, 0x11CA,
    0x0989, 0x0927, 0x0906, 0x00A4, 0x00A4, 0x00A4, 0x0083, 0x0063, 0x0062, 0x0042, 0x0042, 0x0042,
    0x0022, 0x0021, 0x0021, 0x0021, 0x0001, 0x0001, 0x0001, 0x0001, 0x0021, 0x18A3, 0x0021, 0x0001,
    0x0001, 0x0001, 0x0001, 0x0001, 0x0001, 0x0001, 0x0001, 0x0001, 0x0001, 0x0001, 0x0001, 0x0001,
    0x0000, 0x0001, 0x0021, 0x0000, 0x0021, 0x0022, 0x0001, 0x0000, 0x0000, 0x0001, 0x0063, 0x0021,
    0x0000, 0x0883, 0x0021, 0x0000, 0x0001, 0x0001, 0x0001, 0x0001, 0x0001, 0x0001, 0x0000, 0x0000,
    0x0000, 0x0000, 0x0000, 0x0000, 0x0000, 0x0000, 0x0000, 0x0000, 0x0000, 0x0000, 0x0000, 0x0000,
    0x0000, 0x0001, 0x0001, 0x0001, 0x0001, 0x0000, 0x0063, 0x0001, 0x0884, 0x0021, 0x0021, 0x0042,
    0x0001, 0x08C4, 0x0042, 0x0063, 0x0001, 0x0084, 0x0001, 0x0022, 0x0021, 0x0021, 0x0021, 0x0021,
    0x0021, 0x0021, 0x0021, 0x0063, 0x0021, 0x0042, 0x0043, 0x0042, 0x0926, 0x0021, 0x0022, 0x0001,
    0x10C4, 0x0883, 0x0001, 0x0021, 0x0022, 0x0022, 0x0001, 0x0001, 0x0001, 0x0001, 0x0000, 0x0000,
    0x0000, 0x0000, 0x0001, 0x0001, 0x0021, 0x0021, 0x0063, 0x0042, 0x0042, 0x0001, 0x08E5, 0x0883,
    0x0022, 0x0022, 0x0083, 0x08E5, 0x0021, 0x0083, 0x0022, 0x0042, 0x0063, 0x0021, 0x0021, 0x0021,
    0x0021, 0x0000, 0x0063, 0x08A4, 0x0042, 0x0083, 0x08A4, 0x08C5, 0x0000, 0x0021, 0x0001, 0x0021,
    0x0001, 0x0021, 0x0001, 0x0001, 0x0001, 0x0001, 0x0001, 0x0001, 0x0001, 0x0001, 0x0042, 0x0062,
    0x0042, 0x0042, 0x0042, 0x0042, 0x0062, 0x0062, 0x0862, 0x18E3, 0x1082, 0x1082, 0x1082, 0x1082,
    0x1082, 0x1082, 0x1082, 0x1082, 0x1082, 0x1082, 0x1082, 0x1062, 0x2103, 0x10A2, 0x0000, 0x0042,
    0x0042, 0x0001, 0x0001, 0x0000, 0x0000, 0x0001, 0x0001, 0x0001, 0x0000, 0x0000, 0x0001, 0x0000,
    0x0000, 0x0001, 0x0000, 0x0000, 0x0001, 0x0000, 0x0001, 0x0001, 0x0001, 0x0001, 0x0001, 0x0001,
    0x0001, 0x0001, 0x0862, 0x18C2, 0x0001, 0x0001, 0x0021, 0x0021, 0x0021, 0x0021, 0x0021, 0x0021,
    0x0021, 0x0021, 0x0042, 0x0021, 0x0042, 0x0042, 0x0042, 0x0063, 0x0083, 0x0063, 0x08A4, 0x00A4,
    0x0083, 0x0083, 0x0083, 0x0063, 0x0042, 0x0042, 0x0022, 0x0021, 0x0021, 0x0021, 0x0021, 0x0021,
    0x0021, 0x0021, 0x0001, 0x0001, 0x0001, 0x0021, 0x0001, 0x0821, 0x18C2, 0x0021, 0x0001, 0x0001,
    0x0001, 0x0001, 0x0001, 0x0001, 0x0001, 0x0000, 0x0000, 0x0001, 0x0000, 0x0000, 0x0000, 0x0000,
    0x0001, 0x0000, 0x0000, 0x0000, 0x0000, 0x0000, 0x0001, 0x0000, 0x0001, 0x0001, 0x0001, 0x0042,
    0x0021, 0x0000, 0x3164, 0x20E3, 0x1062, 0x1082, 0x1082, 0x1082, 0x1082, 0x1082, 0x1082, 0x1082,
    0x1082, 0x1082, 0x1082, 0x1082, 0x18E3, 0x0042, 0x0862, 0x0042, 0x0042, 0x0042, 0x0042, 0x0042,
    0x0042, 0x0021, 0x0001, 0x0001, 0x0001, 0x0001, 0x0000, 0x0001, 0x0001, 0x0001, 0x0001, 0x0001,
    0x0021, 0x0001, 0x0001, 0x0001, 0x1147, 0x0884, 0x00A4, 0x0042, 0x0906, 0x0021, 0x0000, 0x0021,
    0x0021, 0x0021, 0x0021, 0x0083, 0x0022, 0x0042, 0x0063, 0x0042, 0x0947, 0x0022, 0x0042, 0x0021,
    0x10C4, 0x0883, 0x0021, 0x0022, 0x0042, 0x0042, 0x0001, 0x0021, 0x0001, 0x0001, 0x0000, 0x0000,
    0x0000, 0x0000, 0x0001, 0x0021, 0x0022, 0x0022, 0x0084, 0x0063, 0x0042, 0x0022, 0x08E5, 0x0084,
    0x0042, 0x0042, 0x00A4, 0x0926, 0x0022, 0x0084, 0x0022, 0x0063, 0x0084, 0x0021, 0x0042, 0x0021,
    0x0063, 0x0927, 0x0042, 0x0947, 0x0083, 0x0084, 0x08E6, 0x0042, 0x00A4, 0x0042, 0x0021, 0x0021,
    0x0021, 0x0021, 0x0021, 0x0021, 0x0001, 0x0001, 0x0001, 0x0001, 0x0001, 0x0042, 0x0042, 0x0021,
    0x0022, 0x0022, 0x0042, 0x0042, 0x0042, 0x0041, 0x2924, 0x18C3, 0x0841, 0x0842, 0x0842, 0x0842,
    0x0842, 0x0842, 0x0841, 0x0841, 0x0841, 0x0841, 0x0841, 0x0862, 0x0862, 0x0000, 0x0022, 0x0063,
    0x0001, 0x0001, 0x0000, 0x08C4, 0x0063, 0x0000, 0x08E5, 0x0022, 0x0022, 0x08C5, 0x0000, 0x08A4,
    0x08A4, 0x0000, 0x0906, 0x0083, 0x0000, 0x0906, 0x0042, 0x0001, 0x0021, 0x0021, 0x0021, 0x0021,
    0x0021, 0x0022, 0x0021, 0x1082, 0x20E3, 0x0041, 0x0042, 0x0041, 0x0041, 0x0041, 0x0041, 0x0041,
    0x0041, 0x0041, 0x0042, 0x0041, 0x0042, 0x0042, 0x0062, 0x0062, 0x0862, 0x0862, 0x0862, 0x18E3,
    0x10A2, 0x0862, 0x0883, 0x0883, 0x0862, 0x0841, 0x0021, 0x0041, 0x0041, 0x0041, 0x0041, 0x0041,
    0x0041, 0x0041, 0x0021, 0x0021, 0x0041, 0x0021, 0x0862, 0x2103, 0x0041, 0x0021, 0x0021, 0x0021,
    0x0021, 0x0021, 0x0021, 0x0021, 0x0000, 0x08C5, 0x08A4, 0x0000, 0x0906, 0x0063, 0x0000, 0x0906,
    0x0000, 0x0042, 0x08C5, 0x0000, 0x08A4, 0x0083, 0x0000, 0x08C5, 0x0042, 0x0000, 0x0001, 0x0001,
    0x0062, 0x0001, 0x0021, 0x1082, 0x0862, 0x0842, 0x0862, 0x0842, 0x0841, 0x0841, 0x0841, 0x0841,
    0x0841, 0x0841, 0x0841, 0x0841, 0x2944, 0x18E3, 0x0021, 0x0021, 0x0021, 0x0021, 0x0021, 0x0021,
    0x0021, 0x0062, 0x0021, 0x0001, 0x0001, 0x0001, 0x0001, 0x0001, 0x0021, 0x0021, 0x0021, 0x0021,
    0x0021, 0x0021, 0x0063, 0x08A4, 0x0084, 0x0927, 0x0063, 0x08E5, 0x08E6, 0x0042, 0x0926, 0x0021,
    0x0042, 0x0042, 0x0042, 0x00A4, 0x0022, 0x0063, 0x0083, 0x0063, 0x1167, 0x0042, 0x0042, 0x0022,
    0x1106, 0x08A4, 0x0022, 0x0042, 0x0063, 0x0063, 0x0022, 0x0021, 0x0001, 0x0001, 0x0000, 0x0000,
    0x0000, 0x0000, 0x0001, 0x0021, 0x0042, 0x0063, 0x0064, 0x0063, 0x0063, 0x0042, 0x08E6, 0x00A5,
    0x0042, 0x0042, 0x00C4, 0x0947, 0x0022, 0x00A4, 0x0022, 0x0084, 0x00A4, 0x0021, 0x0042, 0x0021,
    0x00A4, 0x1A4C, 0x0000, 0x11CA, 0x00A4, 0x00A4, 0x11A9, 0x0001, 0x0928, 0x0042, 0x0021, 0x0021,
    0x0021, 0x0021, 0x0021, 0x0021, 0x0021, 0x0021, 0x0021, 0x0001, 0x0042, 0x0042, 0x0001, 0x0001,
    0x0001, 0x0001, 0x0001, 0x0001, 0x0000, 0x18C3, 0x0862, 0x0000, 0x0001, 0x0001, 0x0001, 0x0001,
    0x0001, 0x0001, 0x0001, 0x0001, 0x0001, 0x0001, 0x0042, 0x0042, 0x0000, 0x0022, 0x0042, 0x0001,
    0x0001, 0x0001, 0x0001, 0x0063, 0x0022, 0x0000, 0x0062, 0x0001, 0x0022, 0x0064, 0x0000, 0x0041,
    0x0042, 0x0001, 0x0084, 0x0043, 0x0000, 0x0063, 0x0021, 0x0001, 0x0021, 0x0021, 0x0021, 0x0021,
    0x0021, 0x0021, 0x0021, 0x0001, 0x1082, 0x18C3, 0x18A2, 0x18A2, 0x18A2, 0x18A2, 0x18A2, 0x18A2,
    0x10A2, 0x10A2, 0x10A2, 0x10A2, 0x1082, 0x10A2, 0x18A2, 0x1082, 0x10A2, 0x18A2, 0x1061, 0x5267,
    0x39A5, 0x18A2, 0x18E3, 0x18A2, 0x1082, 0x1082, 0x1082, 0x1082, 0x1082, 0x1082, 0x10A2, 0x10A2,
    0x18A2, 0x18A2, 0x18A2, 0x10A2, 0x18A2, 0x10A2, 0x18C3, 0x0841, 0x0001, 0x0021, 0x0021, 0x0021,
    0x0021, 0x0021, 0x0001, 0x0001, 0x0001, 0x0062, 0x0042, 0x0000, 0x0084, 0x0042, 0x0000, 0x0063,
    0x0000, 0x0021, 0x0063, 0x0001, 0x0042, 0x0042, 0x0000, 0x0042, 0x0021, 0x0001, 0x0001, 0x0001,
    0x0001, 0x0042, 0x0001, 0x0000, 0x0062, 0x0042, 0x0001, 0x0001, 0x0001, 0x0000, 0x0001, 0x0001,
    0x0001, 0x0001, 0x0001, 0x0001, 0x0001, 0x18C2, 0x1061, 0x0000, 0x0001, 0x0001, 0x0001, 0x0001,
    0x0001, 0x0001, 0x0063, 0x0021, 0x0001, 0x0001, 0x0001, 0x0001, 0x0001, 0x0021, 0x0021, 0x0021,
    0x0021, 0x0001, 0x00A4, 0x0926, 0x0042, 0x1A2B, 0x0001, 0x0989, 0x0927, 0x0042, 0x120B, 0x0021,
    0x0042, 0x0042, 0x0042, 0x00C5, 0x0042, 0x0063, 0x0084, 0x0063, 0x11A8, 0x0042, 0x0063, 0x0042,
    0x08E5, 0x08A4, 0x0042, 0x0063, 0x0064, 0x0043, 0x0042, 0x0022, 0x0001, 0x0001, 0x0000, 0x0000,
    0x0000, 0x0001, 0x0001, 0x0022, 0x0042, 0x0085, 0x4D18, 0x11EA, 0x0043, 0x0084, 0x00C6, 0x00A6,
    0x0084, 0x0063, 0x08E5, 0x0968, 0x0042, 0x00A4, 0x0042, 0x00A4, 0x00C5, 0x0022, 0x0042, 0x0042,
    0x0022, 0x0001, 0x0042, 0x0021, 0x0022, 0x0021, 0x0021, 0x0063, 0x0001, 0x0021, 0x0021, 0x0021,
    0x0021, 0x0021, 0x0021, 0x0021, 0x0021, 0x0021, 0x0001, 0x0042, 0x0063, 0x0001, 0x0021, 0x0021,
    0x0021, 0x0021, 0x0021, 0x0001, 0x18E3, 0x0862, 0x0001, 0x0021, 0x0021, 0x0021, 0x0021, 0x0021,
    0x0021, 0x0841, 0x10A2, 0x0883, 0x0062, 0x0042, 0x0022, 0x0000, 0x0042, 0x0042, 0x0001, 0x0001,
    0x0001, 0x0001, 0x0001, 0x0000, 0x0000, 0x0001, 0x0000, 0x0001, 0x0001, 0x0000, 0x0001, 0x0000,
    0x0000, 0x0002, 0x0000, 0x0000, 0x0001, 0x0000, 0x0001, 0x0001, 0x0001, 0x0001, 0x0001, 0x0001,
    0x0001, 0x0001, 0x0021, 0x0021, 0x0001, 0x0001, 0x0021, 0x0021, 0x0021, 0x0021, 0x0021, 0x0021,
    0x0021, 0x0001, 0x1082, 0x0862, 0x1082, 0x1082, 0x10A2, 0x10A2, 0x0861, 0x20E3, 0x0021, 0x3143,
    0x18C3, 0x18C3, 0x20E3, 0x10A2, 0x0861, 0x20E3, 0x0841, 0x1082, 0x0882, 0x0862, 0x0021, 0x0021,
    0x0021, 0x0021, 0x0021, 0x0001, 0x0001, 0x0021, 0x0001, 0x0001, 0x0021, 0x0021, 0x0001, 0x0001,
    0x0001, 0x0001, 0x0001, 0x0001, 0x0001, 0x0000, 0x0000, 0x0001, 0x0000, 0x0000, 0x0001, 0x0000,
    0x0001, 0x0001, 0x0000, 0x0001, 0x0000, 0x0000, 0x0001, 0x0000, 0x0000, 0x0001, 0x0001, 0x0001,
    0x0001, 0x0001, 0x0042, 0x0021, 0x0001, 0x0062, 0x0063, 0x0042, 0x10C3, 0x10C4, 0x0021, 0x0021,
    0x0021, 0x0001, 0x0021, 0x0021, 0x0021, 0x0001, 0x18C3, 0x1082, 0x0001, 0x0021, 0x0001, 0x0001,
    0x0001, 0x0001, 0x0001, 0x0063, 0x0021, 0x0001, 0x0001, 0x0001, 0x0021, 0x0021, 0x0021, 0x0021,
    0x0021, 0x0021, 0x0021, 0x0021, 0x0063, 0x0000, 0x0042, 0x0021, 0x0042, 0x0042, 0x0001, 0x0042,
    0x0042, 0x0042, 0x0042, 0x00E6, 0x0042, 0x0063, 0x0084, 0x0084, 0x11C9, 0x0063, 0x0084, 0x0063,
    0x08E6, 0x00A5, 0x0084, 0x0022, 0x2B51, 0x3392, 0x0002, 0x0042, 0x0021, 0x0001, 0x0000, 0x0000,
    0x0000, 0x0001, 0x0001, 0x0022, 0x0042, 0x0084, 0x2B71, 0x1189, 0x00A5, 0x00C7, 0x124E, 0x11EC,
    0x00C6, 0x00A4, 0x0106, 0x09A9, 0x0063, 0x00C5, 0x0042, 0x00A4, 0x08E5, 0x0042, 0x0062, 0x0042,
    0x0042, 0x0042, 0x0042, 0x0083, 0x0042, 0x0042, 0x0063, 0x0063, 0x0042, 0x0042, 0x0084, 0x0083,
    0x0063, 0x0063, 0x0063, 0x0063, 0x0063, 0x0063, 0x0063, 0x0883, 0x0042, 0x0042, 0x0042, 0x0042,
    0x0042, 0x0042, 0x0042, 0x1905, 0x10A3, 0x0021, 0x0042, 0x0063, 0x0063, 0x0063, 0x0063, 0x0042,
    0x0863, 0x10C4, 0x0862, 0x0022, 0x0021, 0x0001, 0x0000, 0x0042, 0x0042, 0x0001, 0x0001, 0x0001,
    0x0001, 0x0001, 0x0000, 0x08A5, 0x0063, 0x0000, 0x08E6, 0x0022, 0x0022, 0x08C5, 0x0000, 0x08A4,
    0x08C5, 0x0000, 0x08E5, 0x0062, 0x0000, 0x08E6, 0x0022, 0x0001, 0x0021, 0x0021, 0x0021, 0x0021,
    0x0021, 0x0021, 0x0021, 0x0021, 0x0021, 0x0021, 0x0042, 0x0042, 0x0021, 0x0021, 0x0041, 0x0041,
    0x0042, 0x0041, 0x0042, 0x0041, 0x0042, 0x0042, 0x0042, 0x0041, 0x0041, 0x0841, 0x0041, 0x10A3,
    0x0882, 0x0041, 0x0841, 0x0042, 0x0041, 0x0841, 0x0042, 0x0042, 0x0042, 0x0042, 0x0041, 0x0021,
    0x0021, 0x0021, 0x0021, 0x0021, 0x0042, 0x0042, 0x0021, 0x0021, 0x0021, 0x0021, 0x0021, 0x0021,
    0x0021, 0x0001, 0x0001, 0x0021, 0x0000, 0x08A4, 0x08A4, 0x0000, 0x08C5, 0x0042, 0x0001, 0x0907,
    0x0001, 0x0042, 0x08A4, 0x0000, 0x08C5, 0x08A4, 0x0000, 0x08E6, 0x0042, 0x0000, 0x0001, 0x0001,
    0x0001, 0x0001, 0x0001, 0x0062, 0x0021, 0x0000, 0x0001, 0x0021, 0x0021, 0x10A3, 0x08C4, 0x0063,
    0x0062, 0x0063, 0x0043, 0x0062, 0x0042, 0x0022, 0x0022, 0x2124, 0x10A3, 0x0021, 0x0042, 0x0042,
    0x0042, 0x0042, 0x0042, 0x0042, 0x0883, 0x0063, 0x0063, 0x0063, 0x0063, 0x0063, 0x0063, 0x0063,
    0x0083, 0x0084, 0x0022, 0x0042, 0x0083, 0x0042, 0x0042, 0x0042, 0x0883, 0x0042, 0x0062, 0x0042,
    0x0042, 0x0042, 0x0042, 0x0927, 0x0063, 0x0083, 0x00A4, 0x00A4, 0x120B, 0x0084, 0x00C5, 0x00E7,
    0x1A6E, 0x098A, 0x00C6, 0x0064, 0x1A2C, 0x224C, 0x0022, 0x0042, 0x0001, 0x0001, 0x0000, 0x0000,
    0x0000, 0x0001, 0x0001, 0x0021, 0x0042, 0x0063, 0x0002, 0x0064, 0x00C6, 0x00E9, 0x76BC, 0x5D99,
    0x00C8, 0x00C5, 0x0927, 0x11CA, 0x0084, 0x00E5, 0x0063, 0x00C5, 0x08E6, 0x0042, 0x0063, 0x0062,
    0x0062, 0x0042, 0x0042, 0x0063, 0x0042, 0x0042, 0x0063, 0x0063, 0x0021, 0x0063, 0x0083, 0x0021,
    0x0022, 0x0021, 0x0021, 0x0021, 0x0021, 0x0021, 0x0021, 0x0001, 0x0001, 0x0001, 0x0001, 0x0001,
    0x0001, 0x0001, 0x08C4, 0x0883, 0x0001, 0x0021, 0x0042, 0x0022, 0x0021, 0x0021, 0x0000, 0x0041,
    0x0862, 0x0001, 0x0001, 0x0021, 0x0021, 0x0021, 0x0863, 0x0042, 0x0001, 0x0001, 0x0001, 0x0001,
    0x0001, 0x0001, 0x0000, 0x0063, 0x0021, 0x0000, 0x0084, 0x0022, 0x0021, 0x0063, 0x0001, 0x0063,
    0x0063, 0x0000, 0x0084, 0x0042, 0x0001, 0x0084, 0x0021, 0x0001, 0x0021, 0x0021, 0x0021, 0x0021,
    0x0022, 0x0022, 0x0042, 0x0042, 0x0042, 0x0042, 0x0042, 0x0062, 0x0062, 0x0042, 0x0042, 0x0042,
    0x0042, 0x0042, 0x0042, 0x0042, 0x0041, 0x0041, 0x0042, 0x0042, 0x0042, 0x0042, 0x0042, 0x0042,
    0x0042, 0x0041, 0x0041, 0x0042, 0x0042, 0x0042, 0x0042, 0x0042, 0x0041, 0x0041, 0x0041, 0x0041,
    0x0042, 0x0042, 0x0042, 0x0062, 0x0042, 0x0042, 0x0042, 0x0042, 0x0042, 0x0042, 0x0021, 0x0021,
    0x0021, 0x0021, 0x0021, 0x0021, 0x0001, 0x0063, 0x0063, 0x0000, 0x0084, 0x0042, 0x0001, 0x08A4,
    0x0001, 0x0022, 0x0063, 0x0000, 0x0063, 0x0042, 0x0000, 0x0063, 0x0021, 0x0000, 0x0001, 0x0001,
    0x0001, 0x0001, 0x0001, 0x0021, 0x0062, 0x0042, 0x0001, 0x0021, 0x0021, 0x0001, 0x0021, 0x0083,
    0x0021, 0x0001, 0x0021, 0x0001, 0x0021, 0x0042, 0x0021, 0x0001, 0x10A3, 0x0862, 0x0001, 0x0001,
    0x0001, 0x0001, 0x0001, 0x0001, 0x0001, 0x0001, 0x0001, 0x0001, 0x0001, 0x0021, 0x0022, 0x0022,
    0x0022, 0x0084, 0x0042, 0x0042, 0x0083, 0x0042, 0x0042, 0x0042, 0x0063, 0x0042, 0x0042, 0x0042,
    0x0062, 0x0062, 0x0063, 0x0947, 0x0063, 0x0084, 0x00C5, 0x00C5, 0x1A2C, 0x00A5, 0x00E6, 0x014A,
    0x7F3E, 0x3C35, 0x0086, 0x00C5, 0x0023, 0x0002, 0x0042, 0x0022, 0x0001, 0x0001, 0x0000, 0x0000,
    0x0000, 0x0001, 0x0001, 0x0021, 0x0022, 0x0042, 0x0083, 0x0084, 0x0084, 0x00E7, 0x1AF1, 0x124E,
    0x0129, 0x00E6, 0x0969, 0x0A0C, 0x00A5, 0x0106, 0x0063, 0x00E5, 0x0906, 0x0042, 0x0063, 0x0063,
    0x0062, 0x0042, 0x0042, 0x0063, 0x0042, 0x0042, 0x0063, 0x0063, 0x0021, 0x0063, 0x0083, 0x0021,
    0x0022, 0x0022, 0x0063, 0x0063, 0x0042, 0x0062, 0x0042, 0x0062, 0x0062, 0x0862, 0x0862, 0x0863,
    0x0862, 0x10A3, 0x0883, 0x0001, 0x0021, 0x0042, 0x0042, 0x0022, 0x0042, 0x0021, 0x08A3, 0x10C4,
    0x0022, 0x0021, 0x0021, 0x0021, 0x0001, 0x0042, 0x08E5, 0x0001, 0x0021, 0x0001, 0x0001, 0x0001,
    0x0001, 0x0042, 0x0063, 0x0042, 0x0042, 0x0063, 0x0000, 0x0001, 0x0001, 0x0000, 0x0022, 0x0000,
    0x0000, 0x0001, 0x0000, 0x0001, 0x0021, 0x0000, 0x0001, 0x0021, 0x0021, 0x0021, 0x0001, 0x0021,
    0x0021, 0x0021, 0x0021, 0x0021, 0x0021, 0x0021, 0x0042, 0x0021, 0x0042, 0x0062, 0x0062, 0x0062,
    0x0042, 0x0062, 0x0062, 0x0062, 0x0042, 0x0042, 0x0062, 0x0042, 0x0062, 0x0062, 0x0062, 0x0062,
    0x0062, 0x0062, 0x0062, 0x0062, 0x0062, 0x0062, 0x0062, 0x0042, 0x0062, 0x0062, 0x0042, 0x0042,
    0x0062, 0x0062, 0x0062, 0x0041, 0x0021, 0x0042, 0x0021, 0x0021, 0x0021, 0x0021, 0x0021, 0x0021,
    0x0021, 0x0021, 0x0021, 0x0001, 0x0021, 0x0000, 0x0000, 0x0001, 0x0000, 0x0001, 0x0001, 0x0000,
    0x0001, 0x0001, 0x0000, 0x0001, 0x0000, 0x0000, 0x0862, 0x0042, 0x0042, 0x0042, 0x0021, 0x0001,
    0x0001, 0x0001, 0x0021, 0x0001, 0x0021, 0x08A4, 0x0021, 0x0021, 0x0021, 0x0021, 0x0021, 0x0042,
    0x10E5, 0x08C4, 0x0021, 0x0022, 0x0021, 0x0042, 0x0022, 0x0001, 0x0001, 0x08A3, 0x1082, 0x0862,
    0x0862, 0x0862, 0x0862, 0x0042, 0x0062, 0x0042, 0x0062, 0x0062, 0x0063, 0x0062, 0x0021, 0x0022,
    0x0022, 0x00A4, 0x0042, 0x0042, 0x0083, 0x0042, 0x0042, 0x0042, 0x0063, 0x0042, 0x0062, 0x0062,
    0x0062, 0x0063, 0x0063, 0x0968, 0x0063, 0x00A4, 0x00E6, 0x00E7, 0x124D, 0x00C6, 0x00E7, 0x0129,
    0x1AAF, 0x122E, 0x00A6, 0x0084, 0x0063, 0x0043, 0x0022, 0x0021, 0x0001, 0x0001, 0x0001, 0x0000,
    0x0000, 0x0000, 0x0001, 0x0021, 0x0022, 0x0042, 0x0063, 0x0063, 0x0084, 0x0928, 0x00C6, 0x00A6,
    0x0107, 0x0108, 0x12AF, 0x2B92, 0x00C7, 0x0907, 0x0063, 0x00E6, 0x0927, 0x0063, 0x0083, 0x0063,
    0x0063, 0x0062, 0x0062, 0x0883, 0x0062, 0x0042, 0x0883, 0x0083, 0x0042, 0x0083, 0x0083, 0x0021,
    0x0042, 0x0883, 0x0062, 0x0022, 0x0022, 0x0022, 0x0022, 0x0042, 0x0042, 0x0042, 0x0042, 0x0042,
    0x0042, 0x0042, 0x0021, 0x0021, 0x0062, 0x0084, 0x0063, 0x0063, 0x0042, 0x0062, 0x08A4, 0x0021,
    0x0021, 0x0021, 0x0021, 0x0021, 0x0021, 0x0021, 0x0001, 0x0001, 0x0001, 0x0001, 0x0001, 0x0001,
    0x0042, 0x0042, 0x0001, 0x0042, 0x0022, 0x0001, 0x08E5, 0x0021, 0x0042, 0x08E6, 0x0001, 0x08A4,
    0x00A4, 0x0000, 0x08E5, 0x0063, 0x0001, 0x08E6, 0x0042, 0x0001, 0x0021, 0x0021, 0x0021, 0x0021,
    0x0021, 0x0021, 0x0021, 0x0021, 0x0021, 0x0021, 0x0042, 0x0021, 0x0021, 0x0021, 0x0042, 0x0042,
    0x0042, 0x0042, 0x0042, 0x0042, 0x0042, 0x0042, 0x0042, 0x0042, 0x0062, 0x0062, 0x0042, 0x0062,
    0x0062, 0x0042, 0x0062, 0x0062, 0x0042, 0x0062, 0x0042, 0x0042, 0x0042, 0x0042, 0x0042, 0x0042,
    0x0042, 0x0041, 0x0021, 0x0021, 0x0021, 0x0042, 0x0021, 0x0021, 0x0021, 0x0021, 0x0021, 0x0021,
    0x0021, 0x0021, 0x0021, 0x0021, 0x0001, 0x08A4, 0x08A4, 0x0000, 0x08E6, 0x0063, 0x0000, 0x08E5,
    0x0001, 0x0042, 0x08C6, 0x0000, 0x0883, 0x0062, 0x0000, 0x0042, 0x0022, 0x0021, 0x0062, 0x0021,
    0x0001, 0x0021, 0x0001, 0x0021, 0x0021, 0x0001, 0x0021, 0x0021, 0x0021, 0x0021, 0x0022, 0x0001,
    0x0021, 0x08C4, 0x0062, 0x0042, 0x0042, 0x0042, 0x0083, 0x0021, 0x0001, 0x0001, 0x0041, 0x0041,
    0x0041, 0x0022, 0x0022, 0x0022, 0x0042, 0x0022, 0x0042, 0x0042, 0x0042, 0x0063, 0x0063, 0x0022,
    0x0022, 0x00A4, 0x0042, 0x0042, 0x08A4, 0x0042, 0x0042, 0x0062, 0x0883, 0x0042, 0x0062, 0x0063,
    0x0063, 0x0083, 0x0083, 0x0989, 0x0084, 0x00C5, 0x0107, 0x0969, 0x3C15, 0x01AB, 0x00E7, 0x00C6,
    0x0085, 0x00C6, 0x0907, 0x0063, 0x0043, 0x0042, 0x0022, 0x0021, 0x0001, 0x0001, 0x0001, 0x0000,
    0x0000, 0x0001, 0x0001, 0x0001, 0x0022, 0x0042, 0x0042, 0x0042, 0x08E6, 0x00A4, 0x00A4, 0x00C5,
    0x00C6, 0x00E8, 0x3477, 0x2BD4, 0x00E7, 0x0927, 0x0084, 0x0906, 0x0947, 0x0063, 0x0083, 0x0083,
    0x0083, 0x0063, 0x0063, 0x08A3, 0x0062, 0x0062, 0x0883, 0x0883, 0x0042, 0x0083, 0x08A4, 0x0021,
    0x0883, 0x0042, 0x0021, 0x0021, 0x0021, 0x0021, 0x0021, 0x0021, 0x0021, 0x0021, 0x0021, 0x0021,
    0x0021, 0x0021, 0x0021, 0x0062, 0x0083, 0x0022, 0x0021, 0x0021, 0x0062, 0x0063, 0x0042, 0x0906,
    0x08C4, 0x0001, 0x0021, 0x0021, 0x0021, 0x0021, 0x0021, 0x0021, 0x0021, 0x0001, 0x0001, 0x0063,
    0x0042, 0x0001, 0x0001, 0x0042, 0x0021, 0x0001, 0x08A4, 0x0021, 0x0042, 0x08C5, 0x0021, 0x0084,
    0x0083, 0x0000, 0x08A4, 0x0063, 0x0021, 0x08A5, 0x0042, 0x0021, 0x0022, 0x0042, 0x0042, 0x0042,
    0x0042, 0x0042, 0x0042, 0x0042, 0x0042, 0x0042, 0x0062, 0x0042, 0x0042, 0x0042, 0x0062, 0x0062,
    0x0062, 0x0062, 0x0083, 0x0062, 0x0062, 0x0062, 0x0083, 0x0062, 0x0082, 0x0083, 0x0083, 0x0083,
    0x0083, 0x0083, 0x0083, 0x0083, 0x0062, 0x0083, 0x0063, 0x0062, 0x0083, 0x0083, 0x0083, 0x0062,
    0x0083, 0x0062, 0x0042, 0x0042, 0x0062, 0x0062, 0x0042, 0x0042, 0x0042, 0x0042, 0x0042, 0x0042,
    0x0042, 0x0042, 0x0021, 0x0021, 0x0021, 0x0084, 0x0084, 0x0021, 0x08C5, 0x0042, 0x0000, 0x08A4,
    0x0001, 0x0043, 0x08A5, 0x0001, 0x0063, 0x0042, 0x0000, 0x0042, 0x0021, 0x0001, 0x0001, 0x0042,
    0x0042, 0x0001, 0x0021, 0x0021, 0x0021, 0x0001, 0x0021, 0x0021, 0x0021, 0x0021, 0x0021, 0x1167,
    0x08C5, 0x0062, 0x0063, 0x0062, 0x0021, 0x0021, 0x0022, 0x0883, 0x0042, 0x0021, 0x0021, 0x0021,
    0x0021, 0x0021, 0x0021, 0x0021, 0x0021, 0x0021, 0x0021, 0x0042, 0x0022, 0x0021, 0x0063, 0x0063,
    0x0022, 0x00C4, 0x0042, 0x0062, 0x08A4, 0x0042, 0x0042, 0x0862, 0x0883, 0x0062, 0x0063, 0x0083,
    0x0083, 0x0083, 0x00A4, 0x11A9, 0x00A4, 0x00C5, 0x0927, 0x016A, 0x54F8, 0x2352, 0x0085, 0x00C5,
    0x00A5, 0x0063, 0x00C5, 0x08E5, 0x0022, 0x0042, 0x0022, 0x0021, 0x0001, 0x0001, 0x0001, 0x0000,
    0x0000, 0x0000, 0x0001, 0x0021, 0x0022, 0x0042, 0x0042, 0x00C5, 0x0063, 0x0063, 0x00A4, 0x00A5,
    0x00A5, 0x1AAE, 0x0A4D, 0x0108, 0x0107, 0x0948, 0x00A5, 0x0927, 0x0968, 0x0083, 0x00A4, 0x0084,
    0x0083, 0x0883, 0x0883, 0x08C4, 0x0883, 0x0862, 0x08A4, 0x08A4, 0x0042, 0x08A4, 0x08C4, 0x0042,
    0x0063, 0x0021, 0x0042, 0x0001, 0x0000, 0x0022, 0x0021, 0x0021, 0x0021, 0x0021, 0x0021, 0x0021,
    0x0022, 0x0021, 0x0062, 0x0083, 0x0021, 0x0021, 0x0042, 0x0883, 0x0042, 0x0042, 0x0042, 0x0884,
    0x0063, 0x0021, 0x0021, 0x0021, 0x0021, 0x0862, 0x0042, 0x0021, 0x0001, 0x0821, 0x10A3, 0x0062,
    0x0001, 0x0021, 0x0001, 0x0001, 0x0001, 0x0001, 0x0000, 0x0001, 0x0001, 0x0000, 0x0022, 0x0000,
    0x0000, 0x0021, 0x0000, 0x0001, 0x0021, 0x0000, 0x0021, 0x0021, 0x0021, 0x0022, 0x0022, 0x0022,
    0x0022, 0x0021, 0x0042, 0x0042, 0x0042, 0x0042, 0x0042, 0x0042, 0x0042, 0x0042, 0x0042, 0x0041,
    0x0042, 0x0042, 0x0062, 0x0042, 0x0042, 0x0041, 0x0042, 0x0041, 0x0062, 0x0042, 0x0042, 0x0062,
    0x0062, 0x0042, 0x0042, 0x0042, 0x0041, 0x0042, 0x0042, 0x0041, 0x0062, 0x0062, 0x0042, 0x0042,
    0x0042, 0x0042, 0x0042, 0x0042, 0x0042, 0x0042, 0x0041, 0x0042, 0x0042, 0x0042, 0x0022, 0x0022,
    0x0021, 0x0021, 0x0021, 0x0021, 0x0021, 0x0000, 0x0000, 0x0021, 0x0000, 0x0001, 0x0001, 0x0000,
    0x0021, 0x0001, 0x0000, 0x0021, 0x0000, 0x0000, 0x0001, 0x0001, 0x0001, 0x0001, 0x0021, 0x0001,
    0x08A4, 0x10C3, 0x0000, 0x0001, 0x0021, 0x0842, 0x0862, 0x0021, 0x0021, 0x0021, 0x0021, 0x08A4,
    0x0083, 0x0063, 0x0042, 0x0062, 0x0083, 0x0022, 0x0021, 0x0021, 0x0883, 0x0042, 0x0021, 0x0021,
    0x0021, 0x0021, 0x0021, 0x0021, 0x0021, 0x0021, 0x0021, 0x0000, 0x0021, 0x0042, 0x0022, 0x0063,
    0x0042, 0x08E5, 0x0042, 0x0062, 0x08C4, 0x0862, 0x0862, 0x0883, 0x08A3, 0x0882, 0x0883, 0x0883,
    0x00A4, 0x00A4, 0x00C5, 0x11EA, 0x00C5, 0x00E6, 0x0948, 0x0108, 0x0109, 0x1AAF, 0x11CA, 0x0064,
    0x00A4, 0x0083, 0x0042, 0x0063, 0x0084, 0x0022, 0x0022, 0x0021, 0x0001, 0x0001, 0x0000, 0x0000,
    0x0000, 0x0000, 0x0001, 0x0021, 0x0022, 0x0022, 0x08C5, 0x0063, 0x0042, 0x0063, 0x0084, 0x0084,
    0x1A8D, 0x11EB, 0x00C6, 0x00E6, 0x0927, 0x0107, 0x00C5, 0x0968, 0x09A9, 0x00A5, 0x00C5, 0x00A4,
    0x08A4, 0x08A4, 0x08A3, 0x10E4, 0x10A3, 0x0883, 0x10C4, 0x08C4, 0x0042, 0x08E4, 0x08E5, 0x0042,
    0x0042, 0x0022, 0x0001, 0x0906, 0x0947, 0x0021, 0x0021, 0x0883, 0x0883, 0x0062, 0x0063, 0x0063,
    0x0063, 0x0083, 0x0083, 0x0042, 0x0021, 0x0042, 0x0083, 0x0042, 0x0021, 0x0021, 0x0022, 0x0021,
    0x0021, 0x0042, 0x0042, 0x0021, 0x0021, 0x18E4, 0x0863, 0x0001, 0x08A4, 0x18C3, 0x1082, 0x0001,
    0x0001, 0x0001, 0x0021, 0x0021, 0x0021, 0x0001, 0x08C4, 0x0021, 0x0042, 0x08C5, 0x0000, 0x0084,
    0x00A4, 0x0000, 0x08E6, 0x0063, 0x0000, 0x08E6, 0x0042, 0x0021, 0x0021, 0x0021, 0x0021, 0x0021,
    0x0021, 0x0021, 0x0021, 0x0021, 0x0021, 0x0041, 0x0042, 0x0041, 0x0041, 0x0041, 0x0042, 0x0041,
    0x0042, 0x0041, 0x0062, 0x0042, 0x0041, 0x0042, 0x0042, 0x0042, 0x0062, 0x0042, 0x0042, 0x0062,
    0x0062, 0x0042, 0x0042, 0x0062, 0x0041, 0x0042, 0x0041, 0x0041, 0x0062, 0x0062, 0x0041, 0x0041,
    0x0041, 0x0042, 0x0041, 0x0042, 0x0042, 0x0042, 0x0021, 0x0021, 0x0021, 0x0021, 0x0021, 0x0021,
    0x0021, 0x0021, 0x0021, 0x0021, 0x0001, 0x08A4, 0x0084, 0x0000, 0x08C5, 0x0063, 0x0001, 0x08E5,
    0x0001, 0x0043, 0x08C5, 0x0000, 0x08A4, 0x0042, 0x0001, 0x0021, 0x0021, 0x0021, 0x0001, 0x0001,
    0x0001, 0x1082, 0x1905, 0x08C4, 0x0000, 0x0883, 0x2125, 0x0021, 0x0021, 0x0042, 0x0042, 0x0021,
    0x0021, 0x0021, 0x0021, 0x0021, 0x0042, 0x0083, 0x0022, 0x0021, 0x0022, 0x0083, 0x0063, 0x0063,
    0x0062, 0x0063, 0x0043, 0x08A4, 0x0863, 0x0001, 0x0062, 0x11A9, 0x00A4, 0x0021, 0x0042, 0x0083,
    0x0042, 0x1166, 0x0062, 0x0883, 0x10E5, 0x0882, 0x0882, 0x10A3, 0x10E4, 0x10A3, 0x08A4, 0x08A4,
    0x08C4, 0x08E5, 0x08E6, 0x120B, 0x00E6, 0x00C6, 0x0927, 0x0907, 0x00C6, 0x00A6, 0x1A6D, 0x11AA,
    0x0043, 0x0083, 0x0042, 0x0022, 0x0063, 0x0083, 0x0001, 0x0022, 0x0001, 0x0001, 0x0000, 0x0000,
    0x0000, 0x0001, 0x0001, 0x0001, 0x0063, 0x232F, 0x0083, 0x0042, 0x0063, 0x0063, 0x0063, 0x1A4B,
    0x09A9, 0x0085, 0x0107, 0x0948, 0x0106, 0x00E6, 0x0107, 0x09A9, 0x120B, 0x00E6, 0x0906, 0x08E5,
    0x08C4, 0x10E4, 0x18E4, 0x2145, 0x18E3, 0x10A3, 0x1105, 0x10E5, 0x0062, 0x1105, 0x1125, 0x0042,
    0x0063, 0x0001, 0x08E5, 0x1AD1, 0x1AD2, 0x0906, 0x0000, 0x0062, 0x0001, 0x0001, 0x0042, 0x0021,
    0x0021, 0x0021, 0x0021, 0x0021, 0x0042, 0x0084, 0x0042, 0x0042, 0x0042, 0x0042, 0x0042, 0x0042,
    0x0042, 0x0042, 0x0021, 0x0862, 0x10A3, 0x0001, 0x0021, 0x0062, 0x08A3, 0x0021, 0x0001, 0x0001,
    0x0042, 0x0042, 0x0042, 0x0042, 0x0042, 0x0042, 0x08C4, 0x0021, 0x0042, 0x08A5, 0x0000, 0x0084,
    0x0084, 0x0021, 0x08A5, 0x0062, 0x0001, 0x08A4, 0x0022, 0x0021, 0x0021, 0x0021, 0x0021, 0x0021,
    0x0042, 0x0042, 0x0042, 0x0042, 0x0042, 0x0042, 0x0062, 0x0042, 0x0042, 0x0042, 0x0062, 0x0062,
    0x0062, 0x0042, 0x0083, 0x0042, 0x0041, 0x0062, 0x0083, 0x0062, 0x0083, 0x0062, 0x0062, 0x0062,
    0x0062, 0x0062, 0x0063, 0x0083, 0x0062, 0x0062, 0x0042, 0x0042, 0x0062, 0x0062, 0x0042, 0x0042,
    0x0042, 0x0042, 0x0042, 0x0042, 0x0042, 0x0062, 0x0042, 0x0042, 0x0042, 0x0042, 0x0041, 0x0021,
    0x0021, 0x0021, 0x0021, 0x0021, 0x0001, 0x0083, 0x0083, 0x0000, 0x08A4, 0x0042, 0x0021, 0x08C5,
    0x0001, 0x0042, 0x08A4, 0x0000, 0x08A4, 0x0083, 0x0042, 0x0042, 0x0042, 0x0042, 0x0063, 0x0042,
    0x0001, 0x0001, 0x0883, 0x08C4, 0x0862, 0x0021, 0x0021, 0x10A3, 0x0862, 0x0021, 0x0042, 0x0042,
    0x0042, 0x0042, 0x0042, 0x0042, 0x0042, 0x0042, 0x0083, 0x0042, 0x0021, 0x0021, 0x0021, 0x0021,
    0x0021, 0x0021, 0x0001, 0x0042, 0x0042, 0x0000, 0x1A2C, 0x1AB1, 0x1A8E, 0x0042, 0x0022, 0x0083,
    0x0042, 0x19A7, 0x0062, 0x0883, 0x1125, 0x10A3, 0x10C3, 0x18E4, 0x2125, 0x18C3, 0x10E4, 0x08E5,
    0x08E5, 0x0906, 0x0927, 0x122C, 0x0107, 0x0107, 0x00E6, 0x0907, 0x0107, 0x00C6, 0x00A5, 0x124C,
    0x11A9, 0x0022, 0x0063, 0x0042, 0x0000, 0x09A9, 0x120B, 0x0000, 0x0021, 0x0001, 0x0000, 0x0000,
    0x0000, 0x0000, 0x0001, 0x0001, 0x0042, 0x0988, 0x0022, 0x0042, 0x0042, 0x00A5, 0x120B, 0x0968,
    0x0063, 0x00C5, 0x0107, 0x0148, 0x0127, 0x0948, 0x0149, 0x122C, 0x128E, 0x0969, 0x0948, 0x0906,
    0x1105, 0x2125, 0x2944, 0x3985, 0x2924, 0x18E3, 0x1945, 0x1925, 0x0863, 0x1146, 0x1966, 0x0042,
    0x0063, 0x0001, 0x08E6, 0x1AD1, 0x1AD1, 0x0926, 0x0021, 0x0001, 0x1946, 0x1946, 0x0042, 0x0063,
    0x0063, 0x0063, 0x0063, 0x0063, 0x0084, 0x0042, 0x0042, 0x0042, 0x0042, 0x0042, 0x0042, 0x0042,
    0x0042, 0x0021, 0x0906, 0x08A3, 0x0841, 0x0022, 0x08A4, 0x0883, 0x0001, 0x0001, 0x0022, 0x0062,
    0x0042, 0x0021, 0x0021, 0x0021, 0x0001, 0x0001, 0x0001, 0x0021, 0x0001, 0x0000, 0x0001, 0x0021,
    0x0042, 0x0021, 0x0042, 0x0022, 0x0021, 0x0001, 0x0021, 0x0021, 0x0041, 0x0022, 0x0022, 0x0022,
    0x0042, 0x0042, 0x0042, 0x0042, 0x0042, 0x0042, 0x0062, 0x0042, 0x0042, 0x0042, 0x0062, 0x0062,
    0x0062, 0x0041, 0x00A3, 0x0062, 0x0062, 0x0062, 0x0083, 0x0083, 0x00A3, 0x0063, 0x0062, 0x0083,
    0x0083, 0x0083, 0x0083, 0x0083, 0x0063, 0x0083, 0x0062, 0x0042, 0x0083, 0x0063, 0x0042, 0x0062,
    0x0062, 0x0062, 0x0042, 0x0042, 0x0042, 0x0062, 0x0042, 0x0042, 0x0042, 0x0042, 0x0042, 0x0042,
    0x0021, 0x0021, 0x0021, 0x0021, 0x0021, 0x0001, 0x0021, 0x0021, 0x0021, 0x0021, 0x0021, 0x0042,
    0x0021, 0x0001, 0x0000, 0x0001, 0x0001, 0x0001, 0x0021, 0x0001, 0x0001, 0x0021, 0x0021, 0x0062,
    0x0063, 0x0022, 0x0001, 0x0021, 0x0883, 0x08A4, 0x0042, 0x0862, 0x1083, 0x08C4, 0x0042, 0x0042,
    0x0042, 0x0042, 0x0042, 0x0042, 0x0042, 0x0042, 0x0062, 0x0083, 0x0063, 0x0062, 0x0062, 0x0063,
    0x0062, 0x0062, 0x1946, 0x0063, 0x0042, 0x0000, 0x11EB, 0x1A70, 0x1A8F, 0x0042, 0x0042, 0x0083,
    0x0062, 0x19E8, 0x0883, 0x08A3, 0x1946, 0x18C3, 0x2103, 0x3144, 0x3984, 0x2944, 0x1925, 0x1105,
    0x1147, 0x0969, 0x0989, 0x1AAE, 0x098A, 0x0969, 0x0107, 0x0107, 0x0927, 0x0107, 0x00A5, 0x0064,
    0x122B, 0x0988, 0x0063, 0x0042, 0x0022, 0x00A4, 0x0927, 0x0001, 0x0001, 0x0001, 0x0000, 0x0000,
    0x0000, 0x0000, 0x0001, 0x0001, 0x0042, 0x0905, 0x0022, 0x0042, 0x0084, 0x0968, 0x0968, 0x0042,
    0x00A4, 0x00E6, 0x00E6, 0x0127, 0x0969, 0x09AB, 0x0A2E, 0x0B74, 0x13B5, 0x0A4F, 0x09CB, 0x1168,
    0x1946, 0x2986, 0x7B2A, 0xB4EF, 0x5226, 0x2104, 0x2987, 0x2166, 0x0883, 0x1946, 0x1966, 0x0042,
    0x0063, 0x0042, 0x0021, 0x0906, 0x0948, 0x0021, 0x0042, 0x0042, 0x1967, 0x1966, 0x0021, 0x08A3,
    0x0083, 0x0063, 0x0063, 0x0083, 0x0042, 0x0042, 0x0042, 0x0042, 0x0042, 0x0042, 0x0042, 0x0042,
    0x0062, 0x1105, 0x220A, 0x0022, 0x0042, 0x0062, 0x0021, 0x0021, 0x0021, 0x0063, 0x0063, 0x0022,
    0x0021, 0x0021, 0x0021, 0x0021, 0x0021, 0x0021, 0x0021, 0x0021, 0x0021, 0x0021, 0x0001, 0x0062,
    0x0083, 0x0001, 0x00A5, 0x0063, 0x0001, 0x0021, 0x0021, 0x0021, 0x0021, 0x0021, 0x0021, 0x0021,
    0x0021, 0x0021, 0x0042, 0x0041, 0x0042, 0x0042, 0x0042, 0x0041, 0x0041, 0x0042, 0x0042, 0x0042,
    0x0042, 0x0021, 0x00A3, 0x0062, 0x0042, 0x0062, 0x0063, 0x0042, 0x0083, 0x0062, 0x0062, 0x00A3,
    0x0083, 0x0062, 0x0062, 0x0083, 0x0042, 0x0062, 0x0042, 0x0041, 0x0083, 0x0062, 0x0041, 0x0042,
    0x0042, 0x0042, 0x0042, 0x0042, 0x0042, 0x0042, 0x0041, 0x0041, 0x0041, 0x0042, 0x0021, 0x0021,
    0x0021, 0x0021, 0x0021, 0x0021, 0x0021, 0x0021, 0x0021, 0x0001, 0x00A4, 0x0042, 0x0001, 0x00A4,
    0x0021, 0x0021, 0x0021, 0x0001, 0x0021, 0x0021, 0x0021, 0x0021, 0x0021, 0x0021, 0x0021, 0x0021,
    0x0042, 0x0063, 0x0062, 0x0021, 0x0021, 0x0042, 0x0083, 0x0042, 0x0042, 0x2ACD, 0x08A4, 0x0042,
    0x0042, 0x0062, 0x0062, 0x0042, 0x0042, 0x0042, 0x0042, 0x0062, 0x0063, 0x0063, 0x0063, 0x0883,
    0x0883, 0x0062, 0x1946, 0x0884, 0x0063, 0x0021, 0x0041, 0x1168, 0x08A4, 0x0021, 0x0042, 0x0083,
    0x0062, 0x2228, 0x0883, 0x10A3, 0x2187, 0x2125, 0x3164, 0x8B8A, 0xB510, 0x5206, 0x2966, 0x1947,
    0x1189, 0x120C, 0x0AB0, 0x1C16, 0x0AB1, 0x09EC, 0x0128, 0x0989, 0x0948, 0x00E7, 0x00E6, 0x0083,
    0x0042, 0x120A, 0x08E5, 0x0063, 0x0022, 0x0063, 0x00E5, 0x0001, 0x0001, 0x0001, 0x0000, 0x0000,
    0x0000, 0x0000, 0x0001, 0x0001, 0x0042, 0x0906, 0x0022, 0x0063, 0x0063, 0x0063, 0x0063, 0x0083,
    0x00A4, 0x0106, 0x00A5, 0x0948, 0x09CB, 0x0A6F, 0x0BF6, 0x4E3D, 0x76DD, 0x1458, 0x0A8F, 0x11CA,
    0x1988, 0x3186, 0x940C, 0xF738, 0x6AC8, 0x2924, 0x2987, 0x2166, 0x10C4, 0x1946, 0x1966, 0x0042,
    0x0083, 0x0042, 0x0042, 0x0021, 0x0021, 0x0042, 0x0063, 0x0884, 0x0021, 0x0000, 0x0883, 0x08A3,
    0x0042, 0x0062, 0x0042, 0x0062, 0x0062, 0x0062, 0x0063, 0x0062, 0x0062, 0x0062, 0x0062, 0x00A4,
    0x0083, 0x0863, 0x0062, 0x0063, 0x0042, 0x0021, 0x0021, 0x0042, 0x0083, 0x0042, 0x0021, 0x0021,
    0x0021, 0x0021, 0x0021, 0x0021, 0x0021, 0x0021, 0x0021, 0x0021, 0x0021, 0x0021, 0x0021, 0x0021,
    0x0021, 0x0021, 0x0021, 0x0021, 0x0021, 0x0021, 0x0021, 0x0021, 0x0021, 0x0021, 0x0021, 0x0021,
    0x0041, 0x0042, 0x0042, 0x0041, 0x0042, 0x0042, 0x0042, 0x0041, 0x0042, 0x0042, 0x0042, 0x0041,
    0x0041, 0x0041, 0x00A4, 0x0062, 0x0042, 0x0062, 0x0062, 0x0021, 0x0062, 0x0042, 0x0042, 0x00A4,
    0x0083, 0x0062, 0x0042, 0x0062, 0x0042, 0x0062, 0x0042, 0x0041, 0x0062, 0x0062, 0x0041, 0x0041,
    0x0041, 0x0042, 0x0041, 0x0041, 0x0042, 0x0042, 0x0041, 0x0041, 0x0041, 0x0042, 0x0021, 0x0021,
    0x0021, 0x0021, 0x0021, 0x0021, 0x0021, 0x0021, 0x0021, 0x0021, 0x0021, 0x0021, 0x0021, 0x0001,
    0x0021, 0x0021, 0x0021, 0x0001, 0x0001, 0x0021, 0x0021, 0x0021, 0x0021, 0x0021, 0x0021, 0x0021,
    0x0021, 0x0021, 0x0063, 0x0083, 0x0042, 0x0021, 0x0021, 0x0063, 0x0063, 0x0062, 0x0063, 0x0084,
    0x0083, 0x0042, 0x0062, 0x0062, 0x0062, 0x0062, 0x0042, 0x0062, 0x0042, 0x0042, 0x0042, 0x0042,
    0x10E4, 0x0001, 0x0000, 0x0042, 0x08A4, 0x0063, 0x0022, 0x0001, 0x0021, 0x0042, 0x0042, 0x0083,
    0x0062, 0x1A09, 0x0883, 0x10C4, 0x2187, 0x2125, 0x3984, 0xACAE, 0xEED6, 0x5A46, 0x2987, 0x1988,
    0x11EB, 0x12F1, 0x2D3A, 0x7EFE, 0x2D3A, 0x0AD1, 0x09CB, 0x120C, 0x0969, 0x00A5, 0x00C5, 0x0063,
    0x0063, 0x0063, 0x0063, 0x0063, 0x0042, 0x0063, 0x00E5, 0x0001, 0x0001, 0x0001, 0x0000, 0x0000,
    0x0000, 0x0000, 0x0001, 0x0001, 0x0042, 0x0905, 0x0042, 0x0042, 0x0042, 0x0084, 0x0084, 0x0063,
    0x00A4, 0x0107, 0x00A5, 0x122C, 0x126E, 0x1B11, 0x14B9, 0x875E, 0xC7FF, 0x253B, 0x0AD1, 0x11CB,
    0x1988, 0x2966, 0x4A27, 0x6288, 0x41C6, 0x2104, 0x1946, 0x1946, 0x08A4, 0x1146, 0x1146, 0x0042,
    0x0083, 0x0042, 0x0042, 0x0062, 0x0042, 0x0083, 0x08A5, 0x0042, 0x0041, 0x0883, 0x08A4, 0x0042,
    0x0062, 0x0042, 0x0083, 0x0042, 0x0063, 0x0083, 0x0042, 0x0083, 0x0063, 0x0083, 0x08C5, 0x0083,
    0x0062, 0x0063, 0x0063, 0x0063, 0x0021, 0x0042, 0x0063, 0x0083, 0x0042, 0x0021, 0x0021, 0x0021,
    0x0021, 0x0021, 0x0021, 0x0021, 0x0022, 0x0042, 0x0042, 0x0042, 0x0042, 0x0042, 0x0042, 0x0042,
    0x0042, 0x0062, 0x0062, 0x0063, 0x0063, 0x0883, 0x10A3, 0x0021, 0x0042, 0x0042, 0x0042, 0x0042,
    0x0062, 0x0062, 0x0063, 0x0062, 0x0063, 0x0063, 0x0083, 0x0083, 0x00A3, 0x00A3, 0x00A4, 0x00A3,
    0x08C4, 0x00A4, 0x5289, 0x1925, 0x00A4, 0x00C4, 0x0905, 0x00C4, 0x00C4, 0x00E5, 0x0906, 0x0947,
    0x0906, 0x0905, 0x00E5, 0x00C4, 0x00E5, 0x0106, 0x08E4, 0x0083, 0x4207, 0x31A6, 0x0083, 0x08A4,
    0x08C4, 0x08A4, 0x00A3, 0x0083, 0x0083, 0x0083, 0x0062, 0x0062, 0x0062, 0x0062, 0x0062, 0x0042,
    0x0042, 0x0042, 0x0042, 0x0041, 0x0042, 0x1083, 0x0862, 0x0062, 0x0063, 0x0063, 0x0063, 0x0062,
    0x0042, 0x0042, 0x0042, 0x0042, 0x0042, 0x0022, 0x0022, 0x0021, 0x0021, 0x0021, 0x0021, 0x0021,
    0x0021, 0x0021, 0x0021, 0x0042, 0x0083, 0x0063, 0x0042, 0x0042, 0x0063, 0x0084, 0x0084, 0x0042,
    0x0083, 0x08C5, 0x0083, 0x0083, 0x0083, 0x0042, 0x0063, 0x0042, 0x0042, 0x0063, 0x0022, 0x0042,
    0x0063, 0x08C4, 0x0041, 0x0021, 0x0042, 0x08A4, 0x0043, 0x0062, 0x0042, 0x0042, 0x0042, 0x0883,
    0x0062, 0x19C8, 0x0883, 0x10A3, 0x1946, 0x1904, 0x2945, 0x49E5, 0x6287, 0x39A6, 0x2187, 0x1988,
    0x120C, 0x0B33, 0x45FD, 0xCFFF, 0x463C, 0x13B5, 0x126F, 0x1ACF, 0x09A9, 0x00A5, 0x00C5, 0x0063,
    0x0063, 0x0084, 0x0063, 0x0042, 0x0042, 0x0083, 0x08C5, 0x0001, 0x0001, 0x0000, 0x0000, 0x0000,
    0x0000, 0x0000, 0x0001, 0x0001, 0x0022, 0x08E5, 0x0022, 0x0042, 0x0042, 0x0083, 0x0083, 0x0063,
    0x0084, 0x0106, 0x0084, 0x120B, 0x098A, 0x09AB, 0x0AB1, 0x1C77, 0x2D5B, 0x0B95, 0x0A0C, 0x0969,
    0x1147, 0x1925, 0x31C8, 0x2966, 0x2124, 0x18C3, 0x1905, 0x1105, 0x0862, 0x1126, 0x1146, 0x0042,
    0x0063, 0x0042, 0x0042, 0x0042, 0x0063, 0x00A4, 0x0063, 0x0042, 0x0083, 0x0083, 0x0042, 0x0042,
    0x08E5, 0x19C9, 0x0021, 0x19E9, 0x0906, 0x08C4, 0x228C, 0x0042, 0x08A4, 0x08C5, 0x0062, 0x0083,
    0x08A4, 0x0083, 0x0084, 0x0042, 0x0062, 0x0084, 0x0063, 0x0021, 0x0021, 0x0021, 0x0021, 0x0021,
    0x0021, 0x0021, 0x0042, 0x0062, 0x0062, 0x0062, 0x0042, 0x0042, 0x0042, 0x0062, 0x0062, 0x0062,
    0x0042, 0x0042, 0x0021, 0x0021, 0x0021, 0x0042, 0x0042, 0x0021, 0x0021, 0x0042, 0x0042, 0x0042,
    0x0042, 0x0042, 0x0042, 0x0042, 0x0042, 0x0042, 0x0062, 0x0062, 0x0062, 0x0042, 0x0062, 0x0062,
    0x0063, 0x0042, 0x1946, 0x08C4, 0x0062, 0x0062, 0x0083, 0x0083, 0x00A3, 0x0083, 0x00A4, 0x0905,
    0x00A3, 0x0083, 0x00A4, 0x00A4, 0x0083, 0x0083, 0x0062, 0x0063, 0x1125, 0x10E4, 0x0042, 0x0062,
    0x0062, 0x0062, 0x0062, 0x0042, 0x0042, 0x0062, 0x0042, 0x0042, 0x0042, 0x0042, 0x0042, 0x0042,
    0x0042, 0x0042, 0x0021, 0x0021, 0x0041, 0x0041, 0x0021, 0x0021, 0x0021, 0x0042, 0x0042, 0x0062,
    0x0062, 0x0062, 0x0062, 0x0042, 0x0062, 0x0062, 0x0062, 0x0062, 0x0042, 0x0022, 0x0021, 0x0021,
    0x0021, 0x0021, 0x0022, 0x0021, 0x0041, 0x0083, 0x0084, 0x0042, 0x0063, 0x0084, 0x0083, 0x00A4,
    0x0083, 0x0083, 0x0906, 0x00A4, 0x0084, 0x1A6C, 0x0021, 0x1167, 0x0947, 0x0063, 0x11EB, 0x0062,
    0x0042, 0x0062, 0x08A4, 0x0041, 0x0021, 0x0042, 0x0084, 0x0063, 0x0042, 0x0042, 0x0042, 0x0083,
    0x0062, 0x1187, 0x0863, 0x08A3, 0x1925, 0x10C4, 0x2104, 0x2104, 0x2986, 0x2146, 0x1926, 0x1147,
    0x0989, 0x0A4E, 0x13B5, 0x2D5A, 0x0B95, 0x0A70, 0x016A, 0x11EB, 0x0968, 0x0084, 0x00C5, 0x0063,
    0x0062, 0x0084, 0x0063, 0x0042, 0x0021, 0x0063, 0x08E5, 0x0000, 0x0001, 0x0000, 0x0000, 0x0000,
    0x0000, 0x0000, 0x0001, 0x0001, 0x0022, 0x08E5, 0x0021, 0x0022, 0x0022, 0x0083, 0x0063, 0x0062,
    0x0063, 0x00E6, 0x0084, 0x11EA, 0x0969, 0x0969, 0x09CB, 0x0A6F, 0x1312, 0x09ED, 0x098A, 0x0947,
    0x0906, 0x1967, 0x1987, 0x10E4, 0x10C4, 0x10C3, 0x1105, 0x10C4, 0x0862, 0x08E4, 0x08E5, 0x0063,
    0x0063, 0x0042, 0x0042, 0x0063, 0x08A4, 0x0041, 0x0042, 0x0083, 0x08C5, 0x0042, 0x0062, 0x0062,
    0x0883, 0x08C5, 0x0062, 0x08C5, 0x08E5, 0x08A4, 0x0926, 0x08C5, 0x08C4, 0x0042, 0x00A4, 0x08A4,
    0x00A4, 0x0084, 0x0042, 0x0083, 0x08A4, 0x0042, 0x0041, 0x0042, 0x0042, 0x0022, 0x0021, 0x0021,
    0x0022, 0x0042, 0x0042, 0x0042, 0x0021, 0x0021, 0x0022, 0x0042, 0x0022, 0x0042, 0x0042, 0x0042,
    0x0042, 0x0862, 0x0862, 0x0862, 0x1082, 0x1082, 0x1082, 0x1082, 0x18C2, 0x0842, 0x0021, 0x0042,
    0x0042, 0x0042, 0x0042, 0x0042, 0x0042, 0x0042, 0x0062, 0x0042, 0x0042, 0x0042, 0x0042, 0x0042,
    0x0062, 0x0042, 0x00C4, 0x0083, 0x0062, 0x0042, 0x0062, 0x0062, 0x0083, 0x0062, 0x0062, 0x00C4,
    0x0083, 0x0042, 0x0083, 0x00A4, 0x0042, 0x0062, 0x0062, 0x0062, 0x00A4, 0x0083, 0x0042, 0x0042,
    0x0042, 0x0042, 0x0041, 0x0042, 0x0042, 0x0062, 0x0041, 0x0042, 0x0042, 0x0042, 0x0041, 0x0042,
    0x0041, 0x0021, 0x10A2, 0x18A2, 0x1082, 0x1082, 0x1062, 0x0862, 0x0862, 0x0862, 0x0862, 0x0042,
    0x0042, 0x0042, 0x0022, 0x0021, 0x0022, 0x0022, 0x0022, 0x0022, 0x0022, 0x0042, 0x0042, 0x0021,
    0x0021, 0x0021, 0x0021, 0x0041, 0x0041, 0x0021, 0x0062, 0x00A4, 0x0062, 0x0042, 0x00A4, 0x00A5,
    0x08C5, 0x08A4, 0x0084, 0x08E6, 0x08C4, 0x0926, 0x08A4, 0x08C5, 0x0083, 0x0083, 0x0906, 0x0063,
    0x0062, 0x0042, 0x0062, 0x08C4, 0x0042, 0x0021, 0x0042, 0x08A4, 0x0042, 0x0042, 0x0042, 0x0083,
    0x0042, 0x08C4, 0x0062, 0x08A3, 0x1105, 0x10E4, 0x10C3, 0x18C3, 0x10E4, 0x1947, 0x1105, 0x0906,
    0x0948, 0x09AA, 0x0A0D, 0x1AF1, 0x09ED, 0x09EC, 0x0128, 0x11CA, 0x0947, 0x0064, 0x00C5, 0x0062,
    0x0042, 0x0083, 0x0042, 0x0022, 0x0021, 0x0062, 0x08C5, 0x0000, 0x0001, 0x0000, 0x0000, 0x0000,
    0x0000, 0x0000, 0x0001, 0x0001, 0x0022, 0x08E5, 0x0001, 0x0022, 0x0022, 0x0063, 0x0063, 0x0042,
    0x0063, 0x00E5, 0x0063, 0x11A9, 0x0127, 0x0948, 0x0969, 0x09CB, 0x120B, 0x0927, 0x0948, 0x08E6,
    0x0906, 0x1147, 0x08C4, 0x10C4, 0x08A3, 0x10E5, 0x08C4, 0x10C4, 0x0883, 0x0883, 0x0083, 0x0063,
    0x0063, 0x0042, 0x0062, 0x08A4, 0x0062, 0x0021, 0x0062, 0x1147, 0x0042, 0x0062, 0x0062, 0x0062,
    0x0883, 0x08C4, 0x0083, 0x1147, 0x11A9, 0x08C4, 0x08E5, 0x08C5, 0x0083, 0x08E5, 0x08C5, 0x08E5,
    0x00A4, 0x0062, 0x08A4, 0x0884, 0x0042, 0x0042, 0x0042, 0x0042, 0x0042, 0x0022, 0x0021, 0x0042,
    0x0042, 0x0042, 0x0021, 0x0021, 0x0021, 0x0021, 0x0021, 0x0021, 0x0021, 0x0021, 0x0021, 0x0021,
    0x0021, 0x0021, 0x0042, 0x0042, 0x0041, 0x0041, 0x0042, 0x0042, 0x0842, 0x0042, 0x0042, 0x0042,
    0x0042, 0x0042, 0x0042, 0x0042, 0x0042, 0x0062, 0x0062, 0x0042, 0x0042, 0x0062, 0x0062, 0x0062,
    0x0062, 0x0062, 0x00C4, 0x0062, 0x0062, 0x0063, 0x0083, 0x0062, 0x00A4, 0x0083, 0x0062, 0x00A3,
    0x00A4, 0x0083, 0x0083, 0x0083, 0x0062, 0x0083, 0x0062, 0x0042, 0x00A4, 0x00A3, 0x0062, 0x0062,
    0x0062, 0x0042, 0x0042, 0x0042, 0x0042, 0x0062, 0x0042, 0x0042, 0x0042, 0x0042, 0x0042, 0x0042,
    0x0042, 0x0042, 0x0842, 0x0042, 0x0042, 0x0041, 0x0041, 0x0041, 0x0041, 0x0041, 0x0021, 0x0021,
    0x0021, 0x0021, 0x0021, 0x0021, 0x0021, 0x0021, 0x0021, 0x0021, 0x0021, 0x0021, 0x0042, 0x0042,
    0x0021, 0x0021, 0x0021, 0x0041, 0x0041, 0x0042, 0x0042, 0x0042, 0x0884, 0x0084, 0x0062, 0x08C5,
    0x08E6, 0x08E6, 0x0906, 0x0083, 0x08C5, 0x08E5, 0x08E5, 0x1A0B, 0x08E5, 0x0062, 0x08E5, 0x0063,
    0x0062, 0x0062, 0x0042, 0x0883, 0x1967, 0x0021, 0x0042, 0x0042, 0x08A4, 0x0042, 0x0042, 0x0083,
    0x0063, 0x0083, 0x0042, 0x0883, 0x10C3, 0x10C4, 0x10C4, 0x10A3, 0x10A3, 0x10C4, 0x0926, 0x08E6,
    0x0926, 0x0948, 0x0948, 0x124D, 0x0169, 0x098A, 0x00E6, 0x0988, 0x0927, 0x0063, 0x00C5, 0x0042,
    0x0042, 0x0063, 0x0042, 0x0021, 0x0021, 0x0042, 0x00C4, 0x0000, 0x0001, 0x0000, 0x0000, 0x0000,
    0x0000, 0x0000, 0x0001, 0x0001, 0x0022, 0x08E5, 0x0001, 0x0022, 0x0021, 0x0063, 0x0063, 0x0042,
    0x0063, 0x00C5, 0x0043, 0x09A8, 0x00E6, 0x0927, 0x0948, 0x0988, 0x11A9, 0x00E5, 0x0906, 0x0906,
    0x1147, 0x08A3, 0x08A4, 0x08A3, 0x08E5, 0x08A3, 0x0883, 0x08A4, 0x0062, 0x0883, 0x0083, 0x0063,
    0x0083, 0x0042, 0x0063, 0x0084, 0x0062, 0x0062, 0x1925, 0x0042, 0x0062, 0x0063, 0x0083, 0x0063,
    0x0083, 0x08A4, 0x08E5, 0x22EE, 0x0906, 0x0947, 0x08C4, 0x08C4, 0x0947, 0x0906, 0x0906, 0x08A4,
    0x0883, 0x08C5, 0x0883, 0x0042, 0x0042, 0x0042, 0x0042, 0x0042, 0x0042, 0x0042, 0x0022, 0x0042,
    0x0021, 0x0021, 0x0021, 0x0021, 0x0021, 0x0021, 0x0022, 0x0042, 0x0042, 0x0063, 0x0042, 0x0021,
    0x0021, 0x0021, 0x0022, 0x0021, 0x0041, 0x0041, 0x0021, 0x0041, 0x0042, 0x0042, 0x0042, 0x0042,
    0x0042, 0x0042, 0x0042, 0x0042, 0x0042, 0x0062, 0x0062, 0x0042, 0x0062, 0x0062, 0x0062, 0x0062,
    0x0042, 0x0041, 0x00C4, 0x0083, 0x0062, 0x0062, 0x0083, 0x0083, 0x00A4, 0x0083, 0x0062, 0x0083,
    0x00A4, 0x0084, 0x0083, 0x0062, 0x0063, 0x0083, 0x0063, 0x0042, 0x00C4, 0x00A4, 0x0042, 0x0062,
    0x0062, 0x0062, 0x0042, 0x0042, 0x0042, 0x0062, 0x0042, 0x0042, 0x0042, 0x0042, 0x0042, 0x0042,
    0x0042, 0x0042, 0x0042, 0x0041, 0x0041, 0x0021, 0x0021, 0x0021, 0x0021, 0x0021, 0x0021, 0x0021,
    0x0021, 0x0042, 0x0083, 0x0042, 0x0042, 0x0022, 0x0021, 0x0021, 0x0021, 0x0021, 0x0021, 0x0021,
    0x0042, 0x0021, 0x0041, 0x0041, 0x0042, 0x0042, 0x0042, 0x0042, 0x0042, 0x0883, 0x08C5, 0x0083,
    0x08C5, 0x0906, 0x0906, 0x0927, 0x0084, 0x0906, 0x0927, 0x0947, 0x1A6C, 0x08A4, 0x08C4, 0x0083,
    0x0063, 0x0063, 0x0062, 0x0042, 0x10E5, 0x08C4, 0x0042, 0x0042, 0x0083, 0x0042, 0x0042, 0x0883,
    0x0063, 0x0084, 0x0042, 0x0862, 0x0883, 0x0862, 0x08C4, 0x08A4, 0x0883, 0x0883, 0x08C4, 0x0926,
    0x00E5, 0x08E6, 0x00E6, 0x122C, 0x0128, 0x0928, 0x00A5, 0x0947, 0x0906, 0x0063, 0x00A5, 0x0042,
    0x0042, 0x0063, 0x0042, 0x0021, 0x0001, 0x0042, 0x00A4, 0x0000, 0x0001, 0x0000, 0x0000, 0x0000,
    0x0000, 0x0000, 0x0001, 0x0001, 0x0021, 0x08E5, 0x0001, 0x0022, 0x0021, 0x0063, 0x0063, 0x0042,
    0x0063, 0x00C5, 0x0042, 0x0988, 0x00E5, 0x00E5, 0x00E6, 0x0968, 0x0989, 0x00A4, 0x0906, 0x0927,
    0x00A4, 0x0883, 0x0083, 0x08E5, 0x08A4, 0x0062, 0x08A3, 0x0883, 0x0042, 0x0883, 0x0083, 0x0883,
    0x0083, 0x0021, 0x0883, 0x0083, 0x0042, 0x0083, 0x08C4, 0x0062, 0x0063, 0x0083, 0x0883, 0x0083,
    0x0905, 0x0947, 0x0083, 0x08E5, 0x0947, 0x08A4, 0x08E5, 0x0947, 0x0906, 0x0947, 0x08A3, 0x08C4,
    0x08E5, 0x0862, 0x0862, 0x0862, 0x0042, 0x0042, 0x0042, 0x0042, 0x0042, 0x0042, 0x0042, 0x0042,
    0x0041, 0x0021, 0x0021, 0x0042, 0x0063, 0x0063, 0x0063, 0x0042, 0x0042, 0x0042, 0x0021, 0x0021,
    0x0021, 0x0021, 0x0021, 0x0021, 0x0041, 0x0041, 0x0042, 0x0042, 0x0042, 0x0042, 0x0042, 0x0042,
    0x0042, 0x0042, 0x0042, 0x0042, 0x0042, 0x0042, 0x0042, 0x0042, 0x0062, 0x0042, 0x0062, 0x0042,
    0x0042, 0x0021, 0x00A4, 0x0083, 0x0042, 0x0042, 0x0063, 0x0062, 0x0062, 0x0062, 0x0042, 0x0083,
    0x0063, 0x0062, 0x0062, 0x0063, 0x0062, 0x0062, 0x0042, 0x0042, 0x00A4, 0x0083, 0x0041, 0x0042,
    0x0042, 0x0042, 0x0042, 0x0042, 0x0042, 0x0042, 0x0042, 0x0042, 0x0042, 0x0042, 0x0042, 0x0042,
    0x0041, 0x0041, 0x0042, 0x0042, 0x0041, 0x0021, 0x0021, 0x0021, 0x0021, 0x0021, 0x0021, 0x0021,
    0x0021, 0x0022, 0x0042, 0x0042, 0x0063, 0x0063, 0x0063, 0x0063, 0x0043, 0x0021, 0x0021, 0x0022,
    0x0022, 0x0022, 0x0042, 0x0042, 0x0042, 0x0042, 0x0042, 0x0042, 0x0862, 0x0862, 0x0883, 0x08E6,
    0x08A4, 0x08A4, 0x0927, 0x0926, 0x0968, 0x08E5, 0x0906, 0x0947, 0x08E5, 0x00A4, 0x0946, 0x0883,
    0x0083, 0x0083, 0x0063, 0x0062, 0x0083, 0x08A4, 0x0062, 0x0062, 0x08A4, 0x0062, 0x0000, 0x08A3,
    0x0063, 0x0083, 0x0062, 0x0062, 0x10E4, 0x0062, 0x0042, 0x08A4, 0x08A4, 0x0883, 0x0883, 0x08C4,
    0x0906, 0x00C5, 0x00C5, 0x09EB, 0x00E6, 0x00E6, 0x0084, 0x0927, 0x08E6, 0x0043, 0x00A4, 0x0022,
    0x0022, 0x0063, 0x0042, 0x0021, 0x0001, 0x0042, 0x08A4, 0x0000, 0x0001, 0x0000, 0x0000, 0x0000,
    0x0000, 0x0000, 0x0001, 0x0001, 0x0021, 0x08C5, 0x0001, 0x0021, 0x0021, 0x0063, 0x0063, 0x0042,
    0x0042, 0x00A5, 0x0042, 0x0967, 0x00C4, 0x00A4, 0x00A5, 0x0927, 0x11A9, 0x00A5, 0x0927, 0x0084,
    0x0083, 0x0083, 0x08E5, 0x08C4, 0x0062, 0x0883, 0x08A4, 0x0042, 0x0042, 0x08A4, 0x0063, 0x0062,
    0x0062, 0x1126, 0x08A4, 0x0042, 0x0062, 0x0063, 0x00C5, 0x0083, 0x0083, 0x0883, 0x08A4, 0x08C4,
    0x1147, 0x1188, 0x08C4, 0x0947, 0x08C4, 0x0927, 0x0967, 0x1167, 0x1167, 0x10C3, 0x1105, 0x10C4,
    0x0862, 0x0862, 0x0862, 0x0862, 0x0042, 0x0042, 0x0042, 0x0042, 0x0042, 0x0042, 0x0042, 0x0041,
    0x0021, 0x0063, 0x0063, 0x0042, 0x0042, 0x0022, 0x0021, 0x0021, 0x0021, 0x0021, 0x0021, 0x0021,
    0x0021, 0x0021, 0x0041, 0x0041, 0x0041, 0x0042, 0x0042, 0x0042, 0x0042, 0x0042, 0x0042, 0x0042,
    0x0042, 0x0042, 0x0042, 0x0042, 0x0041, 0x0042, 0x0062, 0x0062, 0x0062, 0x0062, 0x0042, 0x0042,
    0x0062, 0x0042, 0x0083, 0x0062, 0x0042, 0x0062, 0x0062, 0x0062, 0x0062, 0x0062, 0x0062, 0x0083,
    0x0062, 0x0062, 0x0062, 0x0083, 0x0062, 0x0062, 0x0042, 0x0042, 0x0083, 0x0062, 0x0042, 0x0042,
    0x0062, 0x0062, 0x0042, 0x0042, 0x0042, 0x0042, 0x0042, 0x0042, 0x0042, 0x0042, 0x0042, 0x0041,
    0x0041, 0x0042, 0x0042, 0x0042, 0x0041, 0x0041, 0x0021, 0x0021, 0x0021, 0x0041, 0x0021, 0x0021,
    0x0021, 0x0021, 0x0021, 0x0021, 0x0021, 0x0021, 0x0022, 0x0042, 0x0063, 0x0084, 0x0042, 0x0021,
    0x0022, 0x0042, 0x0042, 0x0041, 0x0042, 0x0042, 0x0042, 0x0042, 0x0862, 0x0862, 0x0862, 0x0882,
    0x10E5, 0x08E5, 0x08A4, 0x1168, 0x1188, 0x11A9, 0x08E6, 0x08E5, 0x1168, 0x08A4, 0x11EA, 0x08C5,
    0x08C5, 0x00A4, 0x00A3, 0x0083, 0x0084, 0x00A4, 0x0063, 0x0062, 0x0062, 0x0883, 0x1147, 0x0021,
    0x0021, 0x08A4, 0x0883, 0x0042, 0x0883, 0x08A4, 0x0062, 0x0042, 0x08C4, 0x08A4, 0x0083, 0x0063,
    0x00A4, 0x0906, 0x00C5, 0x1189, 0x00A5, 0x00C5, 0x0063, 0x0926, 0x08E5, 0x0042, 0x0084, 0x0022,
    0x0022, 0x0042, 0x0022, 0x0021, 0x0001, 0x0042, 0x08A4, 0x0000, 0x0001, 0x0000, 0x0000, 0x0000,
    0x0000, 0x0000, 0x0000, 0x0001, 0x0021, 0x08C4, 0x0001, 0x0021, 0x0021, 0x0063, 0x0042, 0x0022,
    0x0042, 0x00A4, 0x0022, 0x0947, 0x00A4, 0x0084, 0x00A4, 0x0906, 0x11A9, 0x0084, 0x00A4, 0x0083,
    0x0083, 0x0083, 0x08E5, 0x0063, 0x0063, 0x08C4, 0x0062, 0x0042, 0x08A4, 0x0083, 0x0022, 0x08C4,
    0x0883, 0x0063, 0x0063, 0x0063, 0x0042, 0x0084, 0x0906, 0x00A4, 0x08C4, 0x08C5, 0x08E5, 0x08C5,
    0x0084, 0x0927, 0x1147, 0x08A4, 0x1168, 0x1188, 0x1988, 0x1987, 0x2125, 0x1926, 0x10C3, 0x10A2,
    0x1082, 0x0862, 0x0862, 0x0862, 0x0862, 0x0042, 0x0042, 0x0042, 0x0042, 0x0042, 0x0021, 0x0042,
    0x0084, 0x0083, 0x0042, 0x0021, 0x0021, 0x0021, 0x0021, 0x0021, 0x0021, 0x0021, 0x0021, 0x0021,
    0x0021, 0x0021, 0x0042, 0x0042, 0x0042, 0x0042, 0x0042, 0x0042, 0x0042, 0x0042, 0x0042, 0x0042,
    0x0042, 0x0042, 0x0042, 0x0042, 0x0042, 0x0062, 0x0062, 0x0062, 0x0062, 0x0062, 0x0062, 0x0062,
    0x0062, 0x0062, 0x0083, 0x0062, 0x0062, 0x0083, 0x0063, 0x0062, 0x0083, 0x0063, 0x0083, 0x0083,
    0x0083, 0x0063, 0x0083, 0x0083, 0x0063, 0x0083, 0x0062, 0x0062, 0x0083, 0x0062, 0x0062, 0x0062,
    0x0062, 0x0062, 0x0062, 0x0062, 0x0042, 0x0062, 0x0042, 0x0062, 0x0062, 0x0042, 0x0042, 0x0042,
    0x0042, 0x0042, 0x0042, 0x0042, 0x0042, 0x0042, 0x0042, 0x0041, 0x0041, 0x0041, 0x0021, 0x0021,
    0x0021, 0x0021, 0x0021, 0x0021, 0x0021, 0x0021, 0x0021, 0x0021, 0x0021, 0x0042, 0x0084, 0x0063,
    0x0021, 0x0021, 0x0042, 0x0042, 0x0042, 0x0042, 0x0042, 0x0862, 0x0862, 0x0862, 0x0882, 0x1082,
    0x10A3, 0x10E4, 0x1926, 0x1905, 0x19A8, 0x1188, 0x1188, 0x0906, 0x08C4, 0x1168, 0x08C5, 0x00A4,
    0x08E6, 0x08E5, 0x00A4, 0x00A4, 0x00A4, 0x0906, 0x0063, 0x0062, 0x0063, 0x0062, 0x0063, 0x0083,
    0x0883, 0x0021, 0x08A4, 0x0063, 0x0021, 0x0063, 0x08A4, 0x0042, 0x0883, 0x08A4, 0x0062, 0x0063,
    0x0063, 0x00A4, 0x00C5, 0x1188, 0x0084, 0x00C5, 0x0063, 0x0906, 0x08E5, 0x0042, 0x0084, 0x0021,
    0x0021, 0x0042, 0x0022, 0x0001, 0x0001, 0x0042, 0x0083, 0x0000, 0x0001, 0x0000, 0x0000, 0x0000,
    0x0000, 0x0000, 0x0000, 0x0001, 0x0021, 0x08C4, 0x0001, 0x0021, 0x0021, 0x0062, 0x0042, 0x0022,
    0x0042, 0x00A4, 0x0022, 0x0946, 0x0084, 0x0083, 0x0084, 0x00E5, 0x0926, 0x0063, 0x00A4, 0x0083,
    0x08A4, 0x0062, 0x08C4, 0x0063, 0x0063, 0x08A4, 0x0022, 0x0083, 0x0883, 0x0042, 0x0883, 0x0883,
    0x08A4, 0x0906, 0x0042, 0x0062, 0x0083, 0x0906, 0x00A4, 0x08C5, 0x08E6, 0x0947, 0x0906, 0x00C4,
    0x1188, 0x1168, 0x08C4, 0x1188, 0x1188, 0x19A8, 0x2187, 0x2945, 0x2986, 0x3985, 0x3144, 0x10A3,
    0x1082, 0x0862, 0x0862, 0x0862, 0x0862, 0x0042, 0x0042, 0x0042, 0x0042, 0x0041, 0x0063, 0x0084,
    0x0042, 0x0021, 0x0042, 0x0042, 0x0042, 0x0021, 0x0021, 0x0021, 0x0021, 0x0022, 0x0021, 0x0021,
    0x0021, 0x0021, 0x0021, 0x0021, 0x0041, 0x0041, 0x0041, 0x0041, 0x0042, 0x0042, 0x0042, 0x0042,
    0x0042, 0x0042, 0x0042, 0x0042, 0x0042, 0x0042, 0x0042, 0x0042, 0x0042, 0x0042, 0x0062, 0x0062,
    0x0042, 0x0041, 0x0062, 0x0062, 0x0042, 0x0042, 0x0062, 0x0042, 0x0062, 0x0042, 0x0042, 0x0062,
    0x0062, 0x0062, 0x0062, 0x0062, 0x0042, 0x0062, 0x0042, 0x0042, 0x0062, 0x0062, 0x0042, 0x0042,
    0x0042, 0x0042, 0x0042, 0x0042, 0x0042, 0x0042, 0x0042, 0x0042, 0x0042, 0x0042, 0x0042, 0x0042,
    0x0042, 0x0042, 0x0042, 0x0042, 0x0042, 0x0042, 0x0041, 0x0041, 0x0041, 0x0021, 0x0021, 0x0021,
    0x0021, 0x0021, 0x0021, 0x0021, 0x0021, 0x0021, 0x0021, 0x0021, 0x0042, 0x0021, 0x0021, 0x0063,
    0x0084, 0x0042, 0x0041, 0x0042, 0x0042, 0x0042, 0x0042, 0x0862, 0x0862, 0x0862, 0x0882, 0x10A2,
    0x18C3, 0x3185, 0x2945, 0x29A7, 0x2125, 0x1967, 0x1147, 0x1167, 0x0905, 0x08C5, 0x11CA, 0x0947,
    0x00C5, 0x0927, 0x0907, 0x08E5, 0x00C5, 0x00C5, 0x00E5, 0x0062, 0x0063, 0x0042, 0x1188, 0x0063,
    0x0883, 0x0062, 0x0042, 0x08A4, 0x0062, 0x0042, 0x0083, 0x0042, 0x0083, 0x0083, 0x0062, 0x0083,
    0x0083, 0x0083, 0x0063, 0x0967, 0x0083, 0x00A4, 0x0042, 0x0905, 0x08E5, 0x0022, 0x0084, 0x0021,
    0x0021, 0x0042, 0x0022, 0x0021, 0x0001, 0x0042, 0x0083, 0x0000, 0x0001, 0x0000, 0x0000, 0x0000,
    0x0000, 0x0000, 0x0001, 0x0001, 0x0021, 0x08A4, 0x0001, 0x0021, 0x0021, 0x0042, 0x0042, 0x0022,
    0x0042, 0x00A4, 0x0021, 0x0946, 0x0084, 0x0063, 0x0083, 0x00C5, 0x0906, 0x0042, 0x0083, 0x08A4,
    0x08E5, 0x0042, 0x08A4, 0x0062, 0x0063, 0x08A4, 0x0042, 0x08A4, 0x0021, 0x0883, 0x08A4, 0x0883,
    0x0083, 0x0083, 0x0042, 0x0083, 0x0927, 0x00C5, 0x00C5, 0x0906, 0x0989, 0x0989, 0x0948, 0x11EB,
    0x1189, 0x08E5, 0x1126, 0x1147, 0x1988, 0x2166, 0x2966, 0x39E7, 0x6287, 0x942D, 0x39A5, 0x10A2,
    0x1082, 0x0862, 0x0862, 0x0862, 0x0862, 0x0062, 0x0062, 0x0042, 0x0042, 0x00A4, 0x0084, 0x0042,
    0x0042, 0x0042, 0x0042, 0x0042, 0x0042, 0x0022, 0x0021, 0x0021, 0x0021, 0x0021, 0x0022, 0x0021,
    0x0021, 0x0041, 0x0042, 0x0041, 0x0041, 0x0041, 0x0042, 0x0041, 0x0042, 0x0042, 0x0042, 0x0042,
    0x0042, 0x0042, 0x0042, 0x0042, 0x0042, 0x0042, 0x0042, 0x0042, 0x0042, 0x0042, 0x0062, 0x0062,
    0x0062, 0x0042, 0x0062, 0x0062, 0x0042, 0x0042, 0x0062, 0x0062, 0x0062, 0x0042, 0x0042, 0x0062,
    0x0062, 0x0062, 0x0062, 0x0062, 0x0042, 0x0062, 0x0042, 0x0042, 0x0062, 0x0062, 0x0042, 0x0042,
    0x0042, 0x0042, 0x0042, 0x0042, 0x0042, 0x0042, 0x0042, 0x0042, 0x0042, 0x0042, 0x0042, 0x0042,
    0x0042, 0x0042, 0x0042, 0x0042, 0x0042, 0x0041, 0x0042, 0x0041, 0x0041, 0x0041, 0x0021, 0x0021,
    0x0021, 0x0021, 0x0021, 0x0021, 0x0021, 0x0021, 0x0021, 0x0021, 0x0021, 0x0042, 0x0042, 0x0021,
    0x0042, 0x00A4, 0x0084, 0x0042, 0x0042, 0x0062, 0x0062, 0x0862, 0x0862, 0x0862, 0x0882, 0x10A3,
    0x10A2, 0x5A88, 0x83AB, 0x41A5, 0x39E8, 0x2125, 0x1926, 0x1967, 0x1147, 0x0906, 0x0926, 0x1A0B,
    0x1189, 0x0927, 0x098A, 0x0948, 0x08E6, 0x00A4, 0x00C5, 0x08E5, 0x0063, 0x0062, 0x0083, 0x0063,
    0x0042, 0x08A4, 0x0062, 0x0042, 0x0083, 0x0062, 0x0083, 0x0021, 0x0063, 0x0063, 0x0062, 0x1126,
    0x0063, 0x0063, 0x0063, 0x0947, 0x0063, 0x0084, 0x0042, 0x08E5, 0x08C5, 0x0022, 0x0084, 0x0021,
    0x0021, 0x0063, 0x0022, 0x0021, 0x0021, 0x0042, 0x0083, 0x0001, 0x0001, 0x0000, 0x0000, 0x0000,
    0x0000, 0x0000, 0x0001, 0x0001, 0x0021, 0x08E5, 0x0001, 0x0021, 0x0021, 0x10C4, 0x0862, 0x0021,
    0x0042, 0x00A4, 0x0021, 0x0946, 0x0083, 0x0063, 0x0063, 0x08C4, 0x0905, 0x0042, 0x0083, 0x0884,
    0x0063, 0x0042, 0x08A4, 0x0042, 0x0062, 0x08A4, 0x0042, 0x0042, 0x0042, 0x0042, 0x0084, 0x08C5,
    0x08A4, 0x0042, 0x0083, 0x0906, 0x08C4, 0x08C5, 0x0907, 0x09AA, 0x0A4E, 0x02D1, 0x1B12, 0x122C,
    0x0927, 0x1127, 0x1106, 0x1105, 0x1925, 0x2966, 0x2966, 0x62A8, 0xACAE, 0x49E5, 0x20E3, 0x18C3,
    0x1082, 0x0882, 0x0862, 0x0862, 0x0862, 0x0862, 0x0042, 0x0083, 0x00A5, 0x0063, 0x0041, 0x0042,
    0x0042, 0x0042, 0x0042, 0x0042, 0x0042, 0x0042, 0x0022, 0x0022, 0x0022, 0x0022, 0x0042, 0x0021,
    0x0041, 0x0041, 0x0042, 0x0041, 0x0042, 0x0042, 0x0042, 0x0042, 0x0042, 0x0042, 0x0042, 0x0042,
    0x0042, 0x0042, 0x0042, 0x0042, 0x0042, 0x0042, 0x0062, 0x0042, 0x0062, 0x0042, 0x0062, 0x0042,
    0x0042, 0x0062, 0x0062, 0x0062, 0x0062, 0x0062, 0x0062, 0x0062, 0x0062, 0x0062, 0x0062, 0x0062,
    0x0062, 0x0062, 0x0062, 0x0062, 0x0062, 0x0062, 0x0042, 0x0042, 0x0062, 0x0062, 0x0042, 0x0042,
    0x0042, 0x0062, 0x0042, 0x0042, 0x0042, 0x0042, 0x0042, 0x0042, 0x0042, 0x0042, 0x0042, 0x0042,
    0x0042, 0x0042, 0x0042, 0x0042, 0x0042, 0x0041, 0x0042, 0x0042, 0x0042, 0x0041, 0x0021, 0x0021,
    0x0022, 0x0021, 0x0021, 0x0021, 0x0021, 0x0021, 0x0021, 0x0021, 0x0042, 0x0042, 0x0042, 0x0042,
    0x0042, 0x0042, 0x0084, 0x08A4, 0x0062, 0x0062, 0x0863, 0x0862, 0x0862, 0x0862, 0x0882, 0x10A3,
    0x18C3, 0x18C2, 0x62A8, 0x9C2D, 0x41C5, 0x2987, 0x2966, 0x1946, 0x1105, 0x1106, 0x0927, 0x0948,
    0x1A6E, 0x128F, 0x0270, 0x0A2E, 0x0948, 0x08E5, 0x00A4, 0x08C5, 0x08E5, 0x0062, 0x0042, 0x1106,
    0x0084, 0x0042, 0x0062, 0x0042, 0x0042, 0x0042, 0x0063, 0x0021, 0x0063, 0x0063, 0x0021, 0x0063,
    0x0063, 0x0042, 0x0062, 0x0926, 0x0063, 0x0083, 0x0022, 0x08E5, 0x00C4, 0x0022, 0x0083, 0x0021,
    0x0021, 0x10A3, 0x0883, 0x0001, 0x0021, 0x0043, 0x08A4, 0x0000, 0x0001, 0x0000, 0x0000, 0x0000,
    0x0000, 0x0000, 0x0001, 0x0001, 0x0021, 0x08A4, 0x0021, 0x0021, 0x0041, 0x0862, 0x0022, 0x0021,
    0x0042, 0x08A4, 0x0021, 0x0946, 0x0083, 0x0063, 0x0063, 0x00A4, 0x08E5, 0x0042, 0x0062, 0x0883,
    0x0083, 0x0042, 0x08A4, 0x0042, 0x0062, 0x0883, 0x0042, 0x0042, 0x0042, 0x0083, 0x0063, 0x0062,
    0x08A3, 0x0063, 0x08E6, 0x08A4, 0x08A4, 0x08E5, 0x0969, 0x0A4E, 0x2CB8, 0x6EBD, 0x1C98, 0x09EC,
    0x1168, 0x1147, 0x1105, 0x1905, 0x2125, 0x2125, 0x5267, 0x7B4A, 0x3984, 0x2923, 0x20E3, 0x10A3,
    0x1082, 0x0862, 0x0862, 0x0882, 0x0862, 0x0042, 0x08A4, 0x00A4, 0x0042, 0x0042, 0x0042, 0x0042,
    0x0042, 0x0042, 0x0042, 0x0042, 0x0042, 0x0042, 0x0042, 0x0021, 0x0021, 0x0022, 0x0021, 0x0042,
    0x0041, 0x0042, 0x0042, 0x0041, 0x0041, 0x0042, 0x0042, 0x0042, 0x0042, 0x0042, 0x0042, 0x0042,
    0x0042, 0x0042, 0x0042, 0x0042, 0x0042, 0x0042, 0x0062, 0x0062, 0x0062, 0x0042, 0x0062, 0x0042,
    0x0042, 0x0042, 0x0062, 0x0062, 0x0062, 0x0062, 0x0062, 0x0042, 0x0062, 0x0062, 0x0062, 0x0062,
    0x0062, 0x0062, 0x0062, 0x0062, 0x0062, 0x0062, 0x0062, 0x0042, 0x0062, 0x0062, 0x0042, 0x0042,
    0x0062, 0x0062, 0x0042, 0x0042, 0x0042, 0x0042, 0x0042, 0x0062, 0x0042, 0x0042, 0x0042, 0x0042,
    0x0042, 0x0042, 0x0042, 0x0042, 0x0042, 0x0042, 0x0041, 0x0042, 0x0022, 0x0041, 0x0021, 0x0041,
    0x0022, 0x0021, 0x0021, 0x0021, 0x0021, 0x0021, 0x0021, 0x0021, 0x0042, 0x0042, 0x0042, 0x0042,
    0x0042, 0x0042, 0x0042, 0x0062, 0x08C5, 0x0083, 0x0062, 0x0883, 0x0862, 0x0862, 0x0882, 0x1083,
    0x10A3, 0x2103, 0x28E3, 0x5206, 0x7B6A, 0x3985, 0x2986, 0x2125, 0x10E5, 0x1105, 0x1168, 0x118A,
    0x0A6E, 0x3D7A, 0x665C, 0x13B5, 0x09ED, 0x0927, 0x08E5, 0x0083, 0x08C4, 0x08A4, 0x0062, 0x0063,
    0x0042, 0x0084, 0x0042, 0x0042, 0x0022, 0x0042, 0x0063, 0x0021, 0x0063, 0x0063, 0x0021, 0x0042,
    0x0063, 0x0042, 0x0042, 0x0906, 0x0042, 0x0063, 0x0022, 0x08E5, 0x00C4, 0x0022, 0x0083, 0x0021,
    0x0021, 0x0042, 0x0862, 0x0021, 0x0001, 0x0042, 0x0083, 0x0001, 0x0001, 0x0000, 0x0000, 0x0000,
    0x0000, 0x0000, 0x0000, 0x0083, 0x122C, 0x0001, 0x0001, 0x0042, 0x0042, 0x0021, 0x0021, 0x0021,
    0x0042, 0x0883, 0x0001, 0x0926, 0x0083, 0x0062, 0x0042, 0x00A4, 0x08E5, 0x0042, 0x0062, 0x0063,
    0x0063, 0x0042, 0x08A4, 0x0042, 0x0062, 0x0883, 0x0042, 0x0042, 0x0083, 0x08A4, 0x0042, 0x0042,
    0x0062, 0x08E6, 0x00A4, 0x0083, 0x08C4, 0x0906, 0x11CB, 0x024F, 0x4E1C, 0xCFFF, 0x251A, 0x0A8F,
    0x11CA, 0x1167, 0x1925, 0x1905, 0x18E4, 0x4A27, 0x62C9, 0x2903, 0x2903, 0x20E3, 0x18C3, 0x10A3,
    0x1082, 0x0882, 0x1083, 0x0862, 0x0063, 0x08C5, 0x0084, 0x0042, 0x0042, 0x0042, 0x0042, 0x0042,
    0x0042, 0x0042, 0x0042, 0x0042, 0x0042, 0x0042, 0x0022, 0x0022, 0x0021, 0x0021, 0x0041, 0x0041,
    0x0042, 0x0042, 0x0042, 0x0042, 0x0042, 0x0042, 0x0042, 0x0042, 0x0042, 0x0042, 0x0042, 0x0042,
    0x0042, 0x0042, 0x0042, 0x0042, 0x0042, 0x0042, 0x0062, 0x0042, 0x0042, 0x0042, 0x0042, 0x0042,
    0x0042, 0x0042, 0x0062, 0x0062, 0x0042, 0x0042, 0x0042, 0x0042, 0x0062, 0x0042, 0x0062, 0x0062,
    0x0062, 0x0042, 0x0042, 0x0042, 0x0042, 0x0062, 0x0042, 0x0042, 0x0062, 0x0062, 0x0042, 0x0042,
    0x0062, 0x0042, 0x0042, 0x0042, 0x0042, 0x0042, 0x0042, 0x0042, 0x0042, 0x0042, 0x0042, 0x0042,
    0x0042, 0x0042, 0x0042, 0x0042, 0x0042, 0x0041, 0x0041, 0x0041, 0x0021, 0x0041, 0x0041, 0x0021,
    0x0042, 0x0041, 0x0021, 0x0021, 0x0021, 0x0021, 0x0021, 0x0022, 0x0042, 0x0042, 0x0042, 0x0042,
    0x0042, 0x0042, 0x0042, 0x0042, 0x0042, 0x00A4, 0x08C5, 0x0062, 0x0883, 0x0883, 0x0882, 0x1083,
    0x10A3, 0x18C3, 0x2103, 0x20E3, 0x3164, 0x62E9, 0x3185, 0x1904, 0x1905, 0x1126, 0x1168, 0x120C,
    0x0AF2, 0x5E5D, 0xC7FF, 0x1C98, 0x0A0D, 0x0989, 0x08C5, 0x00A4, 0x0063, 0x08A4, 0x00A4, 0x0042,
    0x0042, 0x0042, 0x08C5, 0x0062, 0x0021, 0x0042, 0x0063, 0x0021, 0x0063, 0x0063, 0x0021, 0x0062,
    0x0062, 0x0042, 0x0042, 0x08E6, 0x0042, 0x0063, 0x0022, 0x08E5, 0x00C4, 0x0022, 0x0883, 0x0021,
    0x0021, 0x0021, 0x0021, 0x0042, 0x0022, 0x0000, 0x00C5, 0x122B, 0x0000, 0x0001, 0x0000, 0x0000,
    0x0000, 0x0000, 0x0001, 0x0001, 0x0063, 0x0947, 0x0022, 0x0021, 0x0021, 0x0021, 0x0021, 0x0042,
    0x0042, 0x0083, 0x0001, 0x0926, 0x0063, 0x0042, 0x0042, 0x00A4, 0x08C5, 0x0022, 0x0042, 0x0063,
    0x0063, 0x0042, 0x08A4, 0x0042, 0x0062, 0x0883, 0x0022, 0x0042, 0x0083, 0x0042, 0x0062, 0x0062,
    0x08C4, 0x00A4, 0x0083, 0x08A4, 0x08C5, 0x0948, 0x0969, 0x122D, 0x1BD5, 0x1C98, 0x13B4, 0x124D,
    0x1189, 0x1967, 0x1905, 0x10C4, 0x4A48, 0x4A48, 0x18C3, 0x2103, 0x18E3, 0x18C3, 0x10A3, 0x1082,
    0x1083, 0x10A3, 0x0862, 0x08A4, 0x08E5, 0x0063, 0x0042, 0x0062, 0x0042, 0x0042, 0x0042, 0x0042,
    0x0042, 0x0042, 0x0042, 0x0042, 0x0042, 0x0042, 0x0042, 0x0022, 0x0021, 0x0041, 0x0041, 0x0041,
    0x0041, 0x0042, 0x0042, 0x0042, 0x0042, 0x0042, 0x0042, 0x0042, 0x0042, 0x0042, 0x0042, 0x0042,
    0x0042, 0x0042, 0x0042, 0x0042, 0x0042, 0x0042, 0x0062, 0x0042, 0x0042, 0x0062, 0x0062, 0x0042,
    0x0042, 0x0042, 0x0062, 0x0042, 0x0042, 0x0042, 0x0042, 0x0042, 0x0062, 0x0042, 0x0042, 0x0062,
    0x0062, 0x0042, 0x0042, 0x0042, 0x0042, 0x0042, 0x0042, 0x0062, 0x0062, 0x0062, 0x0042, 0x0042,
    0x0062, 0x0062, 0x0042, 0x0042, 0x0042, 0x0042, 0x0042, 0x0042, 0x0042, 0x0042, 0x0042, 0x0042,
    0x0042, 0x0042, 0x0042, 0x0042, 0x0041, 0x0041, 0x0041, 0x0041, 0x0041, 0x0041, 0x0041, 0x0021,
    0x0021, 0x0021, 0x0021, 0x0021, 0x0021, 0x0021, 0x0021, 0x0021, 0x0042, 0x0042, 0x0042, 0x0042,
    0x0042, 0x0042, 0x0042, 0x0042, 0x0062, 0x0042, 0x00A4, 0x08E6, 0x0883, 0x0882, 0x10C3, 0x0883,
    0x10A3, 0x10A3, 0x18C3, 0x20E3, 0x20E3, 0x2944, 0x5AC9, 0x3185, 0x18E4, 0x2146, 0x1989, 0x11A9,
    0x12D1, 0x13F6, 0x1C78, 0x1394, 0x09AB, 0x0969, 0x0907, 0x00A4, 0x0083, 0x0062, 0x08A4, 0x0083,
    0x0042, 0x0041, 0x0063, 0x0063, 0x0021, 0x0042, 0x0063, 0x0021, 0x0063, 0x0063, 0x0021, 0x0042,
    0x0063, 0x0021, 0x0042, 0x08E5, 0x0042, 0x0063, 0x0021, 0x08E5, 0x08C4, 0x0021, 0x0883, 0x0842,
    0x0021, 0x0021, 0x0021, 0x0021, 0x0001, 0x0084, 0x0927, 0x0021, 0x0001, 0x0000, 0x0000, 0x0000,
    0x0000, 0x0000, 0x0001, 0x0001, 0x0000, 0x0063, 0x1168, 0x0021, 0x0021, 0x0021, 0x0022, 0x0042,
    0x0042, 0x0883, 0x0001, 0x0926, 0x0063, 0x0042, 0x0042, 0x00A4, 0x08E5, 0x0021, 0x0042, 0x0863,
    0x0063, 0x0021, 0x08A4, 0x0042, 0x0062, 0x0883, 0x0042, 0x0042, 0x0083, 0x0062, 0x0042, 0x08A4,
    0x0084, 0x0062, 0x08A4, 0x0083, 0x08C5, 0x0906, 0x0927, 0x11AA, 0x09AA, 0x0A4E, 0x120C, 0x1168,
    0x1147, 0x1905, 0x10C3, 0x4248, 0x4228, 0x18A3, 0x20E3, 0x18C3, 0x18C3, 0x10A3, 0x10A3, 0x10A3,
    0x10A3, 0x0862, 0x08E5, 0x08E5, 0x0062, 0x0062, 0x0062, 0x0062, 0x0062, 0x0042, 0x0042, 0x0042,
    0x0042, 0x0042, 0x0042, 0x0042, 0x0042, 0x0042, 0x0042, 0x0042, 0x0042, 0x0042, 0x0042, 0x0042,
    0x0041, 0x0042, 0x0042, 0x0042, 0x0042, 0x0042, 0x0042, 0x0042, 0x0042, 0x0042, 0x0042, 0x0042,
    0x0042, 0x0042, 0x0042, 0x0042, 0x0042, 0x0042, 0x0062, 0x0062, 0x0042, 0x0042, 0x0062, 0x0062,
    0x0062, 0x0042, 0x0062, 0x0062, 0x0062, 0x0062, 0x0062, 0x0062, 0x0062, 0x0062, 0x0062, 0x0062,
    0x0062, 0x0062, 0x0062, 0x0062, 0x0062, 0x0062, 0x0062, 0x0062, 0x0062, 0x0062, 0x0062, 0x0062,
    0x0062, 0x0062, 0x0042, 0x0042, 0x0062, 0x0042, 0x0042, 0x0042, 0x0042, 0x0042, 0x0042, 0x0042,
    0x0042, 0x0042, 0x0042, 0x0042, 0x0042, 0x0041, 0x0041, 0x0041, 0x0042, 0x0042, 0x0041, 0x0041,
    0x0021, 0x0021, 0x0021, 0x0021, 0x0021, 0x0022, 0x0022, 0x0022, 0x0042, 0x0042, 0x0042, 0x0042,
    0x0042, 0x0042, 0x0042, 0x0062, 0x0062, 0x0063, 0x0042, 0x0083, 0x0906, 0x08A4, 0x0882, 0x10A3,
    0x10A3, 0x10A3, 0x10A3, 0x18C3, 0x18E3, 0x18E4, 0x2104, 0x5AA8, 0x3186, 0x10E4, 0x1926, 0x1147,
    0x11AA, 0x128F, 0x01ED, 0x11EC, 0x11EB, 0x0907, 0x0927, 0x08C4, 0x0083, 0x08A3, 0x0063, 0x08A4,
    0x0062, 0x0042, 0x0062, 0x0062, 0x0042, 0x0062, 0x0083, 0x0021, 0x0062, 0x0063, 0x0021, 0x0063,
    0x0063, 0x0022, 0x0021, 0x08E5, 0x0042, 0x0063, 0x0022, 0x08E5, 0x08C4, 0x0021, 0x0863, 0x0021,
    0x0862, 0x0021, 0x0021, 0x0000, 0x0083, 0x1127, 0x0001, 0x0001, 0x0001, 0x0000, 0x0000, 0x0000,
    0x0000, 0x0000, 0x0001, 0x0001, 0x0022, 0x0021, 0x0062, 0x0927, 0x0001, 0x0021, 0x0042, 0x0021,
    0x0062, 0x1905, 0x0001, 0x0988, 0x0062, 0x0042, 0x0042, 0x0083, 0x08A4, 0x0022, 0x0042, 0x0863,
    0x0062, 0x0021, 0x08A4, 0x0042, 0x0042, 0x08A4, 0x0883, 0x0042, 0x0083, 0x0063, 0x0042, 0x0883,
    0x08A4, 0x08C4, 0x0083, 0x08A4, 0x08E5, 0x08C5, 0x1148, 0x0906, 0x11EB, 0x1A0B, 0x1148, 0x1147,
    0x1105, 0x10A4, 0x4228, 0x4227, 0x10A3, 0x18E3, 0x18C3, 0x10C3, 0x10A3, 0x10A3, 0x10C3, 0x10A3,
    0x0883, 0x0906, 0x08C5, 0x0062, 0x0063, 0x0062, 0x0062, 0x0062, 0x0062, 0x0042, 0x0042, 0x0042,
    0x0063, 0x0042, 0x0042, 0x0042, 0x0042, 0x0042, 0x0021, 0x0022, 0x0022, 0x0042, 0x0042, 0x0042,
    0x0042, 0x0042, 0x0042, 0x0042, 0x0042, 0x0042, 0x0042, 0x0042, 0x0042, 0x0042, 0x0042, 0x0042,
    0x0042, 0x0042, 0x0042, 0x0042, 0x0042, 0x0042, 0x0042, 0x0042, 0x0042, 0x0042, 0x0042, 0x0042,
    0x0042, 0x0042, 0x0042, 0x0042, 0x0042, 0x0042, 0x0042, 0x0042, 0x0062, 0x0042, 0x0042, 0x0062,
    0x0062, 0x0062, 0x0062, 0x0062, 0x0042, 0x0062, 0x0042, 0x0042, 0x0062, 0x0062, 0x0062, 0x0042,
    0x0042, 0x0042, 0x0042, 0x0042, 0x0042, 0x0042, 0x0042, 0x0042, 0x0042, 0x0042, 0x0042, 0x0042,
    0x0042, 0x0042, 0x0042, 0x0042, 0x0042, 0x0041, 0x0042, 0x0042, 0x0042, 0x0042, 0x0042, 0x0022,
    0x0021, 0x0021, 0x0021, 0x0021, 0x0021, 0x0022, 0x0022, 0x0042, 0x0042, 0x0042, 0x0042, 0x0063,
    0x0042, 0x0042, 0x0062, 0x0062, 0x0062, 0x0062, 0x0063, 0x0063, 0x0083, 0x0906, 0x08E5, 0x0882,
    0x10C3, 0x10A3, 0x10A3, 0x10A3, 0x18C3, 0x18E3, 0x18C3, 0x18E3, 0x5288, 0x2965, 0x10C4, 0x1905,
    0x1168, 0x0968, 0x11AA, 0x0968, 0x1169, 0x0947, 0x00A4, 0x1126, 0x08A4, 0x0083, 0x1126, 0x08A4,
    0x0062, 0x0042, 0x0063, 0x0062, 0x0042, 0x0883, 0x0083, 0x0021, 0x0062, 0x0062, 0x0021, 0x0042,
    0x0063, 0x0021, 0x0021, 0x08E5, 0x0042, 0x0063, 0x0021, 0x08E5, 0x0906, 0x0000, 0x18E4, 0x0021,
    0x0022, 0x0042, 0x0000, 0x0042, 0x08E5, 0x0001, 0x0021, 0x0001, 0x0001, 0x0000, 0x0000, 0x0000,
    0x0000, 0x0000, 0x0001, 0x0001, 0x0883, 0x0063, 0x0001, 0x0042, 0x120B, 0x0062, 0x0021, 0x0021,
    0x0883, 0x0042, 0x0948, 0x0926, 0x0021, 0x0042, 0x0063, 0x0021, 0x0042, 0x0042, 0x0063, 0x0063,
    0x0042, 0x0021, 0x08A4, 0x0042, 0x0062, 0x08A4, 0x0042, 0x0042, 0x0883, 0x0063, 0x0062, 0x0083,
    0x08A4, 0x0083, 0x00A4, 0x0906, 0x0083, 0x08E5, 0x08E5, 0x1967, 0x1167, 0x1147, 0x1147, 0x1105,
    0x08C4, 0x4228, 0x4208, 0x10A3, 0x18E4, 0x10C3, 0x10C3, 0x10A3, 0x10A3, 0x10A3, 0x10A3, 0x08A4,
    0x0927, 0x08C4, 0x0063, 0x0083, 0x0083, 0x0063, 0x0063, 0x0063, 0x0062, 0x0042, 0x0063, 0x00A4,
    0x0063, 0x0042, 0x0042, 0x0042, 0x0042, 0x0042, 0x0042, 0x0042, 0x0042, 0x0042, 0x0042, 0x0042,
    0x0042, 0x0042, 0x0042, 0x0042, 0x0042, 0x0042, 0x0042, 0x0042, 0x0042, 0x0042, 0x0042, 0x0042,
    0x0042, 0x0042, 0x0042, 0x0042, 0x0042, 0x0042, 0x0042, 0x0042, 0x0042, 0x0042, 0x0042, 0x0042,
    0x0042, 0x0042, 0x0042, 0x0042, 0x0042, 0x0042, 0x0042, 0x0042, 0x0042, 0x0042, 0x0042, 0x0042,
    0x0062, 0x0042, 0x0042, 0x0042, 0x0042, 0x0062, 0x0042, 0x0042, 0x0042, 0x0062, 0x0062, 0x0042,
    0x0042, 0x0042, 0x0042, 0x0042, 0x0042, 0x0042, 0x0042, 0x0042, 0x0042, 0x0042, 0x0042, 0x0042,
    0x0042, 0x0042, 0x0042, 0x0042, 0x0042, 0x0042, 0x0042, 0x0042, 0x0042, 0x0042, 0x0042, 0x0042,
    0x0042, 0x0041, 0x0042, 0x0041, 0x0041, 0x0021, 0x0022, 0x0042, 0x0042, 0x0042, 0x0042, 0x0084,
    0x0084, 0x0062, 0x0042, 0x0062, 0x0062, 0x0063, 0x0063, 0x0083, 0x0083, 0x0883, 0x0906, 0x0906,
    0x0883, 0x10C4, 0x10C3, 0x10A3, 0x10A3, 0x10C3, 0x18C3, 0x18C3, 0x18E4, 0x5268, 0x2945, 0x10C4,
    0x1926, 0x1147, 0x1126, 0x1147, 0x1127, 0x08E5, 0x08C5, 0x0083, 0x1127, 0x0063, 0x0883, 0x08A4,
    0x0062, 0x0042, 0x0063, 0x0063, 0x0042, 0x0883, 0x0883, 0x0021, 0x0063, 0x0063, 0x0021, 0x0062,
    0x0084, 0x0001, 0x0022, 0x0042, 0x0042, 0x0063, 0x0042, 0x0021, 0x1168, 0x08E5, 0x0841, 0x0862,
    0x0021, 0x0021, 0x08C5, 0x1168, 0x0000, 0x0000, 0x08A4, 0x0063, 0x0000, 0x0000, 0x0000, 0x0000,
    0x0000, 0x0000, 0x0001, 0x0001, 0x0022, 0x0021, 0x0021, 0x0021, 0x08A4, 0x0042, 0x0021, 0x0062,
    0x0001, 0x1167, 0x0927, 0x0001, 0x0022, 0x0884, 0x0063, 0x0021, 0x0042, 0x0042, 0x0883, 0x0062,
    0x0062, 0x0021, 0x08A4, 0x0042, 0x0042, 0x08A4, 0x1904, 0x0042, 0x08A4, 0x0063, 0x0062, 0x08A4,
    0x0083, 0x0063, 0x0906, 0x08C4, 0x08A4, 0x08A4, 0x1905, 0x10E4, 0x10E5, 0x1106, 0x10E4, 0x08A3,
    0x39E8, 0x4208, 0x10A3, 0x18E4, 0x10C3, 0x10C3, 0x10A3, 0x10C3, 0x10E4, 0x10A3, 0x08C4, 0x0947,
    0x08A4, 0x0083, 0x08A4, 0x0084, 0x0083, 0x0063, 0x0063, 0x0062, 0x0062, 0x00A4, 0x0084, 0x0042,
    0x0021, 0x0042, 0x0042, 0x0042, 0x0042, 0x0042, 0x0042, 0x0042, 0x0042, 0x0042, 0x0042, 0x0042,
    0x0042, 0x0042, 0x0042, 0x0042, 0x0042, 0x0042, 0x0042, 0x0042, 0x0042, 0x0042, 0x0042, 0x0042,
    0x0042, 0x0042, 0x0042, 0x0042, 0x0042, 0x0042, 0x0042, 0x0042, 0x0042, 0x0042, 0x0042, 0x0042,
    0x0042, 0x0042, 0x0042, 0x0042, 0x0042, 0x0042, 0x0042, 0x0042, 0x0042, 0x0042, 0x0042, 0x0042,
    0x0062, 0x0062, 0x0042, 0x0042, 0x0042, 0x0042, 0x0042, 0x0062, 0x0042, 0x0042, 0x0062, 0x0042,
    0x0042, 0x0042, 0x0042, 0x0042, 0x0042, 0x0042, 0x0042, 0x0042, 0x0042, 0x0042, 0x0042, 0x0042,
    0x0042, 0x0042, 0x0042, 0x0042, 0x0042, 0x0042, 0x0042, 0x0042, 0x0042, 0x0042, 0x0041, 0x0042,
    0x0042, 0x0041, 0x0041, 0x0041, 0x0021, 0x0022, 0x0042, 0x0042, 0x0042, 0x0042, 0x0042, 0x0042,
    0x0063, 0x00A5, 0x0084, 0x0042, 0x0063, 0x0063, 0x0063, 0x0083, 0x08A4, 0x08A4, 0x0883, 0x0906,
    0x0948, 0x08A3, 0x10C3, 0x10A3, 0x10A3, 0x10C3, 0x10C3, 0x18E3, 0x18E4, 0x2104, 0x4A47, 0x2124,
    0x10C4, 0x1905, 0x08C4, 0x08E5, 0x1126, 0x1104, 0x00C4, 0x08C5, 0x08C5, 0x0906, 0x0042, 0x0083,
    0x0063, 0x0042, 0x0083, 0x0063, 0x0042, 0x1904, 0x0863, 0x0021, 0x0883, 0x0063, 0x0021, 0x0042,
    0x0063, 0x0063, 0x0021, 0x0042, 0x0022, 0x0042, 0x0084, 0x0022, 0x0001, 0x1168, 0x00A5, 0x0001,
    0x0062, 0x0001, 0x0063, 0x0062, 0x0021, 0x0001, 0x0022, 0x0022, 0x0000, 0x0000, 0x0000, 0x0000,
    0x0000, 0x0000, 0x0001, 0x0001, 0x0022, 0x0021, 0x00A4, 0x0042, 0x0000, 0x0021, 0x0062, 0x0001,
    0x0947, 0x0926, 0x0001, 0x0042, 0x0083, 0x00A4, 0x0021, 0x0042, 0x0042, 0x08A4, 0x0042, 0x0042,
    0x0042, 0x0042, 0x10C4, 0x0042, 0x0062, 0x0883, 0x10A3, 0x0062, 0x00A4, 0x0063, 0x0062, 0x08C5,
    0x0083, 0x08E5, 0x00A4, 0x08A4, 0x08A4, 0x1925, 0x1925, 0x08C4, 0x1105, 0x10E5, 0x08A3, 0x31C7,
    0x4249, 0x10A3, 0x18E4, 0x10C4, 0x10C4, 0x10C3, 0x10A3, 0x10E4, 0x08A3, 0x0906, 0x0968, 0x08C4,
    0x08A4, 0x08A4, 0x08C4, 0x0083, 0x00A4, 0x0083, 0x0062, 0x0084, 0x00C5, 0x0063, 0x0042, 0x0042,
    0x0042, 0x0042, 0x0042, 0x0042, 0x0042, 0x0042, 0x0042, 0x0021, 0x0042, 0x0041, 0x0042, 0x0042,
    0x0042, 0x0042, 0x0042, 0x0042, 0x0042, 0x0042, 0x0042, 0x0042, 0x0042, 0x0042, 0x0042, 0x0042,
    0x0042, 0x0042, 0x0042, 0x0042, 0x0042, 0x0042, 0x0042, 0x0042, 0x0042, 0x0042, 0x0042, 0x0042,
    0x0042, 0x0042, 0x0042, 0x0042, 0x0042, 0x0042, 0x0042, 0x0042, 0x0042, 0x0042, 0x0042, 0x0042,
    0x0042, 0x0042, 0x0042, 0x0042, 0x0042, 0x0042, 0x0042, 0x0042, 0x0062, 0x0062, 0x0062, 0x0062,
    0x0042, 0x0042, 0x0042, 0x0042, 0x0042, 0x0042, 0x0042, 0x0042, 0x0042, 0x0042, 0x0042, 0x0042,
    0x0042, 0x0042, 0x0042, 0x0042, 0x0042, 0x0042, 0x0042, 0x0042, 0x0042, 0x0042, 0x0041, 0x0041,
    0x0041, 0x0041, 0x0042, 0x0021, 0x0021, 0x0041, 0x0042, 0x0042, 0x0042, 0x0042, 0x0042, 0x0042,
    0x0042, 0x0062, 0x00A4, 0x00C5, 0x0083, 0x0063, 0x0083, 0x0084, 0x00A4, 0x08C4, 0x08C4, 0x08A4,
    0x08E6, 0x1189, 0x08C4, 0x10C4, 0x18E4, 0x10A3, 0x10C3, 0x10C3, 0x18E4, 0x18C4, 0x2104, 0x4A47,
    0x2104, 0x10C4, 0x10E4, 0x1905, 0x08C4, 0x1925, 0x10C4, 0x1106, 0x08A4, 0x08C5, 0x08E5, 0x0083,
    0x0063, 0x0063, 0x0083, 0x0083, 0x0042, 0x0862, 0x0863, 0x0021, 0x0062, 0x08A4, 0x0021, 0x0022,
    0x0001, 0x08C4, 0x08A4, 0x0001, 0x0022, 0x0021, 0x0043, 0x0084, 0x0022, 0x0001, 0x1168, 0x08C4,
    0x0001, 0x0863, 0x0001, 0x0001, 0x0083, 0x08A4, 0x0000, 0x0001, 0x0001, 0x0000, 0x0000, 0x0000,
    0x0000, 0x0000, 0x0001, 0x0001, 0x0084, 0x0042, 0x0043, 0x0022, 0x0021, 0x0042, 0x0001, 0x0907,
    0x0906, 0x0001, 0x0042, 0x0062, 0x00A4, 0x0021, 0x0042, 0x0042, 0x08A4, 0x0042, 0x0021, 0x0062,
    0x0042, 0x08A3, 0x0042, 0x0042, 0x0062, 0x10A4, 0x10E5, 0x0062, 0x08A4, 0x0083, 0x0083, 0x0084,
    0x2A4B, 0x1946, 0x0062, 0x08E4, 0x08A3, 0x10C4, 0x10C4, 0x08C4, 0x10E4, 0x08A3, 0x29A7, 0x4A49,
    0x10E4, 0x18E4, 0x10C3, 0x10C4, 0x10C4, 0x10C4, 0x1105, 0x08A3, 0x1147, 0x1168, 0x08C4, 0x08C5,
    0x08E5, 0x0906, 0x00A6, 0x11CA, 0x00C5, 0x0083, 0x08C5, 0x08C5, 0x0062, 0x0042, 0x0042, 0x0062,
    0x0063, 0x0042, 0x0042, 0x0042, 0x0042, 0x0042, 0x0042, 0x0042, 0x0042, 0x0042, 0x0042, 0x0042,
    0x0042, 0x0042, 0x0042, 0x0042, 0x0042, 0x0042, 0x0042, 0x0042, 0x0042, 0x0042, 0x0042, 0x0042,
    0x0042, 0x0042, 0x0042, 0x0042, 0x0042, 0x0042, 0x0042, 0x0042, 0x0042, 0x0042, 0x0042, 0x0042,
    0x0042, 0x0042, 0x0042, 0x0042, 0x0042, 0x0042, 0x0042, 0x0042, 0x0042, 0x0042, 0x0042, 0x0042,
    0x0042, 0x0042, 0x0042, 0x0042, 0x0042, 0x0042, 0x0042, 0x0042, 0x0062, 0x0042, 0x0042, 0x0042,
    0x0042, 0x0042, 0x0042, 0x0042, 0x0042, 0x0042, 0x0042, 0x0042, 0x0042, 0x0042, 0x0042, 0x0042,
    0x0042, 0x0042, 0x0042, 0x0042, 0x0042, 0x0042, 0x0042, 0x0042, 0x0042, 0x0042, 0x0041, 0x0041,
    0x0042, 0x0042, 0x0022, 0x0042, 0x0041, 0x0022, 0x0042, 0x0042, 0x0042, 0x0042, 0x0063, 0x0083,
    0x0062, 0x0062, 0x0062, 0x0084, 0x08E6, 0x00C5, 0x0063, 0x1168, 0x1189, 0x00A5, 0x0906, 0x08E5,
    0x08C4, 0x0906, 0x11A9, 0x08C4, 0x10C4, 0x10E4, 0x10C3, 0x10C4, 0x10C4, 0x18E4, 0x18E4, 0x2125,
    0x4A48, 0x18E4, 0x10C4, 0x18E4, 0x10C4, 0x10C4, 0x10C4, 0x0883, 0x10C4, 0x08A4, 0x222B, 0x19A8,
    0x0063, 0x0083, 0x08A4, 0x0883, 0x0042, 0x1904, 0x0883, 0x0042, 0x0041, 0x0063, 0x0063, 0x0042,
    0x0042, 0x0001, 0x08A4, 0x0883, 0x0001, 0x0022, 0x0022, 0x0084, 0x0063, 0x0021, 0x0001, 0x0968,
    0x08C5, 0x0021, 0x0042, 0x0001, 0x0042, 0x0042, 0x0084, 0x0042, 0x0000, 0x0000, 0x0000, 0x0000,
    0x0000, 0x0000, 0x0001, 0x0001, 0x0021, 0x0021, 0x0022, 0x0021, 0x0042, 0x0001, 0x0906, 0x08E6,
    0x0001, 0x0042, 0x0042, 0x0084, 0x0021, 0x0021, 0x0022, 0x0883, 0x0062, 0x0021, 0x0042, 0x0863,
    0x0062, 0x0042, 0x0042, 0x0862, 0x0042, 0x18C4, 0x1905, 0x0063, 0x08A4, 0x00A4, 0x0083, 0x00E5,
    0x2AAD, 0x1146, 0x08E4, 0x10E4, 0x10C4, 0x10E4, 0x10E4, 0x10C4, 0x0883, 0x2125, 0x4A69, 0x10C4,
    0x1904, 0x10C4, 0x10E4, 0x10C4, 0x10A4, 0x10E5, 0x08C4, 0x1167, 0x1189, 0x08C5, 0x08E5, 0x0906,
    0x0907, 0x00E8, 0x2B92, 0x2BD3, 0x00C6, 0x0907, 0x00A5, 0x0062, 0x0062, 0x0062, 0x0063, 0x0083,
    0x0062, 0x0042, 0x0042, 0x0042, 0x0042, 0x0042, 0x0042, 0x0042, 0x0042, 0x0042, 0x0042, 0x0041,
    0x0042, 0x0042, 0x0042, 0x0042, 0x0042, 0x0042, 0x0042, 0x0042, 0x0042, 0x0042, 0x0042, 0x0042,
    0x0042, 0x0042, 0x0042, 0x0042, 0x0042, 0x0042, 0x0042, 0x0042, 0x0042, 0x0042, 0x0042, 0x0042,
    0x0042, 0x0042, 0x0042, 0x0042, 0x0042, 0x0042, 0x0042, 0x0042, 0x0042, 0x0042, 0x0042, 0x0042,
    0x0042, 0x0042, 0x0042, 0x0042, 0x0042, 0x0042, 0x0042, 0x0042, 0x0042, 0x0062, 0x0042, 0x0042,
    0x0042, 0x0042, 0x0042, 0x0042, 0x0042, 0x0042, 0x0042, 0x0042, 0x0042, 0x0042, 0x0042, 0x0042,
    0x0042, 0x0042, 0x0042, 0x0042, 0x0042, 0x0042, 0x0042, 0x0042, 0x0042, 0x0042, 0x0042, 0x0041,
    0x0041, 0x0041, 0x0022, 0x0041, 0x0022, 0x0022, 0x0042, 0x0042, 0x0042, 0x0042, 0x0042, 0x0063,
    0x0083, 0x0063, 0x0062, 0x0063, 0x0083, 0x08E6, 0x00E6, 0x1169, 0x3C76, 0x1A4E, 0x00E7, 0x0927,
    0x0906, 0x08E5, 0x08E6, 0x11A9, 0x08E5, 0x10E5, 0x10C4, 0x10A3, 0x10C4, 0x10C4, 0x10C3, 0x10C4,
    0x2945, 0x4206, 0x10A3, 0x10C3, 0x10A3, 0x10A3, 0x1926, 0x1926, 0x0863, 0x08C4, 0x11A9, 0x1A0B,
    0x0084, 0x0084, 0x00A4, 0x08A4, 0x0062, 0x2125, 0x10A4, 0x0042, 0x0042, 0x0042, 0x0063, 0x0042,
    0x0883, 0x0041, 0x0001, 0x08A4, 0x0083, 0x0022, 0x0021, 0x0022, 0x0084, 0x0063, 0x0021, 0x0001,
    0x1168, 0x00A4, 0x0021, 0x0042, 0x0001, 0x0001, 0x0042, 0x0001, 0x0000, 0x0000, 0x0000, 0x0000,
    0x0000, 0x0000, 0x0001, 0x0001, 0x0001, 0x0001, 0x0021, 0x0042, 0x0021, 0x08E6, 0x0906, 0x0001,
    0x0042, 0x0062, 0x0084, 0x0021, 0x0042, 0x0021, 0x0063, 0x0062, 0x0021, 0x0862, 0x08A3, 0x0042,
    0x0883, 0x0862, 0x0062, 0x0062, 0x08A4, 0x0062, 0x0062, 0x08A4, 0x00C5, 0x00A4, 0x0906, 0x0927,
    0x0989, 0x0947, 0x08A4, 0x0883, 0x08A3, 0x10E5, 0x08C4, 0x08A3, 0x10E4, 0x4A69, 0x10E4, 0x10A4,
    0x10A3, 0x10C4, 0x10C4, 0x10C4, 0x1988, 0x08C4, 0x1188, 0x1188, 0x08C5, 0x0906, 0x0927, 0x0149,
    0x018B, 0x33F4, 0x2310, 0x00E7, 0x0928, 0x00A4, 0x0063, 0x0063, 0x0063, 0x0083, 0x0063, 0x0042,
    0x0042, 0x0042, 0x0042, 0x0042, 0x0042, 0x0042, 0x0042, 0x0042, 0x0042, 0x0042, 0x0042, 0x0042,
    0x0042, 0x0042, 0x0042, 0x0042, 0x0042, 0x0042, 0x0042, 0x0042, 0x0042, 0x0042, 0x0042, 0x0042,
    0x0042, 0x0042, 0x0042, 0x0042, 0x0042, 0x0042, 0x0042, 0x0042, 0x0042, 0x0042, 0x0042, 0x0042,
    0x0042, 0x0042, 0x0042, 0x0042, 0x0042, 0x0042, 0x0042, 0x0042, 0x0042, 0x0042, 0x0042, 0x0042,
    0x0042, 0x0062, 0x0042, 0x0042, 0x0042, 0x0042, 0x0042, 0x0042, 0x0062, 0x0062, 0x0042, 0x0042,
    0x0062, 0x0042, 0x0042, 0x0042, 0x0042, 0x0042, 0x0042, 0x0042, 0x0042, 0x0042, 0x0042, 0x0042,
    0x0042, 0x0042, 0x0042, 0x0042, 0x0042, 0x0042, 0x0042, 0x0042, 0x0042, 0x0042, 0x0042, 0x0041,
    0x0041, 0x0041, 0x0042, 0x0021, 0x0042, 0x0042, 0x0042, 0x0042, 0x0042, 0x0042, 0x0042, 0x0042,
    0x0042, 0x0083, 0x0084, 0x0063, 0x0063, 0x0063, 0x08E6, 0x0928, 0x016A, 0x3C14, 0x2331, 0x0129,
    0x0969, 0x0927, 0x08E5, 0x0906, 0x11EA, 0x1105, 0x10E5, 0x1946, 0x10A3, 0x10C4, 0x1925, 0x18C4,
    0x10A3, 0x2965, 0x39E6, 0x0883, 0x10A3, 0x08A3, 0x1105, 0x1946, 0x0063, 0x08E5, 0x19EB, 0x11A8,
    0x08E6, 0x00A4, 0x00A4, 0x00C5, 0x08C5, 0x0042, 0x08A3, 0x08A4, 0x0042, 0x0042, 0x0883, 0x0883,
    0x0042, 0x08A3, 0x0021, 0x0000, 0x08A4, 0x0042, 0x0021, 0x0021, 0x0001, 0x0083, 0x0883, 0x0021,
    0x0001, 0x0927, 0x0084, 0x0021, 0x0042, 0x0021, 0x0000, 0x0001, 0x0001, 0x0000, 0x0000, 0x0000,
    0x0000, 0x0000, 0x0001, 0x0001, 0x0062, 0x0042, 0x0021, 0x0021, 0x0063, 0x0906, 0x0001, 0x0042,
    0x0042, 0x0884, 0x0022, 0x0042, 0x0022, 0x0042, 0x0862, 0x0042, 0x0842, 0x10A3, 0x0021, 0x0883,
    0x18C3, 0x0882, 0x0042, 0x08C4, 0x0083, 0x0063, 0x0906, 0x0906, 0x0128, 0x0989, 0x11EA, 0x08C5,
    0x11EA, 0x0906, 0x0883, 0x19C9, 0x08E5, 0x0883, 0x08A3, 0x08C4, 0x4A89, 0x1904, 0x08A3, 0x1925,
    0x1946, 0x08C4, 0x10E5, 0x1126, 0x0906, 0x19C9, 0x11A9, 0x08C5, 0x0927, 0x0928, 0x016A, 0x124F,
    0x4496, 0x1A8F, 0x0129, 0x0969, 0x00A4, 0x0083, 0x0063, 0x0084, 0x0084, 0x0062, 0x0042, 0x0062,
    0x0063, 0x0042, 0x0042, 0x0042, 0x0042, 0x0042, 0x0042, 0x0042, 0x0042, 0x0042, 0x0042, 0x0042,
    0x0042, 0x0042, 0x0042, 0x0042, 0x0042, 0x0042, 0x0042, 0x0042, 0x0042, 0x0042, 0x0042, 0x0042,
    0x0042, 0x0042, 0x0042, 0x0042, 0x0042, 0x0042, 0x0042, 0x0042, 0x0042, 0x0042, 0x0042, 0x0042,
    0x0042, 0x0042, 0x0042, 0x0042, 0x0042, 0x0042, 0x0042, 0x0042, 0x0042, 0x0042, 0x0042, 0x0042,
    0x0042, 0x0042, 0x0042, 0x0042, 0x0042, 0x0042, 0x0042, 0x0042, 0x0062, 0x0042, 0x0042, 0x0042,
    0x0042, 0x0042, 0x0042, 0x0042, 0x0042, 0x0042, 0x0042, 0x0042, 0x0042, 0x0042, 0x0042, 0x0042,
    0x0042, 0x0042, 0x0042, 0x0042, 0x0042, 0x0042, 0x0042, 0x0042, 0x0041, 0x0041, 0x0041, 0x0041,
    0x0042, 0x0041, 0x0042, 0x0021, 0x0042, 0x0042, 0x0042, 0x0042, 0x0042, 0x0042, 0x0062, 0x0063,
    0x0042, 0x0042, 0x0083, 0x00A4, 0x0083, 0x0083, 0x0083, 0x08E6, 0x098A, 0x014A, 0x2B92, 0x33F5,
    0x01CD, 0x098A, 0x0927, 0x0906, 0x0906, 0x1A0B, 0x1126, 0x1106, 0x1106, 0x10C4, 0x1946, 0x2187,
    0x18E4, 0x08A3, 0x31C7, 0x31C7, 0x0062, 0x10A3, 0x0883, 0x08C4, 0x1967, 0x0084, 0x0927, 0x1168,
    0x0947, 0x1A2C, 0x0108, 0x0107, 0x08E5, 0x08C4, 0x0042, 0x08A4, 0x08A4, 0x0042, 0x0042, 0x10A4,
    0x0863, 0x0001, 0x08A3, 0x0042, 0x0001, 0x0042, 0x0021, 0x0021, 0x0042, 0x0021, 0x08A4, 0x0883,
    0x0041, 0x0001, 0x00E6, 0x0021, 0x0042, 0x0042, 0x0042, 0x0042, 0x0000, 0x0000, 0x0000, 0x0000,
    0x0000, 0x0000, 0x0001, 0x0001, 0x0062, 0x0063, 0x0021, 0x0001, 0x0063, 0x08C4, 0x0001, 0x0042,
    0x0083, 0x0021, 0x0042, 0x0042, 0x0021, 0x0041, 0x0021, 0x0842, 0x18C3, 0x0021, 0x0882, 0x18A3,
    0x0021, 0x0021, 0x08A4, 0x0883, 0x0062, 0x00A4, 0x08C5, 0x00E6, 0x1ACF, 0x6E7C, 0x0A2C, 0x00A4,
    0x08E6, 0x08A4, 0x0883, 0x08E5, 0x08C4, 0x0883, 0x0062, 0x4228, 0x2146, 0x0883, 0x0862, 0x21E9,
    0x2A2A, 0x0884, 0x1106, 0x1147, 0x11A8, 0x19C9, 0x08E5, 0x0947, 0x0969, 0x09ED, 0x1AF1, 0x4497,
    0x124F, 0x09AB, 0x0969, 0x00C5, 0x00A4, 0x0083, 0x08A4, 0x08A4, 0x0042, 0x0042, 0x0063, 0x0083,
    0x0062, 0x0042, 0x0042, 0x0042, 0x0042, 0x0042, 0x0042, 0x0042, 0x0042, 0x0042, 0x0042, 0x0042,
    0x0042, 0x0042, 0x0041, 0x0041, 0x0042, 0x0041, 0x0042, 0x0042, 0x0042, 0x0042, 0x0042, 0x0042,
    0x0042, 0x0042, 0x0042, 0x0042, 0x0042, 0x0042, 0x0042, 0x0042, 0x0042, 0x0042, 0x0042, 0x0042,
    0x0042, 0x0042, 0x0042, 0x0042, 0x0042, 0x0042, 0x0042, 0x0042, 0x0042, 0x0042, 0x0042, 0x0042,
    0x0042, 0x0042, 0x0042, 0x0042, 0x0042, 0x0042, 0x0042, 0x0042, 0x0042, 0x0042, 0x0042, 0x0042,
    0x0042, 0x0042, 0x0042, 0x0042, 0x0042, 0x0042, 0x0042, 0x0042, 0x0042, 0x0042, 0x0042, 0x0042,
    0x0042, 0x0042, 0x0042, 0x0042, 0x0042, 0x0042, 0x0042, 0x0042, 0x0041, 0x0041, 0x0042, 0x0042,
    0x0042, 0x0041, 0x0041, 0x0041, 0x0042, 0x0042, 0x0042, 0x0042, 0x0042, 0x0042, 0x0042, 0x0063,
    0x0083, 0x0062, 0x0042, 0x0063, 0x08A4, 0x00A4, 0x00A4, 0x08A4, 0x00E6, 0x09CB, 0x018B, 0x2373,
    0x3C97, 0x022F, 0x09CC, 0x1169, 0x0927, 0x0927, 0x11EA, 0x1126, 0x10E5, 0x1105, 0x0883, 0x32CC,
    0x1987, 0x0862, 0x08C4, 0x39E7, 0x2104, 0x0062, 0x0883, 0x10E5, 0x08A4, 0x0084, 0x08E5, 0x0907,
    0x00A5, 0x33D3, 0x65BA, 0x016A, 0x00C5, 0x00A4, 0x0063, 0x0042, 0x0883, 0x0862, 0x0001, 0x0021,
    0x10C4, 0x0042, 0x0022, 0x08A4, 0x0021, 0x0021, 0x0021, 0x0021, 0x0062, 0x0062, 0x0001, 0x0883,
    0x0862, 0x0021, 0x00A4, 0x0022, 0x0001, 0x0022, 0x0063, 0x0062, 0x0000, 0x0000, 0x0000, 0x0000,
    0x0000, 0x0000, 0x0000, 0x0001, 0x0001, 0x0001, 0x0021, 0x0001, 0x0063, 0x08C4, 0x0000, 0x0042,
    0x0042, 0x0042, 0x0042, 0x0021, 0x0041, 0x0021, 0x0862, 0x18E3, 0x0021, 0x0862, 0x18E3, 0x0021,
    0x0842, 0x2104, 0x0863, 0x0042, 0x0063, 0x0083, 0x00C4, 0x0085, 0x33D2, 0x3C96, 0x018A, 0x0948,
    0x0906, 0x0062, 0x08A4, 0x0883, 0x0883, 0x0062, 0x2965, 0x2966, 0x0063, 0x08A3, 0x1967, 0x08C4,
    0x08C4, 0x08E5, 0x00A4, 0x11A9, 0x11CA, 0x08E6, 0x0948, 0x0989, 0x0A4F, 0x2394, 0x44B7, 0x0A2E,
    0x09ED, 0x0989, 0x00C5, 0x08A4, 0x08A4, 0x08C5, 0x0883, 0x0062, 0x0062, 0x0083, 0x0063, 0x0042,
    0x0042, 0x0042, 0x0042, 0x0042, 0x0042, 0x0042, 0x0042, 0x0042, 0x0042, 0x0042, 0x0042, 0x0042,
    0x0042, 0x0041, 0x0042, 0x0042, 0x0042, 0x0042, 0x0042, 0x0042, 0x0042, 0x0042, 0x0042, 0x0042,
    0x0042, 0x0042, 0x0042, 0x0042, 0x0042, 0x0042, 0x0042, 0x0042, 0x0042, 0x0042, 0x0042, 0x0042,
    0x0042, 0x0042, 0x0042, 0x0042, 0x0042, 0x0042, 0x0042, 0x0042, 0x0042, 0x0042, 0x0042, 0x0042,
    0x0042, 0x0042, 0x0042, 0x0042, 0x0042, 0x0042, 0x0042, 0x0042, 0x0042, 0x0042, 0x0042, 0x0042,
    0x0042, 0x0042, 0x0042, 0x0042, 0x0042, 0x0042, 0x0042, 0x0042, 0x0042, 0x0042, 0x0042, 0x0042,
    0x0042, 0x0042, 0x0042, 0x0042, 0x0042, 0x0042, 0x0042, 0x0042, 0x0042, 0x0042, 0x0042, 0x0042,
    0x0042, 0x0042, 0x0041, 0x0042, 0x0041, 0x0042, 0x0042, 0x0042, 0x0042, 0x0042, 0x0042, 0x0042,
    0x0042, 0x0083, 0x0083, 0x0062, 0x0862, 0x08A4, 0x08C5, 0x00A4, 0x00A4, 0x00E6, 0x120C, 0x09ED,
    0x2332, 0x54F8, 0x0AD2, 0x0A0E, 0x1189, 0x0948, 0x0907, 0x1A0B, 0x1126, 0x08A4, 0x10E4, 0x0883,
    0x10E4, 0x1926, 0x0883, 0x08A3, 0x3186, 0x10A3, 0x0883, 0x0883, 0x08A3, 0x08C4, 0x0084, 0x0948,
    0x0148, 0x01CC, 0x5DDA, 0x122C, 0x0064, 0x0083, 0x0062, 0x0042, 0x0042, 0x0883, 0x10C4, 0x0021,
    0x0842, 0x18E4, 0x0022, 0x0042, 0x0882, 0x0021, 0x0021, 0x0021, 0x0021, 0x0022, 0x0022, 0x0042,
    0x0042, 0x0021, 0x00A4, 0x0021, 0x0021, 0x0001, 0x0001, 0x0001, 0x0001, 0x0000, 0x0000, 0x0000,
    0x0000, 0x0000, 0x0001, 0x0001, 0x0001, 0x0021, 0x0021, 0x0021, 0x0042, 0x0083, 0x0001, 0x0042,
    0x0042, 0x0021, 0x0021, 0x0041, 0x0021, 0x0842, 0x18C3, 0x0841, 0x0841, 0x20E3, 0x0862, 0x0041,
    0x10A3, 0x18C3, 0x0062, 0x0863, 0x0062, 0x0083, 0x0084, 0x0968, 0x126D, 0x00C6, 0x0948, 0x0948,
    0x0083, 0x08C5, 0x0883, 0x0883, 0x0062, 0x1905, 0x2986, 0x0883, 0x08A3, 0x10E5, 0x3B0E, 0x1105,
    0x08E5, 0x330E, 0x224B, 0x11EA, 0x0927, 0x0989, 0x11CB, 0x0AD1, 0x2BF6, 0x4CD8, 0x0A90, 0x124E,
    0x0969, 0x08E6, 0x08C5, 0x08C4, 0x08C5, 0x10C4, 0x10A3, 0x0063, 0x0884, 0x0062, 0x0042, 0x0042,
    0x0042, 0x0042, 0x0042, 0x0042, 0x0042, 0x0042, 0x0042, 0x0042, 0x0042, 0x0042, 0x0042, 0x0041,
    0x0041, 0x0042, 0x0042, 0x0042, 0x0042, 0x0042, 0x0042, 0x0042, 0x0042, 0x0042, 0x0042, 0x0042,
    0x0042, 0x0042, 0x0042, 0x0042, 0x0042, 0x0042, 0x0042, 0x0042, 0x0042, 0x0042, 0x0042, 0x0042,
    0x0042, 0x0042, 0x0042, 0x0042, 0x0042, 0x0042, 0x0042, 0x0042, 0x0042, 0x0042, 0x0042, 0x0042,
    0x0042, 0x0042, 0x0042, 0x0042, 0x0042, 0x0042, 0x0042, 0x0042, 0x0042, 0x0042, 0x0042, 0x0042,
    0x0042, 0x0042, 0x0042, 0x0042, 0x0042, 0x0042, 0x0042, 0x0042, 0x0042, 0x0042, 0x0042, 0x0042,
    0x0042, 0x0042, 0x0042, 0x0042, 0x0042, 0x0042, 0x0042, 0x0042, 0x0042, 0x0042, 0x0042, 0x0042,
    0x0042, 0x0041, 0x0041, 0x0041, 0x0041, 0x0022, 0x0042, 0x0042, 0x0042, 0x0042, 0x0042, 0x0042,
    0x0042, 0x0042, 0x0083, 0x0884, 0x0062, 0x10A3, 0x10C4, 0x08E5, 0x08C5, 0x08E5, 0x0906, 0x120B,
    0x0A4F, 0x2394, 0x5559, 0x0B95, 0x12B0, 0x11AA, 0x0948, 0x0948, 0x1A0B, 0x2B2F, 0x19C9, 0x08A4,
    0x1126, 0x32CD, 0x0883, 0x0883, 0x10A3, 0x29A7, 0x0883, 0x0883, 0x0883, 0x08A4, 0x00A4, 0x00A4,
    0x09A9, 0x0128, 0x0169, 0x128D, 0x0084, 0x0083, 0x0062, 0x0042, 0x0042, 0x0862, 0x10E5, 0x0862,
    0x0021, 0x1082, 0x2104, 0x0021, 0x0862, 0x10A2, 0x0021, 0x0021, 0x0021, 0x0021, 0x0022, 0x0042,
    0x0022, 0x0042, 0x0083, 0x0021, 0x0021, 0x0021, 0x0021, 0x0001, 0x0001, 0x0000, 0x0000, 0x0000,
    0x0000, 0x0000, 0x0001, 0x0001, 0x0883, 0x0063, 0x0001, 0x0001, 0x0042, 0x0063, 0x0001, 0x0042,
    0x0042, 0x0001, 0x0021, 0x0021, 0x0841, 0x18C3, 0x0861, 0x0841, 0x20E3, 0x1082, 0x0021, 0x18E3,
    0x18E3, 0x0021, 0x0862, 0x0062, 0x0062, 0x0083, 0x0083, 0x1AAD, 0x0927, 0x00A4, 0x0947, 0x00A4,
    0x00A4, 0x08A4, 0x0083, 0x0083, 0x08A3, 0x1967, 0x0883, 0x0883, 0x1967, 0x1947, 0x08A4, 0x1105,
    0x0884, 0x1A0B, 0x228E, 0x0927, 0x1189, 0x11CB, 0x1353, 0x34B8, 0x4CF8, 0x0AB1, 0x1AF0, 0x09AA,
    0x0906, 0x08C5, 0x08E6, 0x08E5, 0x08A3, 0x10A3, 0x0883, 0x0883, 0x0062, 0x0042, 0x0042, 0x0042,
    0x0042, 0x0042, 0x0042, 0x0042, 0x0042, 0x0042, 0x0042, 0x0042, 0x0042, 0x0042, 0x0042, 0x0042,
    0x0041, 0x0042, 0x0041, 0x0041, 0x0042, 0x0041, 0x0042, 0x0041, 0x0042, 0x0042, 0x0042, 0x0042,
    0x0042, 0x0042, 0x0042, 0x0042, 0x0042, 0x0042, 0x0042, 0x0042, 0x0042, 0x0042, 0x0042, 0x0042,
    0x0042, 0x0042, 0x0042, 0x0042, 0x0042, 0x0042, 0x0042, 0x0042, 0x0042, 0x0042, 0x0042, 0x0042,
    0x0042, 0x0042, 0x0042, 0x0042, 0x0042, 0x0042, 0x0042, 0x0042, 0x0042, 0x0042, 0x0042, 0x0042,
    0x0042, 0x0042, 0x0042, 0x0042, 0x0042, 0x0042, 0x0042, 0x0042, 0x0042, 0x0042, 0x0042, 0x0042,
    0x0042, 0x0042, 0x0042, 0x0042, 0x0042, 0x0042, 0x0042, 0x0042, 0x0042, 0x0042, 0x0042, 0x0042,
    0x0041, 0x0041, 0x0041, 0x0041, 0x0041, 0x0042, 0x0042, 0x0042, 0x0042, 0x0042, 0x0042, 0x0042,
    0x0042, 0x0062, 0x0042, 0x0063, 0x08A4, 0x0883, 0x10A3, 0x08C4, 0x0906, 0x08E6, 0x08E6, 0x0927,
    0x1A4D, 0x12F1, 0x23D5, 0x5DDB, 0x1C58, 0x1270, 0x11CB, 0x0968, 0x0948, 0x22EF, 0x0927, 0x08C5,
    0x08A4, 0x0063, 0x1967, 0x10E4, 0x0062, 0x10E5, 0x1127, 0x0062, 0x0883, 0x0083, 0x08A4, 0x00A4,
    0x08E6, 0x0927, 0x0063, 0x09EA, 0x09C9, 0x0042, 0x0063, 0x0042, 0x0042, 0x0042, 0x0021, 0x20E3,
    0x1082, 0x0041, 0x18A2, 0x1082, 0x0021, 0x1082, 0x18A2, 0x0001, 0x0021, 0x0021, 0x0021, 0x0042,
    0x0021, 0x0001, 0x0083, 0x0001, 0x0001, 0x0001, 0x08A4, 0x0063, 0x0000, 0x0000, 0x0000, 0x0000,
    0x0000, 0x0000, 0x0001, 0x0001, 0x0022, 0x0021, 0x0001, 0x0001, 0x0022, 0x0063, 0x0001, 0x0042,
    0x0042, 0x0021, 0x0021, 0x0841, 0x20C3, 0x0861, 0x0841, 0x20E3, 0x18C2, 0x1082, 0x3144, 0x18C2,
    0x0841, 0x0862, 0x0862, 0x0062, 0x0063, 0x0022, 0x0988, 0x11C9, 0x0043, 0x0906, 0x08E5, 0x0083,
    0x00C5, 0x0083, 0x0063, 0x0062, 0x1147, 0x08C4, 0x08A3, 0x0862, 0x21E9, 0x220A, 0x08C4, 0x08C4,
    0x5432, 0x22CF, 0x0948, 0x09AA, 0x120C, 0x1333, 0x34B8, 0x5559, 0x1333, 0x2311, 0x09AA, 0x0948,
    0x0906, 0x0906, 0x08E6, 0x18E4, 0x0883, 0x0883, 0x0883, 0x0062, 0x0062, 0x0042, 0x0042, 0x0042,
    0x0042, 0x0042, 0x0042, 0x0042, 0x0042, 0x0042, 0x0042, 0x0042, 0x0042, 0x0042, 0x0041, 0x0041,
    0x0041, 0x0042, 0x0041, 0x0041, 0x0041, 0x0041, 0x0042, 0x0042, 0x0042, 0x0042, 0x0042, 0x0042,
    0x0042, 0x0042, 0x0042, 0x0042, 0x0042, 0x0042, 0x0042, 0x0042, 0x0042, 0x0042, 0x0042, 0x0042,
    0x0042, 0x0042, 0x0042, 0x0042, 0x0042, 0x0042, 0x0042, 0x0042, 0x0042, 0x0042, 0x0042, 0x0042,
    0x0042, 0x0042, 0x0042, 0x0042, 0x0042, 0x0042, 0x0042, 0x0042, 0x0042, 0x0042, 0x0042, 0x0042,
    0x0042, 0x0042, 0x0042, 0x0042, 0x0042, 0x0042, 0x0042, 0x0042, 0x0042, 0x0042, 0x0042, 0x0042,
    0x0042, 0x0042, 0x0042, 0x0042, 0x0042, 0x0042, 0x0042, 0x0042, 0x0042, 0x0042, 0x0042, 0x0041,
    0x0042, 0x0042, 0x0042, 0x0041, 0x0041, 0x0041, 0x0042, 0x0042, 0x0042, 0x0042, 0x0042, 0x0042,
    0x0042, 0x0042, 0x0062, 0x0042, 0x0062, 0x08A4, 0x0083, 0x08A3, 0x10E4, 0x0906, 0x1127, 0x0927,
    0x0948, 0x1A4C, 0x1B53, 0x2C77, 0x559A, 0x0BF7, 0x12D1, 0x11CB, 0x1169, 0x0928, 0x3C33, 0x228C,
    0x0884, 0x1106, 0x220A, 0x1126, 0x0863, 0x0862, 0x0906, 0x08E5, 0x0062, 0x0883, 0x0083, 0x08C4,
    0x0063, 0x0906, 0x08C5, 0x0063, 0x124B, 0x00A4, 0x0042, 0x0042, 0x0042, 0x0842, 0x0862, 0x0862,
    0x2924, 0x2924, 0x1062, 0x18C2, 0x1082, 0x0021, 0x1062, 0x1062, 0x0021, 0x0021, 0x0021, 0x0042,
    0x0021, 0x0001, 0x0063, 0x0001, 0x0001, 0x0001, 0x0021, 0x0021, 0x0001, 0x0000, 0x0000, 0x0000,
    0x0000, 0x0000, 0x0001, 0x0001, 0x0001, 0x0001, 0x0001, 0x0001, 0x0042, 0x0863, 0x0000, 0x0042,
    0x0042, 0x0021, 0x0021, 0x18A2, 0x0862, 0x0841, 0x20E3, 0x20E3, 0x20A2, 0x28E2, 0x49E5, 0x10A2,
    0x0862, 0x0862, 0x0862, 0x0062, 0x0062, 0x00A3, 0x124B, 0x0062, 0x00A4, 0x0906, 0x0063, 0x08C5,
    0x0083, 0x0083, 0x0062, 0x08E5, 0x08C4, 0x0883, 0x0883, 0x08A4, 0x0883, 0x08C5, 0x08E5, 0x08E6,
    0x230F, 0x11AA, 0x098A, 0x11EC, 0x1374, 0x3D5B, 0x65BA, 0x1BD5, 0x2B93, 0x11CB, 0x1148, 0x1126,
    0x1147, 0x1126, 0x18E4, 0x10A3, 0x10C4, 0x0883, 0x0062, 0x0062, 0x0062, 0x0042, 0x0042, 0x0042,
    0x0042, 0x0042, 0x0042, 0x0042, 0x0042, 0x0042, 0x0042, 0x0042, 0x0042, 0x0042, 0x0042, 0x0042,
    0x0041, 0x0042, 0x0041, 0x0041, 0x0041, 0x0041, 0x0042, 0x0042, 0x0042, 0x0042, 0x0042, 0x0042,
    0x0042, 0x0042, 0x0042, 0x0042, 0x0042, 0x0042, 0x0042, 0x0042, 0x0042, 0x0042, 0x0042, 0x0042,
    0x0042, 0x0042, 0x0042, 0x0042, 0x0042, 0x0042, 0x0042, 0x0042, 0x0042, 0x0042, 0x0042, 0x0042,
    0x0042, 0x0042, 0x0042, 0x0042, 0x0042, 0x0042, 0x0042, 0x0042, 0x0042, 0x0042, 0x0042, 0x0042,
    0x0042, 0x0042, 0x0042, 0x0042, 0x0042, 0x0042, 0x0042, 0x0042, 0x0042, 0x0042, 0x0042, 0x0042,
    0x0042, 0x0042, 0x0042, 0x0042, 0x0042, 0x0042, 0x0042, 0x0042, 0x0042, 0x0042, 0x0042, 0x0042,
    0x0042, 0x0042, 0x0042, 0x0042, 0x0042, 0x0042, 0x0042, 0x0042, 0x0042, 0x0042, 0x0042, 0x0042,
    0x0042, 0x0042, 0x0062, 0x0062, 0x0062, 0x0062, 0x10C4, 0x18E4, 0x10C3, 0x1905, 0x1167, 0x1168,
    0x1127, 0x0968, 0x228E, 0x2394, 0x3477, 0x6E3C, 0x1C58, 0x12B0, 0x120C, 0x0949, 0x1A2B, 0x1A0A,
    0x08C5, 0x1188, 0x0083, 0x0883, 0x08A3, 0x0883, 0x0883, 0x1105, 0x0883, 0x0063, 0x0083, 0x0083,
    0x00A4, 0x0083, 0x0906, 0x0063, 0x00E5, 0x120A, 0x0021, 0x0062, 0x0042, 0x0842, 0x0862, 0x1062,
    0x2903, 0x5206, 0x1881, 0x18A2, 0x18C2, 0x1082, 0x0021, 0x1062, 0x0862, 0x0021, 0x0021, 0x0042,
    0x0021, 0x0001, 0x0042, 0x0001, 0x0001, 0x0001, 0x0001, 0x0001, 0x0001, 0x0000, 0x0000, 0x0000,
    0x0000, 0x0000, 0x0001, 0x0001, 0x08A4, 0x0063, 0x0001, 0x0001, 0x0022, 0x0042, 0x0001, 0x0042,
    0x0042, 0x0021, 0x0041, 0x1082, 0x0041, 0x1082, 0x20E3, 0x20C2, 0x4983, 0x6A66, 0x4163, 0x20C2,
    0x10A2, 0x0882, 0x0862, 0x0883, 0x0021, 0x120A, 0x0947, 0x0042, 0x0906, 0x0083, 0x00A4, 0x00A4,
    0x0083, 0x0062, 0x08C4, 0x08E5, 0x0882, 0x0883, 0x10E5, 0x1147, 0x08A4, 0x08A4, 0x1188, 0x4494,
    0x0927, 0x0948, 0x120C, 0x1353, 0x45DB, 0x871E, 0x2CD9, 0x33D4, 0x122D, 0x1189, 0x1126, 0x1147,
    0x1947, 0x2125, 0x10A3, 0x08A4, 0x10C4, 0x0862, 0x0062, 0x0062, 0x0062, 0x0042, 0x0042, 0x0042,
    0x0042, 0x0042, 0x0042, 0x0042, 0x0042, 0x0042, 0x0042, 0x0042, 0x0042, 0x0042, 0x0041, 0x0041,
    0x0041, 0x0042, 0x0041, 0x0041, 0x0041, 0x0042, 0x0042, 0x0042, 0x0042, 0x0042, 0x0042, 0x0042,
    0x0042, 0x0042, 0x0042, 0x0042, 0x0042, 0x0042, 0x0042, 0x0042, 0x0042, 0x0042, 0x0042, 0x0042,
    0x0042, 0x0042, 0x0042, 0x0042, 0x0042, 0x0042, 0x0042, 0x0042, 0x0042, 0x0042, 0x0042, 0x0042,
    0x0042, 0x0042, 0x0042, 0x0042, 0x0042, 0x0042, 0x0042, 0x0042, 0x0042, 0x0042, 0x0042, 0x0042,
    0x0042, 0x0042, 0x0042, 0x0042, 0x0042, 0x0042, 0x0042, 0x0042, 0x0042, 0x0042, 0x0042, 0x0042,
    0x0042, 0x0042, 0x0042, 0x0042, 0x0042, 0x0042, 0x0042, 0x0042, 0x0042, 0x0042, 0x0042, 0x0042,
    0x0042, 0x0042, 0x0042, 0x0042, 0x0042, 0x0042, 0x0042, 0x0042, 0x0042, 0x0042, 0x0042, 0x0042,
    0x0042, 0x0042, 0x0042, 0x0062, 0x0062, 0x0062, 0x1083, 0x1904, 0x08A4, 0x10E4, 0x2166, 0x1967,
    0x1167, 0x1148, 0x11AA, 0x22AE, 0x2C36, 0x4DBB, 0x6EBD, 0x1C98, 0x12D1, 0x11CB, 0x00E6, 0x1A2B,
    0x3C33, 0x08A5, 0x08C4, 0x08A4, 0x2167, 0x08C4, 0x0883, 0x0863, 0x10E5, 0x0063, 0x0063, 0x0083,
    0x00A4, 0x00A4, 0x0084, 0x08E5, 0x0022, 0x120A, 0x0906, 0x0021, 0x0062, 0x0842, 0x0862, 0x10A2,
    0x18A2, 0x3922, 0x6225, 0x4143, 0x20C2, 0x20C2, 0x0841, 0x0841, 0x0862, 0x0021, 0x0021, 0x0062,
    0x0021, 0x0001, 0x0062, 0x0001, 0x0001, 0x0001, 0x0884, 0x0042, 0x0000, 0x0000, 0x0000, 0x0000,
    0x0000, 0x0000, 0x0001, 0x0001, 0x0042, 0x0022, 0x0001, 0x0001, 0x0021, 0x0042, 0x0001, 0x0042,
    0x0042, 0x0042, 0x0021, 0x1082, 0x0841, 0x1082, 0x20E3, 0x28C1, 0x9BEB, 0xFFBA, 0x6A45, 0x28E2,
    0x10A2, 0x0882, 0x0862, 0x0042, 0x08E5, 0x124B, 0x0042, 0x08E6, 0x00A4, 0x0063, 0x08C5, 0x0083,
    0x0062, 0x0083, 0x08E5, 0x08A3, 0x2125, 0x0863, 0x0906, 0x08E5, 0x08A4, 0x08C5, 0x0927, 0x11CA,
    0x0968, 0x11A9, 0x128F, 0x3D5B, 0xA7DF, 0x5EBD, 0x3497, 0x1A4D, 0x11AA, 0x1968, 0x1988, 0x1946,
    0x2124, 0x10A3, 0x10E5, 0x10C4, 0x0862, 0x0862, 0x0062, 0x0062, 0x0062, 0x0042, 0x0042, 0x0042,
    0x0042, 0x0042, 0x0042, 0x0042, 0x0042, 0x0042, 0x0042, 0x0042, 0x0042, 0x0042, 0x0041, 0x0042,
    0x0042, 0x0042, 0x0042, 0x0041, 0x0042, 0x0042, 0x0042, 0x0042, 0x0042, 0x0041, 0x0042, 0x0042,
    0x0042, 0x0042, 0x0042, 0x0042, 0x0041, 0x0042, 0x0042, 0x0042, 0x0042, 0x0042, 0x0042, 0x0042,
    0x0042, 0x0042, 0x0042, 0x0042, 0x0042, 0x0042, 0x0042, 0x0042, 0x0042, 0x0042, 0x0042, 0x0042,
    0x0042, 0x0042, 0x0042, 0x0042, 0x0042, 0x0042, 0x0042, 0x0042, 0x0042, 0x0042, 0x0042, 0x0042,
    0x0042, 0x0042, 0x0042, 0x0042, 0x0042, 0x0042, 0x0042, 0x0042, 0x0042, 0x0042, 0x0042, 0x0042,
    0x0042, 0x0042, 0x0042, 0x0042, 0x0042, 0x0042, 0x0042, 0x0042, 0x0042, 0x0042, 0x0042, 0x0041,
    0x0042, 0x0042, 0x0042, 0x0042, 0x0042, 0x0042, 0x0042, 0x0042, 0x0042, 0x0042, 0x0042, 0x0042,
    0x0042, 0x0042, 0x0042, 0x0062, 0x0062, 0x0862, 0x0862, 0x0883, 0x1905, 0x10E4, 0x10C4, 0x2146,
    0x1988, 0x19A9, 0x1988, 0x11CB, 0x3351, 0x3D5A, 0x97BF, 0x7F1E, 0x13B5, 0x11EC, 0x0989, 0x0969,
    0x11CA, 0x08E5, 0x08C4, 0x08A4, 0x0905, 0x08C4, 0x0883, 0x08C4, 0x08A4, 0x08C4, 0x0062, 0x0083,
    0x0084, 0x08C4, 0x0063, 0x08C5, 0x08C5, 0x0084, 0x0A2A, 0x0042, 0x0062, 0x0842, 0x0862, 0x18A2,
    0x20A1, 0x9C0C, 0xFF98, 0x59E4, 0x20E2, 0x18A2, 0x0841, 0x0841, 0x0862, 0x0021, 0x0021, 0x0063,
    0x0021, 0x0001, 0x0042, 0x0001, 0x0021, 0x0021, 0x0021, 0x0021, 0x0000, 0x0000, 0x0000, 0x0000,
    0x0000, 0x0000, 0x0001, 0x0001, 0x0000, 0x0001, 0x0021, 0x0001, 0x0022, 0x0042, 0x0001, 0x0042,
    0x0042, 0x0042, 0x0021, 0x0882, 0x0841, 0x1082, 0x20C2, 0x28E2, 0x6245, 0x8BAA, 0x4163, 0x20C2,
    0x1082, 0x0882, 0x0882, 0x0021, 0x1A4B, 0x08E5, 0x0084, 0x08E6, 0x0063, 0x08C5, 0x0084, 0x0063,
    0x0062, 0x08C5, 0x00A4, 0x2145, 0x08A4, 0x08C5, 0x08C4, 0x08A4, 0x08C4, 0x08E6, 0x0927, 0x0928,
    0x1189, 0x11EB, 0x0A4F, 0x4CD7, 0x55BA, 0x3CB7, 0x22F0, 0x19EB, 0x1988, 0x1967, 0x21A7, 0x2986,
    0x10A3, 0x1905, 0x10E4, 0x0882, 0x0882, 0x0862, 0x0862, 0x0062, 0x0062, 0x0042, 0x0042, 0x0042,
    0x0042, 0x0042, 0x0042, 0x0042, 0x0042, 0x0042, 0x0042, 0x0042, 0x0042, 0x0041, 0x0042, 0x0042,
    0x0042, 0x0042, 0x0041, 0x0041, 0x0041, 0x0042, 0x0042, 0x0042, 0x0042, 0x0041, 0x0042, 0x0041,
    0x0042, 0x0042, 0x0042, 0x0042, 0x0042, 0x0042, 0x0042, 0x0042, 0x0042, 0x0042, 0x0042, 0x0042,
    0x0042, 0x0042, 0x0042, 0x0042, 0x0042, 0x0042, 0x0042, 0x0042, 0x0042, 0x0042, 0x0042, 0x0042,
    0x0042, 0x0042, 0x0042, 0x0042, 0x0042, 0x0042, 0x0042, 0x0042, 0x0042, 0x0042, 0x0042, 0x0042,
    0x0042, 0x0042, 0x0042, 0x0042, 0x0042, 0x0042, 0x0042, 0x0042, 0x0042, 0x0042, 0x0042, 0x0042,
    0x0042, 0x0042, 0x0042, 0x0042, 0x0042, 0x0042, 0x0042, 0x0042, 0x0042, 0x0042, 0x0042, 0x0041,
    0x0042, 0x0042, 0x0042, 0x0042, 0x0042, 0x0042, 0x0042, 0x0042, 0x0042, 0x0042, 0x0042, 0x0042,
    0x0042, 0x0042, 0x0042, 0x0042, 0x0062, 0x0862, 0x0882, 0x0883, 0x0883, 0x1926, 0x10C4, 0x18E4,
    0x31C8, 0x2187, 0x1967, 0x19C9, 0x120D, 0x3C15, 0x55DB, 0x6E5C, 0x23D5, 0x120D, 0x11AA, 0x0969,
    0x0907, 0x0906, 0x08E5, 0x08C4, 0x0083, 0x08A4, 0x0083, 0x10E5, 0x08A4, 0x08A4, 0x0083, 0x0062,
    0x08A4, 0x08A4, 0x00A4, 0x0063, 0x08E5, 0x0022, 0x09C9, 0x0967, 0x0021, 0x0862, 0x1082, 0x18A2,
    0x28E2, 0x6245, 0x8B69, 0x3942, 0x20C2, 0x18A2, 0x0841, 0x0841, 0x0862, 0x0021, 0x0021, 0x0043,
    0x0021, 0x0001, 0x0042, 0x0001, 0x0001, 0x0001, 0x0001, 0x0000, 0x0001, 0x0000, 0x0000, 0x0000,
    0x0000, 0x0000, 0x0000, 0x0001, 0x08A4, 0x0021, 0x0021, 0x0001, 0x0022, 0x0042, 0x0001, 0x0042,
    0x0062, 0x0042, 0x0021, 0x0862, 0x0841, 0x0862, 0x18C3, 0x18A2, 0x28E2, 0x28C2, 0x20C2, 0x18C3,
    0x10A3, 0x0882, 0x0842, 0x0926, 0x1A2A, 0x0042, 0x0906, 0x0062, 0x08C5, 0x08A4, 0x0063, 0x0062,
    0x08A4, 0x08C4, 0x18E4, 0x1905, 0x0063, 0x11A9, 0x08A4, 0x08A4, 0x08E5, 0x0927, 0x0947, 0x1189,
    0x0A0C, 0x0A2E, 0x22D0, 0x33F4, 0x2B93, 0x2AAE, 0x19EA, 0x21C9, 0x2187, 0x2186, 0x31A7, 0x2104,
    0x2145, 0x1904, 0x1082, 0x0883, 0x0862, 0x0862, 0x0862, 0x0062, 0x0062, 0x0042, 0x0042, 0x0042,
    0x0042, 0x0042, 0x0042, 0x0042, 0x0042, 0x0042, 0x0042, 0x0042, 0x0042, 0x0042, 0x0041, 0x0042,
    0x0042, 0x0042, 0x0042, 0x0041, 0x0041, 0x0041, 0x0042, 0x0042, 0x0042, 0x0042, 0x0042, 0x0042,
    0x0042, 0x0042, 0x0042, 0x0042, 0x0042, 0x0042, 0x0042, 0x0042, 0x0042, 0x0042, 0x0042, 0x0042,
    0x0042, 0x0042, 0x0042, 0x0042, 0x0042, 0x0042, 0x0042, 0x0042, 0x0042, 0x0042, 0x0042, 0x0042,
    0x0042, 0x0042, 0x0042, 0x0042, 0x0042, 0x0042, 0x0042, 0x0042, 0x0042, 0x0042, 0x0042, 0x0042,
    0x0042, 0x0042, 0x0042, 0x0042, 0x0042, 0x0042, 0x0042, 0x0042, 0x0042, 0x0042, 0x0042, 0x0042,
    0x0042, 0x0042, 0x0042, 0x0042, 0x0042, 0x0042, 0x0042, 0x0042, 0x0042, 0x0042, 0x0042, 0x0042,
    0x0042, 0x0042, 0x0042, 0x0042, 0x0042, 0x0042, 0x0041, 0x0042, 0x0042, 0x0042, 0x0042, 0x0042,
    0x0042, 0x0042, 0x0042, 0x0062, 0x0062, 0x0862, 0x0862, 0x0883, 0x1083, 0x10A3, 0x2146, 0x2125,
    0x2125, 0x31E8, 0x2187, 0x2188, 0x19EA, 0x1A2D, 0x3393, 0x33F5, 0x3C35, 0x128F, 0x124E, 0x09CB,
    0x0968, 0x0927, 0x0906, 0x08C5, 0x0083, 0x0906, 0x0947, 0x0062, 0x1105, 0x0063, 0x08C4, 0x0063,
    0x0063, 0x00A4, 0x08C5, 0x0063, 0x0083, 0x08C5, 0x0083, 0x1A4B, 0x0062, 0x0862, 0x0862, 0x10A2,
    0x18C2, 0x20C2, 0x20C1, 0x20C2, 0x18C2, 0x18A3, 0x0841, 0x0842, 0x0862, 0x0021, 0x0021, 0x0063,
    0x0021, 0x0001, 0x0062, 0x0001, 0x0021, 0x0021, 0x0022, 0x0063, 0x0000, 0x0000, 0x0000, 0x0000,
    0x0000, 0x0000, 0x0001, 0x0001, 0x08C5, 0x0001, 0x1A4C, 0x0063, 0x0021, 0x0042, 0x0001, 0x0042,
    0x0042, 0x0042, 0x0021, 0x0862, 0x0041, 0x0841, 0x0862, 0x18A3, 0x18A2, 0x18C2, 0x10A2, 0x10A2,
    0x18C3, 0x0883, 0x0042, 0x1A4B, 0x00A4, 0x00A4, 0x00A4, 0x0083, 0x08C5, 0x00A4, 0x0063, 0x0063,
    0x08C4, 0x08A3, 0x2105, 0x0083, 0x1126, 0x0084, 0x08E5, 0x08E5, 0x0927, 0x0948, 0x1169, 0x09EC,
    0x2C15, 0x5538, 0x33D3, 0x3351, 0x3310, 0x19CA, 0x21A8, 0x2167, 0x3A08, 0x4228, 0x2944, 0x3165,
    0x3186, 0x18C3, 0x10A3, 0x0882, 0x0882, 0x0862, 0x0862, 0x0062, 0x0062, 0x0042, 0x0042, 0x0042,
    0x0042, 0x0042, 0x0042, 0x0042, 0x0042, 0x0042, 0x0042, 0x0042, 0x0041, 0x0041, 0x0041, 0x0041,
    0x0041, 0x0041, 0x0042, 0x0041, 0x0041, 0x0041, 0x0041, 0x0042, 0x0041, 0x0042, 0x0042, 0x0042,
    0x0042, 0x0042, 0x0042, 0x0041, 0x0041, 0x0042, 0x0042, 0x0042, 0x0042, 0x0042, 0x0042, 0x0042,
    0x0042, 0x0042, 0x0042, 0x0042, 0x0042, 0x0042, 0x0042, 0x0042, 0x0042, 0x0042, 0x0042, 0x0042,
    0x0042, 0x0042, 0x0042, 0x0042, 0x0042, 0x0042, 0x0042, 0x0042, 0x0042, 0x0042, 0x0042, 0x0042,
    0x0042, 0x0042, 0x0042, 0x0042, 0x0042, 0x0042, 0x0042, 0x0042, 0x0042, 0x0042, 0x0042, 0x0042,
    0x0042, 0x0042, 0x0042, 0x0042, 0x0042, 0x0042, 0x0042, 0x0042, 0x0042, 0x0042, 0x0042, 0x0042,
    0x0042, 0x0041, 0x0042, 0x0042, 0x0042, 0x0041, 0x0041, 0x0042, 0x0042, 0x0042, 0x0042, 0x0042,
    0x0042, 0x0042, 0x0042, 0x0062, 0x0062, 0x0862, 0x0862, 0x0883, 0x10A3, 0x10A3, 0x2104, 0x39A6,
    0x2944, 0x3186, 0x4A6A, 0x31C8, 0x1987, 0x19CA, 0x1A2D, 0x3392, 0x2352, 0x3C76, 0x5D9A, 0x0AB1,
    0x098A, 0x0948, 0x0927, 0x08C5, 0x08A4, 0x08C5, 0x08A4, 0x08C4, 0x0883, 0x08C5, 0x0083, 0x08A4,
    0x0062, 0x0084, 0x00A4, 0x00A4, 0x0063, 0x08C5, 0x0043, 0x1188, 0x1167, 0x0021, 0x0882, 0x0882,
    0x1082, 0x10A2, 0x18A2, 0x18A2, 0x10C3, 0x0842, 0x0041, 0x0042, 0x0062, 0x0021, 0x0021, 0x0884,
    0x0021, 0x0001, 0x0063, 0x0000, 0x0926, 0x19EA, 0x0021, 0x08A5, 0x0000, 0x0000, 0x0000, 0x0000,
    0x0000, 0x0000, 0x0001, 0x0001, 0x0001, 0x0001, 0x0063, 0x0021, 0x0022, 0x0043, 0x0001, 0x0042,
    0x0883, 0x0022, 0x0021, 0x0862, 0x0042, 0x0842, 0x0862, 0x10A3, 0x0862, 0x1082, 0x0882, 0x0882,
    0x0883, 0x0042, 0x0905, 0x11E9, 0x0042, 0x08E5, 0x0063, 0x0906, 0x00A4, 0x0083, 0x0062, 0x08C5,
    0x0083, 0x1905, 0x08A4, 0x0083, 0x0906, 0x19C9, 0x224C, 0x00C5, 0x0947, 0x0948, 0x11EC, 0x1B93,
    0x661C, 0x4D7A, 0x33F4, 0x2AEF, 0x11AA, 0x21A9, 0x2187, 0x2986, 0x4A48, 0x5247, 0x6A87, 0x5A05,
    0x3144, 0x2103, 0x10A3, 0x1082, 0x0882, 0x0862, 0x0862, 0x0062, 0x0042, 0x0042, 0x0042, 0x0042,
    0x0042, 0x0042, 0x0042, 0x0042, 0x0042, 0x0042, 0x0042, 0x0042, 0x0042, 0x0041, 0x0041, 0x0041,
    0x0041, 0x0041, 0x0041, 0x0042, 0x0042, 0x0041, 0x0041, 0x0041, 0x0042, 0x0042, 0x0042, 0x0042,
    0x0042, 0x0042, 0x0042, 0x0042, 0x0042, 0x0042, 0x0042, 0x0042, 0x0042, 0x0042, 0x0042, 0x0042,
    0x0042, 0x0042, 0x0042, 0x0042, 0x0042, 0x0042, 0x0042, 0x0042, 0x0042, 0x0042, 0x0042, 0x0042,
    0x0042, 0x0042, 0x0042, 0x0042, 0x0042, 0x0042, 0x0042, 0x0042, 0x0042, 0x0042, 0x0042, 0x0042,
    0x0042, 0x0042, 0x0042, 0x0042, 0x0042, 0x0042, 0x0042, 0x0042, 0x0042, 0x0042, 0x0042, 0x0042,
    0x0042, 0x0042, 0x0042, 0x0042, 0x0042, 0x0042, 0x0042, 0x0042, 0x0042, 0x0042, 0x0042, 0x0042,
    0x0042, 0x0042, 0x0042, 0x0041, 0x0042, 0x0042, 0x0042, 0x0042, 0x0042, 0x0042, 0x0042, 0x0042,
    0x0042, 0x0042, 0x0062, 0x0062, 0x0862, 0x0862, 0x0862, 0x0883, 0x10A3, 0x18C3, 0x2924, 0x41A5,
    0x5A26, 0x5A26, 0x4A07, 0x4229, 0x2166, 0x1988, 0x11CA, 0x1A2D, 0x3372, 0x3476, 0x55DB, 0x44F8,
    0x020D, 0x098A, 0x0928, 0x0907, 0x00C5, 0x228C, 0x0906, 0x08E5, 0x0062, 0x10E5, 0x0884, 0x08C4,
    0x0083, 0x0042, 0x0083, 0x00A4, 0x0084, 0x0063, 0x08C5, 0x00A4, 0x1A6C, 0x0062, 0x0062, 0x0862,
    0x0862, 0x0862, 0x0862, 0x0882, 0x0883, 0x0041, 0x0021, 0x0042, 0x0062, 0x0021, 0x0042, 0x0083,
    0x0021, 0x0001, 0x0062, 0x0001, 0x0021, 0x0042, 0x0001, 0x0001, 0x0001, 0x0000, 0x0000, 0x0000,
    0x0000, 0x0000, 0x0000, 0x0001, 0x0021, 0x0021, 0x0022, 0x0001, 0x0022, 0x0863, 0x0001, 0x0042,
    0x0062, 0x0042, 0x0021, 0x0062, 0x0041, 0x0042, 0x0042, 0x10C4, 0x0883, 0x0862, 0x0862, 0x0862,
    0x0863, 0x0021, 0x122A, 0x00C4, 0x08E6, 0x00A4, 0x08C5, 0x08C5, 0x0063, 0x0062, 0x08A3, 0x08C4,
    0x08A3, 0x10C4, 0x0083, 0x19C9, 0x00A4, 0x08C5, 0x08E5, 0x0907, 0x0927, 0x11AA, 0x0290, 0x559A,
    0x4559, 0x3435, 0x2B72, 0x11CA, 0x1988, 0x1967, 0x2166, 0x3A08, 0x39A6, 0x5A25, 0xDE54, 0xACAF,
    0x3923, 0x2104, 0x18C3, 0x1082, 0x0882, 0x0862, 0x0862, 0x0862, 0x0062, 0x0042, 0x0042, 0x0042,
    0x0042, 0x0042, 0x0042, 0x0042, 0x0042, 0x0042, 0x0042, 0x0042, 0x0042, 0x0042, 0x0042, 0x0041,
    0x0041, 0x0041, 0x0042, 0x0042, 0x0042, 0x0042, 0x0041, 0x0041, 0x0042, 0x0042, 0x0041, 0x0042,
    0x0042, 0x0041, 0x0042, 0x0041, 0x0042, 0x0042, 0x0042, 0x0042, 0x0042, 0x0042, 0x0042, 0x0042,
    0x0042, 0x0042, 0x0042, 0x0042, 0x0042, 0x0042, 0x0042, 0x0042, 0x0042, 0x0042, 0x0042, 0x0042,
    0x0042, 0x0042, 0x0042, 0x0042, 0x0042, 0x0042, 0x0042, 0x0042, 0x0042, 0x0042, 0x0042, 0x0042,
    0x0042, 0x0042, 0x0042, 0x0042, 0x0042, 0x0042, 0x0042, 0x0042, 0x0042, 0x0042, 0x0042, 0x0042,
    0x0042, 0x0042, 0x0042, 0x0042, 0x0042, 0x0042, 0x0042, 0x0042, 0x0042, 0x0042, 0x0042, 0x0042,
    0x0042, 0x0042, 0x0041, 0x0041, 0x0042, 0x0042, 0x0042, 0x0042, 0x0042, 0x0042, 0x0042, 0x0042,
    0x0042, 0x0042, 0x0062, 0x0062, 0x0062, 0x0862, 0x0862, 0x0882, 0x10A3, 0x18C3, 0x2924, 0x49C4,
    0xDE75, 0xAC6D, 0x4184, 0x39C7, 0x31E8, 0x1967, 0x1988, 0x1189, 0x1A4D, 0x3C15, 0x3497, 0x4D7A,
    0x23D5, 0x09CC, 0x0968, 0x0927, 0x0906, 0x00A4, 0x00A5, 0x08E5, 0x0926, 0x0063, 0x10E5, 0x0084,
    0x08C5, 0x0042, 0x0063, 0x0063, 0x08E5, 0x0063, 0x08C5, 0x0043, 0x11C9, 0x1187, 0x0022, 0x0883,
    0x0862, 0x0862, 0x0041, 0x10A3, 0x0883, 0x0041, 0x0021, 0x0042, 0x0062, 0x0021, 0x0021, 0x0042,
    0x0022, 0x0021, 0x0062, 0x0001, 0x0001, 0x0021, 0x0001, 0x0021, 0x0001, 0x0001, 0x0000, 0x0000,
    0x0000, 0x0000, 0x0000, 0x10A2, 0x5267, 0x0001, 0x0042, 0x0863, 0x0841, 0x0041, 0x0021, 0x0042,
    0x0862, 0x0022, 0x0021, 0x0062, 0x0021, 0x0042, 0x0041, 0x1926, 0x10E5, 0x0042, 0x0862, 0x0062,
    0x0042, 0x0926, 0x122B, 0x0106, 0x0906, 0x0042, 0x08E6, 0x0063, 0x0062, 0x0063, 0x08E5, 0x0083,
    0x10E4, 0x0062, 0x0083, 0x0926, 0x1A2B, 0x0083, 0x08E5, 0x0907, 0x0969, 0x01AB, 0x2BD4, 0x5538,
    0x23D4, 0x33B2, 0x120B, 0x1188, 0x1967, 0x1926, 0x31E9, 0x31A6, 0x3164, 0x6AC7, 0xA44C, 0x72A7,
    0x3964, 0x2103, 0x18C3, 0x1082, 0x0882, 0x0862, 0x0862, 0x0842, 0x0042, 0x0042, 0x0042, 0x0042,
    0x0042, 0x0042, 0x0042, 0x0042, 0x0042, 0x0042, 0x0042, 0x0041, 0x0042, 0x0042, 0x0041, 0x0041,
    0x0041, 0x0041, 0x0041, 0x0041, 0x0042, 0x0042, 0x0042, 0x0042, 0x0042, 0x0042, 0x0042, 0x0042,
    0x0042, 0x0042, 0x0042, 0x0042, 0x0042, 0x0042, 0x0042, 0x0042, 0x0042, 0x0042, 0x0042, 0x0042,
    0x0042, 0x0042, 0x0042, 0x0042, 0x0042, 0x0042, 0x0042, 0x0042, 0x0042, 0x0042, 0x0042, 0x0042,
    0x0042, 0x0042, 0x0042, 0x0042, 0x0042, 0x0042, 0x0042, 0x0042, 0x0042, 0x0042, 0x0042, 0x0042,
    0x0042, 0x0042, 0x0042, 0x0042, 0x0042, 0x0042, 0x0042, 0x0042, 0x0042, 0x0042, 0x0042, 0x0042,
    0x0042, 0x0042, 0x0042, 0x0042, 0x0042, 0x0042, 0x0042, 0x0042, 0x0042, 0x0042, 0x0042, 0x0042,
    0x0042, 0x0042, 0x0041, 0x0041, 0x0041, 0x0042, 0x0042, 0x0042, 0x0042, 0x0042, 0x0042, 0x0042,
    0x0042, 0x0042, 0x0042, 0x0062, 0x0062, 0x0862, 0x0862, 0x0882, 0x10A3, 0x18C3, 0x2104, 0x4184,
    0x8B8A, 0xA44C, 0x49E6, 0x3165, 0x31C8, 0x21A8, 0x1126, 0x1168, 0x118A, 0x22D0, 0x3C35, 0x2436,
    0x5539, 0x0AB1, 0x098A, 0x0927, 0x0906, 0x00A4, 0x1147, 0x19C9, 0x00A4, 0x0083, 0x08C4, 0x08A4,
    0x08A4, 0x08A4, 0x0042, 0x0042, 0x08C4, 0x08C5, 0x0063, 0x08E5, 0x0947, 0x124B, 0x0062, 0x0063,
    0x0062, 0x0062, 0x0021, 0x1126, 0x08A4, 0x0021, 0x0021, 0x0042, 0x0042, 0x0001, 0x0021, 0x1905,
    0x0021, 0x0021, 0x0042, 0x0862, 0x0842, 0x0001, 0x1082, 0x5267, 0x0000, 0x0001, 0x0000, 0x0000,
    0x0000, 0x0000, 0x0000, 0x0021, 0x0841, 0x0021, 0x0022, 0x18C4, 0x10A3, 0x2145, 0x10A2, 0x0883,
    0x1925, 0x0001, 0x0021, 0x0062, 0x0022, 0x0042, 0x0042, 0x1146, 0x08E5, 0x0042, 0x0063, 0x0083,
    0x0042, 0x120B, 0x0906, 0x0042, 0x0042, 0x08A4, 0x00C4, 0x0063, 0x0062, 0x08C4, 0x08C4, 0x10C4,
    0x08A3, 0x08C4, 0x226C, 0x00A4, 0x0906, 0x00A4, 0x08E6, 0x0927, 0x09AA, 0x0A6F, 0x54F8, 0x23D4,
    0x33F4, 0x1A6D, 0x1168, 0x1168, 0x1106, 0x21A8, 0x2987, 0x2945, 0x41E6, 0x7B4A, 0x4184, 0x3964,
    0x2924, 0x18E3, 0x10A3, 0x1082, 0x0882, 0x0862, 0x0862, 0x0062, 0x0062, 0x0042, 0x0042, 0x0042,
    0x0042, 0x0042, 0x0042, 0x0042, 0x0042, 0x0042, 0x0042, 0x0041, 0x0042, 0x0042, 0x0041, 0x0041,
    0x0041, 0x0041, 0x0042, 0x0041, 0x0042, 0x0041, 0x0041, 0x0041, 0x0042, 0x0042, 0x0042, 0x0042,
    0x0042, 0x0042, 0x0042, 0x0042, 0x0042, 0x0042, 0x0042, 0x0042, 0x0042, 0x0042, 0x0042, 0x0042,
    0x0042, 0x0042, 0x0042, 0x0042, 0x0042, 0x0042, 0x0042, 0x0042, 0x0042, 0x0042, 0x0042, 0x0042,
    0x0042, 0x0042, 0x0042, 0x0042, 0x0042, 0x0042, 0x0042, 0x0042, 0x0042, 0x0042, 0x0042, 0x0042,
    0x0042, 0x0042, 0x0042, 0x0042, 0x0042, 0x0042, 0x0042, 0x0042, 0x0042, 0x0042, 0x0042, 0x0042,
    0x0042, 0x0042, 0x0042, 0x0042, 0x0042, 0x0042, 0x0042, 0x0042, 0x0042, 0x0042, 0x0042, 0x0042,
    0x0041, 0x0042, 0x0042, 0x0042, 0x0041, 0x0042, 0x0042, 0x0042, 0x0042, 0x0042, 0x0042, 0x0042,
    0x0042, 0x0042, 0x0042, 0x0042, 0x0062, 0x0862, 0x0862, 0x0882, 0x1082, 0x18C3, 0x20E3, 0x3144,
    0x3944, 0x5A46, 0x62E9, 0x2925, 0x2125, 0x21A7, 0x1947, 0x1126, 0x1189, 0x11AA, 0x22F0, 0x2BD4,
    0x3C97, 0x4456, 0x01AC, 0x0948, 0x0106, 0x08E5, 0x00A4, 0x0083, 0x1147, 0x19EA, 0x0042, 0x1105,
    0x0063, 0x08C4, 0x0042, 0x0063, 0x0062, 0x1168, 0x00A5, 0x00A4, 0x0063, 0x0988, 0x0906, 0x0042,
    0x0063, 0x0062, 0x0042, 0x1127, 0x08A4, 0x0021, 0x0021, 0x0042, 0x0042, 0x0001, 0x0041, 0x39C7,
    0x0021, 0x20E2, 0x18A3, 0x1082, 0x0863, 0x0022, 0x0000, 0x0841, 0x0000, 0x0000, 0x0000, 0x0000,
    0x0000, 0x0000, 0x0000, 0x0021, 0x0861, 0x0001, 0x0042, 0x0001, 0x0001, 0x0022, 0x0021, 0x0021,
    0x0001, 0x0022, 0x0021, 0x0062, 0x0042, 0x0042, 0x0022, 0x1147, 0x08E5, 0x0042, 0x0083, 0x0083,
    0x0905, 0x1A6C, 0x0084, 0x00A4, 0x00A4, 0x1147, 0x0063, 0x0062, 0x0083, 0x08C4, 0x0883, 0x1905,
    0x0042, 0x08E5, 0x08C5, 0x0083, 0x00A4, 0x08C5, 0x0907, 0x0948, 0x01CC, 0x44B7, 0x3435, 0x2BD4,
    0x2310, 0x0989, 0x1188, 0x1126, 0x1967, 0x2167, 0x2104, 0x2125, 0x62E9, 0x39A5, 0x3144, 0x2924,
    0x20E3, 0x18C3, 0x10A3, 0x1082, 0x0882, 0x0862, 0x0862, 0x0862, 0x0062, 0x0042, 0x0042, 0x0042,
    0x0042, 0x0042, 0x0042, 0x0042, 0x0042, 0x0042, 0x0042, 0x0041, 0x0041, 0x0041, 0x0041, 0x0041,
    0x0041, 0x0042, 0x0042, 0x0042, 0x0042, 0x0041, 0x0041, 0x0041, 0x0042, 0x0042, 0x0042, 0x0042,
    0x0042, 0x0042, 0x0042, 0x0042, 0x0042, 0x0042, 0x0042, 0x0042, 0x0042, 0x0042, 0x0042, 0x0042,
    0x0042, 0x0042, 0x0042, 0x0042, 0x0042, 0x0042, 0x0042, 0x0042, 0x0042, 0x0042, 0x0042, 0x0042,
    0x0042, 0x0042, 0x0042, 0x0042, 0x0042, 0x0042, 0x0042, 0x0042, 0x0042, 0x0042, 0x0042, 0x0042,
    0x0042, 0x0842, 0x0042, 0x0042, 0x0042, 0x0042, 0x0042, 0x0042, 0x0042, 0x0842, 0x0042, 0x0042,
    0x0042, 0x0042, 0x0042, 0x0042, 0x0042, 0x0042, 0x0042, 0x0042, 0x0042, 0x0042, 0x0041, 0x0042,
    0x0042, 0x0042, 0x0041, 0x0042, 0x0042, 0x0042, 0x0042, 0x0042, 0x0042, 0x0042, 0x0042, 0x0042,
    0x0042, 0x0042, 0x0042, 0x0042, 0x0062, 0x0862, 0x0862, 0x0882, 0x1083, 0x10A3, 0x18C3, 0x2103,
    0x2944, 0x2923, 0x5247, 0x4227, 0x18E4, 0x1925, 0x2188, 0x1126, 0x1147, 0x1169, 0x11CA, 0x2B92,
    0x23D5, 0x44F8, 0x1B11, 0x0169, 0x0948, 0x08E6, 0x00A4, 0x0084, 0x00A4, 0x00A4, 0x0063, 0x08A4,
    0x08A4, 0x0063, 0x08A4, 0x0063, 0x0042, 0x08E5, 0x0927, 0x00C5, 0x00C5, 0x0927, 0x1A6C, 0x0042,
    0x0083, 0x0083, 0x0042, 0x0947, 0x08A4, 0x0021, 0x0021, 0x0042, 0x0042, 0x0021, 0x0021, 0x0022,
    0x0021, 0x0021, 0x0042, 0x0001, 0x0021, 0x0042, 0x0021, 0x0841, 0x0001, 0x0001, 0x0000, 0x0000,
    0x0000, 0x0000, 0x0000, 0x18E3, 0x62C9, 0x0000, 0x0021, 0x20C3, 0x10A3, 0x2945, 0x10A3, 0x0862,
    0x18E3, 0x0001, 0x0022, 0x0063, 0x0042, 0x0042, 0x0042, 0x1147, 0x0906, 0x0063, 0x00A4, 0x0063,
    0x11EA, 0x0988, 0x08E6, 0x00C5, 0x0926, 0x0906, 0x0062, 0x00A4, 0x0883, 0x0063, 0x10C4, 0x0883,
    0x0926, 0x1188, 0x0063, 0x08A4, 0x08C4, 0x0906, 0x0948, 0x0129, 0x2311, 0x44B7, 0x1B31, 0x2B51,
    0x11CB, 0x1169, 0x1126, 0x1126, 0x1988, 0x1905, 0x10E4, 0x4A47, 0x39C6, 0x20E3, 0x2104, 0x20E3,
    0x18C3, 0x10A3, 0x1082, 0x0882, 0x0862, 0x0862, 0x0862, 0x0062, 0x0042, 0x0042, 0x0042, 0x0042,
    0x0042, 0x0042, 0x0042, 0x0042, 0x0042, 0x0042, 0x0041, 0x0041, 0x0041, 0x0041, 0x0041, 0x0041,
    0x0042, 0x0042, 0x0042, 0x0042, 0x0042, 0x0041, 0x0041, 0x0042, 0x0042, 0x0042, 0x0042, 0x0042,
    0x0042, 0x0042, 0x0042, 0x0042, 0x0042, 0x0042, 0x0042, 0x0042, 0x0042, 0x0042, 0x0042, 0x0042,
    0x0042, 0x0042, 0x0042, 0x0042, 0x0042, 0x0042, 0x0042, 0x0042, 0x0042, 0x0042, 0x0042, 0x0042,
    0x0042, 0x0042, 0x0042, 0x0042, 0x0042, 0x0042, 0x0042, 0x0042, 0x0042, 0x0042, 0x0042, 0x0042,
    0x0042, 0x0042, 0x0042, 0x0042, 0x0042, 0x0042, 0x0042, 0x0042, 0x0042, 0x0042, 0x0042, 0x0042,
    0x0042, 0x0042, 0x0042, 0x0042, 0x0042, 0x0042, 0x0042, 0x0042, 0x0042, 0x0042, 0x0041, 0x0042,
    0x0042, 0x0042, 0x0042, 0x0042, 0x0042, 0x0042, 0x0042, 0x0042, 0x0042, 0x0042, 0x0042, 0x0042,
    0x0042, 0x0042, 0x0042, 0x0042, 0x0042, 0x0862, 0x0862, 0x0862, 0x0882, 0x10A3, 0x10A3, 0x18C3,
    0x20E3, 0x2104, 0x18E3, 0x4A47, 0x2965, 0x10E4, 0x1926, 0x1968, 0x1126, 0x1168, 0x0989, 0x124D,
    0x2B93, 0x2393, 0x4476, 0x01AC, 0x0949, 0x0927, 0x08C4, 0x00A4, 0x0084, 0x08C5, 0x19E9, 0x0000,
    0x08C4, 0x0083, 0x00A4, 0x08A4, 0x00A4, 0x0063, 0x0927, 0x00A4, 0x00E6, 0x00E6, 0x122B, 0x0927,
    0x0084, 0x0084, 0x0042, 0x0947, 0x08A4, 0x0021, 0x0042, 0x0042, 0x0042, 0x0021, 0x0021, 0x2104,
    0x0021, 0x2944, 0x10A3, 0x18A2, 0x18A2, 0x0001, 0x10A2, 0x5AA8, 0x0000, 0x0001, 0x0000, 0x0000,
    0x0000, 0x0000, 0x0000, 0x0021, 0x0062, 0x0001, 0x0001, 0x1061, 0x0862, 0x2945, 0x18A3, 0x0841,
    0x18E3, 0x0021, 0x0022, 0x0063, 0x0042, 0x0062, 0x0042, 0x1167, 0x0906, 0x0063, 0x00C5, 0x00E6,
    0x122C, 0x00C6, 0x0107, 0x00C5, 0x0967, 0x0083, 0x08C4, 0x00A4, 0x0063, 0x0063, 0x08E5, 0x0062,
    0x1168, 0x0906, 0x00A4, 0x00A4, 0x08C4, 0x0906, 0x0928, 0x018B, 0x44B7, 0x1B73, 0x2352, 0x122D,
    0x118A, 0x1168, 0x1105, 0x1988, 0x1925, 0x10C4, 0x31A6, 0x4227, 0x18C3, 0x2104, 0x18E3, 0x18C3,
    0x10A3, 0x1083, 0x1082, 0x0882, 0x0862, 0x0862, 0x0862, 0x0062, 0x0042, 0x0042, 0x0042, 0x0042,
    0x0042, 0x0042, 0x0042, 0x0042, 0x0042, 0x0042, 0x0041, 0x0041, 0x0041, 0x0041, 0x0041, 0x0041,
    0x0041, 0x0042, 0x0042, 0x0042, 0x0042, 0x0041, 0x0042, 0x0042, 0x0042, 0x0042, 0x0042, 0x0042,
    0x0042, 0x0042, 0x0042, 0x0042, 0x0042, 0x0042, 0x0042, 0x0042, 0x0042, 0x0042, 0x0042, 0x0042,
    0x0042, 0x0042, 0x0042, 0x0042, 0x0042, 0x0042, 0x0042, 0x0042, 0x0042, 0x0042, 0x0042, 0x0042,
    0x0042, 0x0042, 0x0042, 0x0042, 0x0042, 0x0042, 0x0042, 0x0042, 0x0042, 0x0042, 0x0042, 0x0042,
    0x0042, 0x0042, 0x0042, 0x0042, 0x0042, 0x0042, 0x0042, 0x0042, 0x0042, 0x0042, 0x0042, 0x0042,
    0x0042, 0x0042, 0x0042, 0x0042, 0x0042, 0x0042, 0x0042, 0x0042, 0x0042, 0x0042, 0x0042, 0x0042,
    0x0042, 0x0042, 0x0042, 0x0042, 0x0042, 0x0042, 0x0042, 0x0042, 0x0042, 0x0042, 0x0042, 0x0042,
    0x0042, 0x0042, 0x0042, 0x0042, 0x0042, 0x0062, 0x0862, 0x0862, 0x0882, 0x0883, 0x10A3, 0x10A3,
    0x18C3, 0x18C3, 0x18E3, 0x2104, 0x4A48, 0x10E5, 0x10E4, 0x1926, 0x1147, 0x0906, 0x1169, 0x098A,
    0x1AAF, 0x2332, 0x3415, 0x2353, 0x0129, 0x0927, 0x08E6, 0x00A4, 0x00A4, 0x0083, 0x0905, 0x0905,
    0x0883, 0x08C5, 0x0063, 0x08A4, 0x0927, 0x0042, 0x0926, 0x0926, 0x00C5, 0x00C5, 0x0948, 0x09EB,
    0x00A5, 0x00A5, 0x0063, 0x0968, 0x08C4, 0x0042, 0x0042, 0x0042, 0x0042, 0x0021, 0x0021, 0x2924,
    0x0021, 0x3144, 0x20E4, 0x0021, 0x0021, 0x0021, 0x0021, 0x0062, 0x0001, 0x0001, 0x0000, 0x0000,
    0x0000, 0x0000, 0x0000, 0x0021, 0x0062, 0x0001, 0x0021, 0x1082, 0x0862, 0x18C2, 0x0862, 0x0862,
    0x1082, 0x0021, 0x0021, 0x0063, 0x0042, 0x0062, 0x0042, 0x1188, 0x0927, 0x0084, 0x00C6, 0x1A6D,
    0x33F3, 0x0128, 0x0969, 0x0968, 0x0905, 0x0127, 0x0968, 0x0063, 0x0063, 0x08C4, 0x0884, 0x08E5,
    0x0926, 0x0063, 0x00C4, 0x00A4, 0x0927, 0x0948, 0x0149, 0x33D4, 0x3C97, 0x2352, 0x1ACF, 0x0989,
    0x11AA, 0x0906, 0x1147, 0x1147, 0x10E4, 0x1905, 0x4A48, 0x18E4, 0x18E4, 0x18C3, 0x18C3, 0x10A3,
    0x10A3, 0x1082, 0x0882, 0x0862, 0x0862, 0x0862, 0x0862, 0x0042, 0x0042, 0x0042, 0x0042, 0x0042,
    0x0042, 0x0042, 0x0042, 0x0042, 0x0042, 0x0042, 0x0042, 0x0041, 0x0041, 0x0041, 0x0041, 0x0042,
    0x0041, 0x0041, 0x0041, 0x0041, 0x0042, 0x0041, 0x0041, 0x0042, 0x0042, 0x0042, 0x0042, 0x0042,
    0x0042, 0x0042, 0x0042, 0x0042, 0x0042, 0x0042, 0x0042, 0x0042, 0x0042, 0x0842, 0x0042, 0x0042,
    0x0042, 0x0042, 0x0042, 0x0042, 0x0042, 0x0042, 0x0042, 0x0042, 0x0042, 0x0042, 0x0041, 0x0042,
    0x0042, 0x0042, 0x0042, 0x0042, 0x0042, 0x0042, 0x0042, 0x0042, 0x0042, 0x0042, 0x0042, 0x0042,
    0x0042, 0x0042, 0x0042, 0x0042, 0x0042, 0x0042, 0x0042, 0x0042, 0x0042, 0x0042, 0x0042, 0x0042,
    0x0042, 0x0042, 0x0042, 0x0042, 0x0042, 0x0042, 0x0042, 0x0042, 0x0042, 0x0042, 0x0042, 0x0042,
    0x0042, 0x0042, 0x0042, 0x0042, 0x0042, 0x0042, 0x0042, 0x0042, 0x0042, 0x0042, 0x0042, 0x0042,
    0x0042, 0x0042, 0x0042, 0x0042, 0x0042, 0x0062, 0x0062, 0x0862, 0x0862, 0x0883, 0x0883, 0x1083,
    0x10A3, 0x10C3, 0x18C3, 0x10A3, 0x3185, 0x4207, 0x08A4, 0x10E5, 0x1968, 0x0906, 0x0947, 0x11AA,
    0x098A, 0x2311, 0x1B73, 0x4CF8, 0x0A0E, 0x0107, 0x0948, 0x08E5, 0x00A4, 0x0063, 0x08C4, 0x1188,
    0x0043, 0x08E5, 0x00A4, 0x0063, 0x08C5, 0x0926, 0x00A5, 0x1A0A, 0x0106, 0x0148, 0x018B, 0x3C54,
    0x0169, 0x00E6, 0x0084, 0x0989, 0x08C5, 0x0042, 0x0042, 0x0042, 0x0042, 0x0021, 0x0021, 0x1082,
    0x0041, 0x1081, 0x1082, 0x1083, 0x1082, 0x0021, 0x0021, 0x0062, 0x0001, 0x0000, 0x0000, 0x0000,
    0x0000, 0x0000, 0x0000, 0x0021, 0x0062, 0x0001, 0x0001, 0x3144, 0x10A2, 0x3184, 0x18C3, 0x18E3,
    0x3165, 0x0001, 0x0021, 0x0063, 0x0042, 0x0062, 0x0042, 0x1188, 0x0947, 0x00A5, 0x0108, 0x4495,
    0x1B11, 0x016A, 0x0968, 0x09A9, 0x00A4, 0x00E6, 0x00E5, 0x0083, 0x0083, 0x1988, 0x08E5, 0x0083,
    0x0083, 0x0083, 0x00A4, 0x08C4, 0x0927, 0x0927, 0x0128, 0x1A6E, 0x124E, 0x22CF, 0x0968, 0x0969,
    0x0927, 0x0906, 0x1168, 0x10E5, 0x08C4, 0x4227, 0x2945, 0x10A3, 0x10C3, 0x10A3, 0x10A3, 0x10A3,
    0x0882, 0x0882, 0x0862, 0x0862, 0x0862, 0x0842, 0x0042, 0x0042, 0x0042, 0x0042, 0x0042, 0x0042,
    0x0042, 0x0042, 0x0042, 0x0042, 0x0042, 0x0042, 0x0042, 0x0041, 0x0041, 0x0041, 0x0041, 0x0041,
    0x0041, 0x0041, 0x0041, 0x0041, 0x0041, 0x0041, 0x0042, 0x0042, 0x0042, 0x0042, 0x0042, 0x0042,
    0x0042, 0x0042, 0x0042, 0x0042, 0x0042, 0x0042, 0x0042, 0x0042, 0x0042, 0x0042, 0x0042, 0x0042,
    0x0042, 0x0042, 0x0042, 0x0042, 0x0042, 0x0042, 0x0042, 0x0042, 0x0042, 0x0042, 0x0042, 0x0042,
    0x0042, 0x0042, 0x0042, 0x0042, 0x0042, 0x0042, 0x0042, 0x0042, 0x0042, 0x0042, 0x0042, 0x0042,
    0x0042, 0x0042, 0x0042, 0x0042, 0x0042, 0x0042, 0x0042, 0x0042, 0x0042, 0x0042, 0x0042, 0x0041,
    0x0042, 0x0042, 0x0042, 0x0042, 0x0042, 0x0042, 0x0042, 0x0042, 0x0042, 0x0042, 0x0041, 0x0042,
    0x0042, 0x0042, 0x0042, 0x0042, 0x0042, 0x0042, 0x0042, 0x0042, 0x0042, 0x0042, 0x0042, 0x0042,
    0x0042, 0x0042, 0x0042, 0x0042, 0x0042, 0x0042, 0x0062, 0x0862, 0x0862, 0x0862, 0x0882, 0x0883,
    0x1083, 0x10A3, 0x10A3, 0x10C4, 0x08A3, 0x4207, 0x2145, 0x08C4, 0x1106, 0x1147, 0x08E5, 0x1189,
    0x0948, 0x11CB, 0x128F, 0x1290, 0x09AA, 0x00E6, 0x0907, 0x0927, 0x00A4, 0x0083, 0x0063, 0x08A4,
    0x1147, 0x1146, 0x08C4, 0x0062, 0x0083, 0x00C5, 0x0927, 0x11A9, 0x0989, 0x0969, 0x018C, 0x3C76,
    0x22D0, 0x00E7, 0x00A5, 0x09A9, 0x08E5, 0x0042, 0x0042, 0x0042, 0x0042, 0x0021, 0x0021, 0x39A5,
    0x0842, 0x41C5, 0x2103, 0x20C3, 0x20E4, 0x0001, 0x0021, 0x0062, 0x0000, 0x0000, 0x0000, 0x0000,
    0x0000, 0x0000, 0x0000, 0x0021, 0x0042, 0x0001, 0x0041, 0x0000, 0x0021, 0x0000, 0x0841, 0x0842,
    0x0001, 0x0042, 0x0021, 0x0063, 0x0042, 0x0062, 0x0042, 0x1188, 0x0947, 0x00A5, 0x0A2D, 0x4D59,
    0x020D, 0x0989, 0x0948, 0x09A9, 0x0947, 0x0926, 0x08A4, 0x0062, 0x0083, 0x08E5, 0x0947, 0x11EA,
    0x0042, 0x0083, 0x0083, 0x08C5, 0x08E6, 0x08E6, 0x0907, 0x00E7, 0x098A, 0x11EB, 0x00E6, 0x0948,
    0x08E5, 0x1147, 0x1105, 0x08C4, 0x2966, 0x39E7, 0x08A3, 0x10C4, 0x10A3, 0x10A3, 0x1083, 0x0882,
    0x0882, 0x0862, 0x0862, 0x0862, 0x0862, 0x0042, 0x0042, 0x0042, 0x0042, 0x0042, 0x0042, 0x0042,
    0x0042, 0x0042, 0x0042, 0x0042, 0x0042, 0x0042, 0x0042, 0x0041, 0x0041, 0x0041, 0x0041, 0x0041,
    0x0041, 0x0041, 0x0041, 0x0041, 0x0041, 0x0041, 0x0042, 0x0042, 0x0041, 0x0042, 0x0041, 0x0042,
    0x0042, 0x0042, 0x0042, 0x0042, 0x0042, 0x0042, 0x0042, 0x0042, 0x0042, 0x0042, 0x0042, 0x0042,
    0x0042, 0x0042, 0x0042, 0x0041, 0x0042, 0x0042, 0x0042, 0x0042, 0x0042, 0x0042, 0x0042, 0x0042,
    0x0042, 0x0042, 0x0042, 0x0042, 0x0042, 0x0042, 0x0042, 0x0042, 0x0042, 0x0042, 0x0042, 0x0042,
    0x0042, 0x0042, 0x0042, 0x0042, 0x0042, 0x0042, 0x0042, 0x0042, 0x0042, 0x0042, 0x0042, 0x0042,
    0x0041, 0x0042, 0x0042, 0x0042, 0x0042, 0x0042, 0x0042, 0x0042, 0x0042, 0x0042, 0x0042, 0x0042,
    0x0042, 0x0041, 0x0042, 0x0042, 0x0041, 0x0042, 0x0042, 0x0042, 0x0042, 0x0042, 0x0042, 0x0042,
    0x0042, 0x0042, 0x0042, 0x0042, 0x0042, 0x0042, 0x0042, 0x0862, 0x0862, 0x0862, 0x0862, 0x0882,
    0x0883, 0x0883, 0x10A3, 0x10A3, 0x10C4, 0x10E4, 0x4207, 0x08C4, 0x10E4, 0x1126, 0x0906, 0x08E6,
    0x0968, 0x0107, 0x120C, 0x0128, 0x0907, 0x0907, 0x0906, 0x0947, 0x00A4, 0x0083, 0x0063, 0x0905,
    0x19C9, 0x08C5, 0x0906, 0x0083, 0x0083, 0x0083, 0x1A2B, 0x0947, 0x11EA, 0x0927, 0x01AC, 0x1B53,
    0x3C96, 0x0129, 0x00C6, 0x11A9, 0x08E5, 0x0042, 0x0042, 0x0042, 0x0042, 0x0021, 0x0021, 0x0000,
    0x0862, 0x0001, 0x0000, 0x0000, 0x0001, 0x0022, 0x0001, 0x0062, 0x0001, 0x0000, 0x0000, 0x0000,
    0x0000, 0x0000, 0x0000, 0x0021, 0x0042, 0x0021, 0x0021, 0x3144, 0x0841, 0x9C8E, 0x4A27, 0x1061,
    0x2924, 0x0021, 0x0041, 0x0063, 0x0042, 0x0062, 0x0042, 0x1188, 0x1168, 0x00C7, 0x2BD3, 0x3496,
    0x01CC, 0x0969, 0x09CA, 0x09CB, 0x11A9, 0x08E5, 0x0063, 0x0083, 0x1126, 0x00A5, 0x00A4, 0x00A4,
    0x0083, 0x0083, 0x00A4, 0x0927, 0x08E6, 0x0906, 0x0107, 0x0927, 0x1A4D, 0x0948, 0x0927, 0x0906,
    0x0906, 0x0926, 0x08C4, 0x08C4, 0x4227, 0x10C4, 0x10A4, 0x10A3, 0x08A3, 0x0883, 0x0883, 0x0882,
    0x0882, 0x0862, 0x0862, 0x0862, 0x0062, 0x0042, 0x0062, 0x0042, 0x0042, 0x0042, 0x0042, 0x0042,
    0x0042, 0x0042, 0x0042, 0x0042, 0x0042, 0x0042, 0x0041, 0x0041, 0x0041, 0x0041, 0x0041, 0x0041,
    0x0041, 0x0041, 0x0041, 0x0041, 0x0041, 0x0042, 0x0042, 0x0042, 0x0041, 0x0042, 0x0042, 0x0042,
    0x0042, 0x0042, 0x0042, 0x0042, 0x0042, 0x0042, 0x0042, 0x0042, 0x0042, 0x0042, 0x0042, 0x0042,
    0x0042, 0x0042, 0x0042, 0x0042, 0x0042, 0x0042, 0x0042, 0x0042, 0x0042, 0x0042, 0x0042, 0x0042,
    0x0042, 0x0042, 0x0042, 0x0042, 0x0042, 0x0042, 0x0042, 0x0042, 0x0042, 0x0042, 0x0042, 0x0042,
    0x0042, 0x0042, 0x0042, 0x0042, 0x0042, 0x0042, 0x0042, 0x0042, 0x0042, 0x0042, 0x0042, 0x0041,
    0x0041, 0x0042, 0x0042, 0x0042, 0x0042, 0x0042, 0x0041, 0x0042, 0x0042, 0x0042, 0x0041, 0x0041,
    0x0042, 0x0041, 0x0041, 0x0041, 0x0041, 0x0041, 0x0042, 0x0042, 0x0042, 0x0042, 0x0042, 0x0042,
    0x0042, 0x0042, 0x0042, 0x0042, 0x0042, 0x0042, 0x0042, 0x0062, 0x0062, 0x0862, 0x0862, 0x0862,
    0x0883, 0x0883, 0x08A3, 0x08A3, 0x10C4, 0x08A3, 0x2965, 0x2986, 0x08A4, 0x10E5, 0x1127, 0x08C5,
    0x0947, 0x0927, 0x09EB, 0x11CB, 0x00E7, 0x0107, 0x0907, 0x0906, 0x0927, 0x0083, 0x00A4, 0x0063,
    0x0042, 0x0083, 0x08E5, 0x08C4, 0x0063, 0x0084, 0x0947, 0x0989, 0x09EA, 0x0168, 0x09AB, 0x01ED,
    0x44F8, 0x0A0D, 0x00C6, 0x11CA, 0x08C5, 0x0042, 0x0042, 0x0042, 0x0062, 0x0021, 0x0021, 0x3144,
    0x0000, 0x83AA, 0x62A8, 0x1061, 0x18C3, 0x0001, 0x0021, 0x0042, 0x0000, 0x0000, 0x0000, 0x0000,
    0x0000, 0x0000, 0x0000, 0x0021, 0x0042, 0x0001, 0x0021, 0x1082, 0x0841, 0x5A88, 0x2944, 0x0841,
    0x1082, 0x0021, 0x0021, 0x0063, 0x0042, 0x0042, 0x0062, 0x08C5, 0x00C5, 0x00E7, 0x3CF7, 0x128F,
    0x09CC, 0x0127, 0x11EB, 0x0968, 0x0907, 0x00C5, 0x0042, 0x1126, 0x1967, 0x0906, 0x19EA, 0x0063,
    0x00A4, 0x00A4, 0x00A4, 0x00E6, 0x00E6, 0x09AA, 0x120C, 0x09CB, 0x11EB, 0x0107, 0x0927, 0x08C5,
    0x0927, 0x08E5, 0x00A4, 0x31C6, 0x2966, 0x0883, 0x08C4, 0x08A3, 0x0883, 0x0883, 0x0883, 0x0882,
    0x0882, 0x0862, 0x0862, 0x0862, 0x0062, 0x0062, 0x0042, 0x0042, 0x0042, 0x0042, 0x0042, 0x0042,
    0x0042, 0x0042, 0x0042, 0x0042, 0x0042, 0x0042, 0x0041, 0x0041, 0x0041, 0x0041, 0x0041, 0x0041,
    0x0041, 0x0041, 0x0041, 0x0042, 0x0041, 0x0042, 0x0042, 0x0042, 0x0042, 0x0042, 0x0042, 0x0042,
    0x0042, 0x0042, 0x0042, 0x0042, 0x0042, 0x0042, 0x0042, 0x0042, 0x0042, 0x0042, 0x0042, 0x0042,
    0x0042, 0x0042, 0x0042, 0x0042, 0x0042, 0x0042, 0x0042, 0x0042, 0x0042, 0x0042, 0x0042, 0x0042,
    0x0042, 0x0042, 0x0042, 0x0042, 0x0042, 0x0042, 0x0042, 0x0042, 0x0042, 0x0042, 0x0042, 0x0042,
    0x0042, 0x0042, 0x0042, 0x0042, 0x0042, 0x0842, 0x0042, 0x0042, 0x0842, 0x0042, 0x0042, 0x0041,
    0x0042, 0x0042, 0x0042, 0x0042, 0x0042, 0x0041, 0x0042, 0x0042, 0x0042, 0x0042, 0x0041, 0x0041,
    0x0041, 0x0041, 0x0041, 0x0041, 0x0041, 0x0041, 0x0042, 0x0042, 0x0042, 0x0042, 0x0042, 0x0042,
    0x0042, 0x0042, 0x0042, 0x0042, 0x0042, 0x0042, 0x0042, 0x0042, 0x0062, 0x0062, 0x0062, 0x0862,
    0x0862, 0x0883, 0x0883, 0x0883, 0x08A3, 0x08C4, 0x08A4, 0x39E7, 0x1105, 0x08C4, 0x1106, 0x0926,
    0x08E5, 0x0969, 0x0128, 0x124C, 0x0948, 0x120C, 0x0128, 0x00E6, 0x00E5, 0x00A4, 0x00A4, 0x0083,
    0x08C4, 0x1168, 0x0042, 0x1987, 0x0906, 0x00A4, 0x00C6, 0x1188, 0x0968, 0x09A9, 0x0128, 0x0109,
    0x2BD3, 0x2B71, 0x0064, 0x08E5, 0x08A4, 0x0042, 0x0042, 0x0042, 0x0062, 0x0021, 0x0021, 0x1082,
    0x0020, 0x41E5, 0x41A5, 0x0842, 0x0842, 0x0001, 0x0021, 0x0042, 0x0000, 0x0000, 0x0000, 0x0000,
    0x0000, 0x0000, 0x0000, 0x0021, 0x0042, 0x0001, 0x0021, 0x0001, 0x0021, 0x18C2, 0x1061, 0x0021,
    0x0021, 0x0021, 0x0021, 0x0063, 0x0042, 0x0042, 0x0062, 0x08C5, 0x0083, 0x00C5, 0x09A9, 0x0107,
    0x0949, 0x0127, 0x0988, 0x00A4, 0x0968, 0x0083, 0x0906, 0x0906, 0x08E5, 0x0083, 0x08C4, 0x0063,
    0x00A4, 0x00A4, 0x08E6, 0x0906, 0x0108, 0x3C15, 0x33B3, 0x126E, 0x0948, 0x0927, 0x00C5, 0x0906,
    0x0926, 0x08C4, 0x1105, 0x4207, 0x08A4, 0x08C4, 0x08A3, 0x0883, 0x0883, 0x0883, 0x0882, 0x0862,
    0x0862, 0x0862, 0x0062, 0x0062, 0x0042, 0x0042, 0x0042, 0x0042, 0x0042, 0x0042, 0x0042, 0x0042,
    0x0042, 0x0042, 0x0042, 0x0042, 0x0041, 0x0042, 0x0041, 0x0041, 0x0042, 0x0041, 0x0041, 0x0041,
    0x0041, 0x0041, 0x0042, 0x0041, 0x0042, 0x0042, 0x0042, 0x0041, 0x0042, 0x0042, 0x0042, 0x0042,
    0x0042, 0x0042, 0x0042, 0x0042, 0x0042, 0x0042, 0x0042, 0x0042, 0x0042, 0x0042, 0x0042, 0x0042,
    0x0042, 0x0042, 0x0042, 0x0042, 0x0042, 0x0042, 0x0042, 0x0042, 0x0042, 0x0042, 0x0042, 0x0042,
    0x0042, 0x0042, 0x0041, 0x0042, 0x0042, 0x0042, 0x0042, 0x0042, 0x0042, 0x0042, 0x0842, 0x0042,
    0x0042, 0x0042, 0x0042, 0x0042, 0x0842, 0x0042, 0x0042, 0x0042, 0x0842, 0x0842, 0x0042, 0x0042,
    0x0042, 0x0042, 0x0042, 0x0041, 0x0042, 0x0041, 0x0042, 0x0042, 0x0042, 0x0042, 0x0042, 0x0041,
    0x0041, 0x0041, 0x0041, 0x0042, 0x0041, 0x0041, 0x0041, 0x0042, 0x0041, 0x0041, 0x0042, 0x0042,
    0x0042, 0x0042, 0x0042, 0x0042, 0x0042, 0x0042, 0x0042, 0x0042, 0x0042, 0x0062, 0x0062, 0x0062,
    0x0862, 0x0863, 0x0883, 0x0883, 0x0883, 0x08A4, 0x00A4, 0x1925, 0x39C7, 0x00A4, 0x08E5, 0x0927,
    0x08C5, 0x0948, 0x0148, 0x11AA, 0x0A8F, 0x4496, 0x0A4E, 0x0128, 0x0907, 0x00C5, 0x00A4, 0x0083,
    0x0063, 0x00A3, 0x0062, 0x1188, 0x0968, 0x0084, 0x00C5, 0x0906, 0x0127, 0x09A9, 0x00E6, 0x0148,
    0x0969, 0x0968, 0x0063, 0x0084, 0x08A4, 0x0042, 0x0042, 0x0042, 0x0062, 0x0021, 0x0021, 0x0021,
    0x0021, 0x20C3, 0x1082, 0x0021, 0x0001, 0x0001, 0x0001, 0x0042, 0x0000, 0x0000, 0x0000, 0x0000,
    0x0000, 0x0000, 0x0000, 0x0021, 0x0042, 0x0001, 0x0001, 0x10C3, 0x0862, 0x2103, 0x10A2, 0x0021,
    0x0042, 0x0021, 0x0021, 0x0063, 0x0042, 0x0042, 0x0062, 0x08E5, 0x0083, 0x0084, 0x0084, 0x00C5,
    0x0907, 0x0968, 0x0927, 0x00C5, 0x00A4, 0x0083, 0x11CA, 0x0927, 0x1126, 0x0906, 0x0063, 0x0083,
    0x00A4, 0x08E5, 0x0927, 0x0107, 0x09EC, 0x4CF7, 0x1290, 0x1A4D, 0x0107, 0x0947, 0x08E5, 0x0947,
    0x0905, 0x00C5, 0x39C7, 0x1925, 0x08A4, 0x08A4, 0x08A3, 0x0883, 0x0883, 0x0883, 0x0862, 0x0862,
    0x0862, 0x0862, 0x0062, 0x0062, 0x0042, 0x0042, 0x0042, 0x0042, 0x0042, 0x0042, 0x0042, 0x0042,
    0x0042, 0x0042, 0x0042, 0x0042, 0x0042, 0x0042, 0x0042, 0x0042, 0x0042, 0x0041, 0x0041, 0x0041,
    0x0041, 0x0041, 0x0041, 0x0041, 0x0042, 0x0042, 0x0042, 0x0042, 0x0042, 0x0042, 0x0042, 0x0042,
    0x0042, 0x0042, 0x0042, 0x0042, 0x0042, 0x0042, 0x0042, 0x0042, 0x0042, 0x0042, 0x0042, 0x0042,
    0x0042, 0x0042, 0x0042, 0x0042, 0x0042, 0x0042, 0x0042, 0x0042, 0x0042, 0x0042, 0x0042, 0x0042,
    0x0042, 0x0042, 0x0042, 0x0042, 0x0042, 0x0042, 0x0042, 0x0042, 0x0042, 0x0042, 0x0042, 0x0042,
    0x0042, 0x0842, 0x0042, 0x0042, 0x0042, 0x0042, 0x0842, 0x0042, 0x0042, 0x0042, 0x0042, 0x0042,
    0x0041, 0x0042, 0x0041, 0x0042, 0x0041, 0x0042, 0x0041, 0x0042, 0x0042, 0x0042, 0x0041, 0x0041,
    0x0042, 0x0041, 0x0042, 0x0042, 0x0041, 0x0041, 0x0042, 0x0042, 0x0041, 0x0042, 0x0041, 0x0042,
    0x0042, 0x0042, 0x0042, 0x0042, 0x0042, 0x0042, 0x0042, 0x0042, 0x0042, 0x0062, 0x0062, 0x0062,
    0x0062, 0x0862, 0x0883, 0x0883, 0x0883, 0x08A3, 0x08A4, 0x0084, 0x39E7, 0x1925, 0x08C5, 0x0906,
    0x0906, 0x08E6, 0x0989, 0x0148, 0x1312, 0x2BD4, 0x3BF4, 0x0129, 0x0927, 0x0107, 0x00A4, 0x0083,
    0x0063, 0x08C4, 0x1147, 0x00C5, 0x1189, 0x0927, 0x0083, 0x00A4, 0x0106, 0x0947, 0x00E5, 0x00C5,
    0x00A5, 0x0084, 0x0063, 0x08A4, 0x08A4, 0x0042, 0x0042, 0x0042, 0x0062, 0x0021, 0x0021, 0x0042,
    0x0021, 0x3164, 0x18C2, 0x0862, 0x0021, 0x0001, 0x0001, 0x0042, 0x0001, 0x0000, 0x0000, 0x0000,
    0x0000, 0x0000, 0x0000, 0x0021, 0x0042, 0x0001, 0x0001, 0x10A3, 0x0842, 0x20E3, 0x0862, 0x0021,
    0x0042, 0x0041, 0x0021, 0x0063, 0x0042, 0x0042, 0x0062, 0x08E5, 0x0063, 0x0083, 0x0083, 0x08C5,
    0x0906, 0x09A9, 0x00A4, 0x0947, 0x0083, 0x0927, 0x11EB, 0x0906, 0x08C4, 0x08C4, 0x0083, 0x0084,
    0x00A4, 0x00C5, 0x0906, 0x00E8, 0x2B72, 0x2BB3, 0x128F, 0x098A, 0x0969, 0x0907, 0x0927, 0x0906,
    0x00C4, 0x1925, 0x39E7, 0x0084, 0x08C4, 0x08A3, 0x0883, 0x0883, 0x0883, 0x0862, 0x0862, 0x0862,
    0x0062, 0x0062, 0x0062, 0x0042, 0x0042, 0x0042, 0x0042, 0x0042, 0x0042, 0x0042, 0x0042, 0x0042,
    0x0042, 0x0042, 0x0042, 0x0042, 0x0042, 0x0042, 0x0042, 0x0042, 0x0042, 0x0042, 0x0042, 0x0041,
    0x0041, 0x0042, 0x0042, 0x0042, 0x0042, 0x0042, 0x0042, 0x0042, 0x0042, 0x0042, 0x0042, 0x0042,
    0x0042, 0x0042, 0x0042, 0x0042, 0x0042, 0x0042, 0x0042, 0x0042, 0x0042, 0x0042, 0x0042, 0x0042,
    0x0042, 0x0042, 0x0042, 0x0042, 0x0042, 0x0042, 0x0042, 0x0042, 0x0042, 0x0042, 0x0042, 0x0042,
    0x0042, 0x0042, 0x0042, 0x0042, 0x0042, 0x0042, 0x0042, 0x0042, 0x0042, 0x0042, 0x0042, 0x0042,
    0x0042, 0x0042, 0x0842, 0x0042, 0x0042, 0x0042, 0x0042, 0x0042, 0x0042, 0x0042, 0x0042, 0x0042,
    0x0042, 0x0042, 0x0042, 0x0041, 0x0042, 0x0042, 0x0042, 0x0042, 0x0041, 0x0042, 0x0042, 0x0042,
    0x0042, 0x0041, 0x0042, 0x0041, 0x0041, 0x0041, 0x0042, 0x0041, 0x0041, 0x0041, 0x0041, 0x0041,
    0x0042, 0x0042, 0x0042, 0x0042, 0x0042, 0x0042, 0x0042, 0x0042, 0x0042, 0x0062, 0x0042, 0x0062,
    0x0062, 0x0062, 0x0063, 0x0883, 0x0883, 0x0883, 0x08A4, 0x00A4, 0x1905, 0x39E7, 0x00A4, 0x08C5,
    0x0927, 0x08E6, 0x0948, 0x0148, 0x126E, 0x1311, 0x4476, 0x09CC, 0x0108, 0x0907, 0x00C5, 0x0083,
    0x0083, 0x08E5, 0x0906, 0x08E6, 0x0926, 0x128D, 0x0063, 0x00C5, 0x0148, 0x0127, 0x0948, 0x08E6,
    0x0063, 0x0084, 0x0063, 0x08A4, 0x08A4, 0x0022, 0x0042, 0x0042, 0x0062, 0x0021, 0x0021, 0x0042,
    0x0021, 0x20E3, 0x10A2, 0x0042, 0x0021, 0x0001, 0x0001, 0x0042, 0x0001, 0x0001, 0x0000, 0x0000,
    0x0000, 0x0000, 0x0000, 0x0021, 0x0042, 0x0001, 0x0021, 0x0021, 0x0001, 0x2924, 0x1082, 0x0021,
    0x0042, 0x0042, 0x0021, 0x0883, 0x0042, 0x0042, 0x0062, 0x08C5, 0x0062, 0x0083, 0x0063, 0x08E5,
    0x08E6, 0x0926, 0x00A4, 0x11A9, 0x0084, 0x0907, 0x0988, 0x1106, 0x0906, 0x08A4, 0x0083, 0x00A4,
    0x00A4, 0x00C5, 0x00E6, 0x014A, 0x44B6, 0x12B0, 0x1A8E, 0x0128, 0x0948, 0x08E5, 0x0906, 0x08C5,
    0x00A4, 0x3A07, 0x1926, 0x00A4, 0x08A4, 0x08A3, 0x0883, 0x0883, 0x0863, 0x0062, 0x0062, 0x0062,
    0x0062, 0x0062, 0x0062, 0x0042, 0x0042, 0x0042, 0x0042, 0x0042, 0x0042, 0x0042, 0x0042, 0x0042,
    0x0042, 0x0042, 0x0042, 0x0042, 0x0042, 0x0042, 0x0042, 0x0042, 0x0042, 0x0042, 0x0042, 0x0041,
    0x0041, 0x0042, 0x0041, 0x0042, 0x0042, 0x0042, 0x0042, 0x0042, 0x0042, 0x0042, 0x0042, 0x0042,
    0x0042, 0x0042, 0x0042, 0x0042, 0x0042, 0x0042, 0x0042, 0x0042, 0x0042, 0x0042, 0x0042, 0x0042,
    0x0042, 0x0042, 0x0042, 0x0041, 0x0042, 0x0042, 0x0042, 0x0042, 0x0042, 0x0042, 0x0042, 0x0042,
    0x0042, 0x0042, 0x0042, 0x0042, 0x0042, 0x0042, 0x0042, 0x0042, 0x0042, 0x0042, 0x0042, 0x0042,
    0x0042, 0x0042, 0x0042, 0x0042, 0x0041, 0x0042, 0x0042, 0x0042, 0x0042, 0x0042, 0x0042, 0x0042,
    0x0042, 0x0042, 0x0042, 0x0041, 0x0041, 0x0042, 0x0042, 0x0042, 0x0042, 0x0042, 0x0042, 0x0042,
    0x0042, 0x0041, 0x0041, 0x0041, 0x0041, 0x0042, 0x0041, 0x0041, 0x0041, 0x0041, 0x0042, 0x0042,
    0x0042, 0x0042, 0x0042, 0x0042, 0x0042, 0x0042, 0x0042, 0x0042, 0x0042, 0x0042, 0x0062, 0x0062,
    0x0062, 0x0062, 0x0063, 0x0883, 0x0883, 0x0883, 0x08A4, 0x08A4, 0x00A4, 0x39E7, 0x2146, 0x00A4,
    0x0906, 0x0906, 0x08E6, 0x0968, 0x0969, 0x128E, 0x2BD4, 0x2B72, 0x0108, 0x0906, 0x00C5, 0x0083,
    0x00A4, 0x0083, 0x08E5, 0x0906, 0x08A4, 0x11A9, 0x08E6, 0x0906, 0x0988, 0x0107, 0x0127, 0x00C5,
    0x0083, 0x0083, 0x0083, 0x08A4, 0x08A4, 0x0021, 0x0021, 0x0042, 0x0083, 0x0021, 0x0022, 0x0042,
    0x0001, 0x2103, 0x18C3, 0x0001, 0x0021, 0x0001, 0x0001, 0x0062, 0x0001, 0x0001, 0x0000, 0x0000,
    0x0000, 0x0000, 0x0000, 0x0021, 0x0042, 0x0001, 0x0021, 0x0021, 0x0021, 0x18C3, 0x0841, 0x0021,
    0x0042, 0x0042, 0x0042, 0x0883, 0x0863, 0x0042, 0x0062, 0x08C4, 0x0062, 0x0083, 0x0083, 0x0084,
    0x0926, 0x00A4, 0x11A8, 0x0988, 0x0084, 0x1B51, 0x0927, 0x08C4, 0x00A4, 0x00A4, 0x0084, 0x00A4,
    0x08E5, 0x00E6, 0x00A5, 0x1A2C, 0x3392, 0x1AD0, 0x09CB, 0x0107, 0x00E6, 0x08E5, 0x08E5, 0x0084,
    0x3A29, 0x9CF2, 0x0084, 0x08C4, 0x08A4, 0x0883, 0x0883, 0x0883, 0x0063, 0x0062, 0x0062, 0x0062,
    0x0062, 0x0062, 0x0042, 0x0042, 0x0042, 0x0042, 0x0042, 0x0042, 0x0042, 0x0042, 0x0042, 0x0042,
    0x0042, 0x0042, 0x0042, 0x0042, 0x0042, 0x0042, 0x0042, 0x0042, 0x0042, 0x0042, 0x0041, 0x0041,
    0x0041, 0x0042, 0x0042, 0x0042, 0x0042, 0x0042, 0x0042, 0x0042, 0x0042, 0x0042, 0x0042, 0x0042,
    0x0042, 0x0042, 0x0042, 0x0042, 0x0042, 0x0042, 0x0042, 0x0042, 0x0042, 0x0042, 0x0042, 0x0042,
    0x0042, 0x0041, 0x0042, 0x0042, 0x0042, 0x0042, 0x0042, 0x0042, 0x0042, 0x0042, 0x0042, 0x0042,
    0x0042, 0x0042, 0x0042, 0x0042, 0x0042, 0x0042, 0x0042, 0x0042, 0x0042, 0x0042, 0x0041, 0x0041,
    0x0042, 0x0042, 0x0042, 0x0041, 0x0042, 0x0042, 0x0042, 0x0042, 0x0042, 0x0042, 0x0042, 0x0041,
    0x0042, 0x0042, 0x0042, 0x0041, 0x0042, 0x0041, 0x0041, 0x0041, 0x0041, 0x0041, 0x0042, 0x0042,
    0x0042, 0x0041, 0x0041, 0x0041, 0x0042, 0x0041, 0x0042, 0x0041, 0x0042, 0x0042, 0x0042, 0x0041,
    0x0042, 0x0041, 0x0042, 0x0042, 0x0042, 0x0042, 0x0042, 0x0042, 0x0042, 0x0042, 0x0062, 0x0042,
    0x0062, 0x0062, 0x0063, 0x0063, 0x0083, 0x0083, 0x0083, 0x08A4, 0x0063, 0x4249, 0x8CD2, 0x0084,
    0x08E6, 0x08E6, 0x00C5, 0x0948, 0x0128, 0x1A6D, 0x12F1, 0x33F4, 0x0108, 0x00C5, 0x00E6, 0x00A4,
    0x00A4, 0x0083, 0x00A4, 0x00A4, 0x08C4, 0x122C, 0x128D, 0x00A4, 0x0988, 0x0906, 0x0906, 0x00C5,
    0x0084, 0x0083, 0x0063, 0x08A4, 0x08A4, 0x0021, 0x0021, 0x0883, 0x0062, 0x0021, 0x0021, 0x0042,
    0x0021, 0x1082, 0x0862, 0x0001, 0x0021, 0x0001, 0x0001, 0x0062, 0x0001, 0x0001, 0x0000, 0x0000,
    0x0000, 0x0000, 0x0001, 0x0021, 0x0042, 0x0001, 0x0021, 0x0021, 0x0021, 0x20E3, 0x0861, 0x0021,
    0x0042, 0x0041, 0x0042, 0x0042, 0x0863, 0x0063, 0x0042, 0x08E5, 0x0063, 0x0063, 0x0063, 0x00A5,
    0x0947, 0x00C5, 0x11CA, 0x0906, 0x0084, 0x1AAD, 0x0947, 0x08C5, 0x0906, 0x0084, 0x0083, 0x00A4,
    0x00C5, 0x00C5, 0x00E6, 0x0107, 0x124C, 0x126D, 0x0107, 0x0927, 0x08C5, 0x08C5, 0x08E5, 0x0064,
    0x434F, 0x3AAC, 0x0063, 0x08A4, 0x0884, 0x0883, 0x0083, 0x0063, 0x0063, 0x0062, 0x0062, 0x0062,
    0x0062, 0x0042, 0x0042, 0x0042, 0x0042, 0x0042, 0x0042, 0x0042, 0x0042, 0x0042, 0x0042, 0x0042,
    0x0042, 0x0042, 0x0042, 0x0042, 0x0042, 0x0042, 0x0042, 0x0042, 0x0042, 0x0042, 0x0041, 0x0041,
    0x0042, 0x0042, 0x0042, 0x0042, 0x0042, 0x0042, 0x0042, 0x0042, 0x0042, 0x0042, 0x0042, 0x0042,
    0x0042, 0x0042, 0x0042, 0x0042, 0x0042, 0x0042, 0x0042, 0x0042, 0x0042, 0x0042, 0x0042, 0x0042,
    0x0042, 0x0042, 0x0042, 0x0041, 0x0042, 0x0041, 0x0042, 0x0042, 0x0042, 0x0042, 0x0042, 0x0042,
    0x0042, 0x0042, 0x0042, 0x0042, 0x0042, 0x0042, 0x0042, 0x0042, 0x0042, 0x0042, 0x0041, 0x0042,
    0x0042, 0x0042, 0x0842, 0x0042, 0x0042, 0x0042, 0x0042, 0x0842, 0x0842, 0x0042, 0x0042, 0x0041,
    0x0042, 0x0042, 0x0042, 0x0042, 0x0041, 0x0042, 0x0041, 0x0042, 0x0041, 0x0041, 0x0041, 0x0042,
    0x0042, 0x0042, 0x0041, 0x0041, 0x0041, 0x0042, 0x0042, 0x0041, 0x0041, 0x0041, 0x0041, 0x0041,
    0x0042, 0x0042, 0x0042, 0x0042, 0x0042, 0x0042, 0x0042, 0x0042, 0x0042, 0x0042, 0x0042, 0x0042,
    0x0062, 0x0062, 0x0062, 0x0063, 0x0083, 0x0083, 0x0083, 0x00A4, 0x08C4, 0x08A4, 0x4C32, 0x11C9,
    0x08C5, 0x08C5, 0x00C5, 0x0906, 0x0948, 0x09AA, 0x1AD0, 0x126D, 0x00C6, 0x00C5, 0x00E6, 0x08C5,
    0x00A4, 0x0063, 0x08C4, 0x0947, 0x08C5, 0x09CA, 0x09EB, 0x0084, 0x00E6, 0x0988, 0x00C5, 0x0927,
    0x00A5, 0x0063, 0x0042, 0x08A4, 0x08A4, 0x0021, 0x0063, 0x0042, 0x0021, 0x0042, 0x0021, 0x0042,
    0x0021, 0x18C2, 0x1082, 0x0001, 0x0021, 0x0001, 0x0021, 0x0062, 0x0001, 0x0000, 0x0000, 0x0000,
    0x0000, 0x0000, 0x0001, 0x0021, 0x0062, 0x0001, 0x0021, 0x0021, 0x0021, 0x20E3, 0x0862, 0x0041,
    0x0862, 0x0041, 0x0042, 0x0042, 0x0042, 0x0883, 0x0083, 0x08C5, 0x0063, 0x0063, 0x0042, 0x0906,
    0x00A5, 0x0927, 0x11EB, 0x00C6, 0x00A4, 0x1168, 0x0989, 0x0106, 0x00C5, 0x00A4, 0x0084, 0x00A4,
    0x00C4, 0x00C5, 0x00C6, 0x0989, 0x1A4C, 0x00E6, 0x0106, 0x0906, 0x08E5, 0x08C5, 0x08C4, 0x1147,
    0x33B1, 0x00A5, 0x08C4, 0x08A4, 0x0083, 0x0083, 0x0083, 0x0063, 0x0063, 0x0062, 0x0062, 0x0062,
    0x0062, 0x0042, 0x0042, 0x0042, 0x0042, 0x0042, 0x0042, 0x0042, 0x0042, 0x0042, 0x0042, 0x0042,
    0x0042, 0x0042, 0x0042, 0x0042, 0x0042, 0x0042, 0x0042, 0x0042, 0x0042, 0x0042, 0x0041, 0x0042,
    0x0042, 0x0041, 0x0041, 0x0042, 0x0042, 0x0041, 0x0042, 0x0042, 0x0042, 0x0042, 0x0042, 0x0042,
    0x0042, 0x0042, 0x0042, 0x0042, 0x0042, 0x0042, 0x0042, 0x0042, 0x0042, 0x0042, 0x0042, 0x0042,
    0x0042, 0x0042, 0x0041, 0x0042, 0x0041, 0x0042, 0x0042, 0x0042, 0x0042, 0x0042, 0x0042, 0x0042,
    0x0042, 0x0042, 0x0042, 0x0042, 0x0042, 0x0042, 0x0042, 0x0042, 0x0042, 0x0042, 0x0042, 0x0042,
    0x0042, 0x0042, 0x0042, 0x0041, 0x0042, 0x0042, 0x0042, 0x0042, 0x0042, 0x0042, 0x0042, 0x0042,
    0x0041, 0x0042, 0x0042, 0x0042, 0x0041, 0x0042, 0x0041, 0x0041, 0x0041, 0x0041, 0x0041, 0x0042,
    0x0042, 0x0042, 0x0042, 0x0041, 0x0041, 0x0041, 0x0042, 0x0042, 0x0041, 0x0042, 0x0042, 0x0042,
    0x0042, 0x0041, 0x0042, 0x0042, 0x0042, 0x0042, 0x0042, 0x0042, 0x0042, 0x0042, 0x0042, 0x0042,
    0x0062, 0x0062, 0x0062, 0x0063, 0x0083, 0x0083, 0x0083, 0x0084, 0x08C4, 0x0063, 0x1A2A, 0x2B91,
    0x0927, 0x00A4, 0x08C5, 0x00C5, 0x0948, 0x0107, 0x11EB, 0x1A8D, 0x00E6, 0x00E5, 0x00C5, 0x00C4,
    0x00A4, 0x00A4, 0x00A4, 0x00A4, 0x0907, 0x11EA, 0x0968, 0x00E6, 0x0107, 0x09AA, 0x00E6, 0x00E6,
    0x0905, 0x0042, 0x0062, 0x08A4, 0x08A4, 0x0083, 0x0062, 0x0042, 0x0042, 0x0041, 0x0041, 0x0842,
    0x0021, 0x18C3, 0x1082, 0x0001, 0x0021, 0x0001, 0x0021, 0x0062, 0x0001, 0x0000, 0x0000, 0x0000,
    0x0000, 0x0000, 0x0001, 0x0021, 0x0063, 0x0001, 0x0021, 0x0021, 0x0021, 0x18C2, 0x1062, 0x0862,
    0x0862, 0x0842, 0x0042, 0x0042, 0x0042, 0x0042, 0x08A4, 0x0905, 0x0063, 0x0063, 0x0083, 0x0947,
    0x00A5, 0x0989, 0x11CA, 0x0107, 0x0128, 0x01AA, 0x09AA, 0x00E6, 0x00E5, 0x00A4, 0x00A4, 0x00A4,
    0x00A4, 0x08C5, 0x00C5, 0x1A6D, 0x11CA, 0x08C5, 0x00C5, 0x00C5, 0x00C5, 0x08C5, 0x0084, 0x2ACD,
    0x228B, 0x0063, 0x08C4, 0x0084, 0x0083, 0x0083, 0x0063, 0x0063, 0x0063, 0x0062, 0x0062, 0x0062,
    0x0062, 0x0042, 0x0042, 0x0042, 0x0042, 0x0042, 0x0042, 0x0042, 0x0042, 0x0042, 0x0042, 0x0042,
    0x0042, 0x0042, 0x0042, 0x0042, 0x0042, 0x0042, 0x0042, 0x0042, 0x0042, 0x0042, 0x0041, 0x0042,
    0x0042, 0x0041, 0x0041, 0x0041, 0x0042, 0x0042, 0x0042, 0x0042, 0x0042, 0x0042, 0x0042, 0x0042,
    0x0042, 0x0042, 0x0042, 0x0042, 0x0042, 0x0042, 0x0042, 0x0042, 0x0042, 0x0042, 0x0042, 0x0042,
    0x0042, 0x0042, 0x0042, 0x0042, 0x0042, 0x0042, 0x0042, 0x0042, 0x0042, 0x0042, 0x0042, 0x0042,
    0x0042, 0x0042, 0x0042, 0x0042, 0x0042, 0x0042, 0x0042, 0x0042, 0x0042, 0x0042, 0x0042, 0x0042,
    0x0042, 0x0042, 0x0042, 0x0041, 0x0042, 0x0042, 0x0042, 0x0042, 0x0042, 0x0042, 0x0041, 0x0042,
    0x0042, 0x0042, 0x0042, 0x0042, 0x0041, 0x0042, 0x0042, 0x0042, 0x0042, 0x0042, 0x0041, 0x0041,
    0x0041, 0x0041, 0x0042, 0x0042, 0x0041, 0x0041, 0x0042, 0x0042, 0x0042, 0x0042, 0x0042, 0x0042,
    0x0042, 0x0041, 0x0042, 0x0042, 0x0042, 0x0042, 0x0042, 0x0042, 0x0042, 0x0042, 0x0042, 0x0042,
    0x0042, 0x0062, 0x0062, 0x0063, 0x0063, 0x0063, 0x0084, 0x0084, 0x00A4, 0x08A4, 0x00C5, 0x3390,
    0x0947, 0x00A4, 0x08C5, 0x00C5, 0x0907, 0x00C6, 0x0947, 0x1A6D, 0x11CA, 0x00A5, 0x00C5, 0x00A4,
    0x00A4, 0x00A4, 0x00C5, 0x00E6, 0x0107, 0x122D, 0x018A, 0x0169, 0x1189, 0x0948, 0x0148, 0x00C5,
    0x0926, 0x0063, 0x0063, 0x08A4, 0x08E5, 0x0062, 0x0042, 0x0042, 0x0042, 0x0041, 0x0841, 0x0862,
    0x0841, 0x1082, 0x0861, 0x0021, 0x0021, 0x0021, 0x0021, 0x0063, 0x0001, 0x0001, 0x0000, 0x0000,
    0x0000, 0x0000, 0x0001, 0x0022, 0x0063, 0x0001, 0x0021, 0x0041, 0x0021, 0x41C5, 0x20E3, 0x1062,
    0x10A2, 0x0862, 0x0842, 0x0042, 0x0062, 0x0062, 0x0063, 0x1146, 0x0083, 0x0063, 0x0906, 0x0947,
    0x00A5, 0x0969, 0x0106, 0x00E6, 0x12AF, 0x66DC, 0x2C13, 0x00E7, 0x00E6, 0x00C5, 0x00C5, 0x00C5,
    0x00C5, 0x00A4, 0x0926, 0x1A8D, 0x0085, 0x00E6, 0x08E6, 0x00A4, 0x08C5, 0x00C5, 0x0084, 0x336F,
    0x08E5, 0x0084, 0x00A4, 0x0083, 0x0084, 0x00A4, 0x08E6, 0x0084, 0x0063, 0x0062, 0x0062, 0x0042,
    0x0042, 0x0042, 0x0042, 0x0042, 0x0042, 0x0042, 0x0042, 0x0042, 0x0042, 0x0042, 0x0042, 0x0042,
    0x0042, 0x0042, 0x0042, 0x0042, 0x0042, 0x0042, 0x0042, 0x0042, 0x0042, 0x0042, 0x0042, 0x0041,
    0x0042, 0x0041, 0x0041, 0x0041, 0x0041, 0x0042, 0x0042, 0x0042, 0x0042, 0x0042, 0x0042, 0x0042,
    0x0042, 0x0042, 0x0042, 0x0042, 0x0042, 0x0042, 0x0042, 0x0042, 0x0042, 0x0042, 0x0042, 0x0042,
    0x0042, 0x0042, 0x0042, 0x0042, 0x0042, 0x0042, 0x0042, 0x0041, 0x0042, 0x0042, 0x0042, 0x0042,
    0x0042, 0x0042, 0x0042, 0x0042, 0x0042, 0x0042, 0x0042, 0x0042, 0x0042, 0x0042, 0x0042, 0x0042,
    0x0042, 0x0042, 0x0042, 0x0042, 0x0042, 0x0042, 0x0042, 0x0042, 0x0042, 0x0042, 0x0042, 0x0042,
    0x0042, 0x0042, 0x0042, 0x0042, 0x0042, 0x0042, 0x0041, 0x0042, 0x0042, 0x0041, 0x0042, 0x0041,
    0x0041, 0x0041, 0x0041, 0x0041, 0x0041, 0x0041, 0x0042, 0x0042, 0x0042, 0x0042, 0x0042, 0x0042,
    0x0042, 0x0042, 0x0042, 0x0042, 0x0042, 0x0042, 0x0042, 0x0042, 0x0042, 0x0042, 0x0042, 0x0042,
    0x0042, 0x0062, 0x0063, 0x0063, 0x08C5, 0x08E6, 0x0084, 0x00A4, 0x0084, 0x08C4, 0x0063, 0x226B,
    0x19EA, 0x0064, 0x08E5, 0x08C5, 0x00E5, 0x00E6, 0x0084, 0x0969, 0x1AAE, 0x00A5, 0x08E5, 0x00A4,
    0x00A4, 0x00A4, 0x00C5, 0x00E6, 0x018A, 0x45D9, 0x463B, 0x01AC, 0x00E7, 0x00E6, 0x09A9, 0x00E6,
    0x0927, 0x00A4, 0x0063, 0x08C5, 0x08E5, 0x0042, 0x0062, 0x0042, 0x0842, 0x0862, 0x0862, 0x1082,
    0x0841, 0x3164, 0x20E3, 0x0021, 0x0021, 0x0021, 0x0021, 0x0063, 0x0001, 0x0001, 0x0000, 0x0000,
    0x0000, 0x0000, 0x0001, 0x0021, 0x0883, 0x0021, 0x0021, 0x0841, 0x0021, 0x5A67, 0x3164, 0x1061,
    0x1882, 0x10A2, 0x0862, 0x0862, 0x0062, 0x0062, 0x0063, 0x0905, 0x1147, 0x1147, 0x0947, 0x0927,
    0x0106, 0x0968, 0x0906, 0x00C6, 0x2454, 0x8FFF, 0x2D18, 0x0129, 0x0907, 0x00E5, 0x0906, 0x0948,
    0x1189, 0x00A4, 0x11E9, 0x11C9, 0x00A5, 0x0927, 0x08E6, 0x00C5, 0x00A4, 0x08E6, 0x228C, 0x2AEE,
    0x0043, 0x00A4, 0x0083, 0x0083, 0x0063, 0x08E6, 0x3392, 0x0084, 0x0063, 0x0062, 0x0062, 0x0042,
    0x0042, 0x0042, 0x0042, 0x0042, 0x0042, 0x0042, 0x0042, 0x0042, 0x0042, 0x0042, 0x0042, 0x0042,
    0x0042, 0x0042, 0x0042, 0x0042, 0x0042, 0x0042, 0x0042, 0x0042, 0x0042, 0x0042, 0x0042, 0x0042,
    0x0042, 0x0042, 0x0042, 0x0041, 0x0042, 0x0042, 0x0042, 0x0041, 0x0042, 0x0041, 0x0041, 0x0042,
    0x0042, 0x0042, 0x0042, 0x0042, 0x0042, 0x0042, 0x0042, 0x0042, 0x0042, 0x0042, 0x0042, 0x0042,
    0x0042, 0x0042, 0x0042, 0x0042, 0x0042, 0x0042, 0x0042, 0x0042, 0x0042, 0x0042, 0x0042, 0x0042,
    0x0042, 0x0042, 0x0042, 0x0042, 0x0042, 0x0042, 0x0042, 0x0042, 0x0042, 0x0042, 0x0042, 0x0042,
    0x0042, 0x0042, 0x0041, 0x0041, 0x0042, 0x0042, 0x0042, 0x0042, 0x0042, 0x0042, 0x0042, 0x0042,
    0x0041, 0x0042, 0x0042, 0x0042, 0x0042, 0x0042, 0x0041, 0x0042, 0x0042, 0x0042, 0x0041, 0x0041,
    0x0042, 0x0041, 0x0041, 0x0042, 0x0041, 0x0041, 0x0042, 0x0042, 0x0042, 0x0042, 0x0042, 0x0041,
    0x0042, 0x0042, 0x0042, 0x0042, 0x0042, 0x0042, 0x0042, 0x0042, 0x0042, 0x0042, 0x0042, 0x0042,
    0x0042, 0x0062, 0x0063, 0x0022, 0x1A0B, 0x2B10, 0x0043, 0x00A4, 0x0084, 0x00A4, 0x0084, 0x0906,
    0x2350, 0x0989, 0x00C5, 0x00C5, 0x00C4, 0x0907, 0x00E6, 0x00E6, 0x1A6C, 0x00E6, 0x0968, 0x0989,
    0x09AA, 0x00C5, 0x00E6, 0x0927, 0x01AB, 0x56FD, 0x77FF, 0x0A6E, 0x00E7, 0x00E6, 0x0927, 0x0927,
    0x0927, 0x0906, 0x19C9, 0x08E5, 0x08C5, 0x0042, 0x0062, 0x0862, 0x0862, 0x1082, 0x1082, 0x1881,
    0x1041, 0x5247, 0x39A5, 0x0000, 0x0041, 0x0001, 0x0063, 0x0063, 0x0001, 0x0001, 0x0000, 0x0000,
    0x0000, 0x0000, 0x0001, 0x0001, 0x0022, 0x08A4, 0x0021, 0x0021, 0x0862, 0x0821, 0x1881, 0x49E5,
    0x6267, 0x20C2, 0x10A2, 0x0862, 0x0862, 0x0062, 0x0083, 0x0906, 0x1147, 0x224A, 0x0927, 0x08E6,
    0x00C5, 0x00E5, 0x00E5, 0x00E6, 0x09EB, 0x2C74, 0x0A6E, 0x0128, 0x00E6, 0x00C5, 0x00C5, 0x00E6,
    0x1189, 0x00E6, 0x128C, 0x00E6, 0x00C5, 0x0906, 0x08C5, 0x00C5, 0x00A4, 0x0084, 0x2B4F, 0x1188,
    0x0084, 0x00A4, 0x0083, 0x0083, 0x0084, 0x0084, 0x00A5, 0x0084, 0x0063, 0x0062, 0x0062, 0x0042,
    0x0042, 0x0042, 0x0042, 0x0042, 0x0042, 0x0042, 0x0042, 0x0042, 0x0042, 0x0042, 0x0042, 0x0042,
    0x0042, 0x0042, 0x0042, 0x0042, 0x0042, 0x0042, 0x0042, 0x0042, 0x0042, 0x0042, 0x0042, 0x0041,
    0x0041, 0x0042, 0x0041, 0x0041, 0x0042, 0x0041, 0x0042, 0x0041, 0x0042, 0x0042, 0x0042, 0x0042,
    0x0042, 0x0042, 0x0042, 0x0042, 0x0042, 0x0042, 0x0042, 0x0042, 0x0042, 0x0042, 0x0042, 0x0042,
    0x0042, 0x0042, 0x0042, 0x0042, 0x0042, 0x0042, 0x0042, 0x0042, 0x0042, 0x0042, 0x0042, 0x0042,
    0x0042, 0x0042, 0x0042, 0x0042, 0x0042, 0x0042, 0x0042, 0x0042, 0x0042, 0x0042, 0x0042, 0x0042,
    0x0042, 0x0042, 0x0042, 0x0041, 0x0042, 0x0042, 0x0042, 0x0042, 0x0042, 0x0042, 0x0842, 0x0042,
    0x0042, 0x0042, 0x0042, 0x0042, 0x0042, 0x0042, 0x0042, 0x0041, 0x0042, 0x0042, 0x0042, 0x0042,
    0x0042, 0x0042, 0x0042, 0x0042, 0x0042, 0x0042, 0x0042, 0x0042, 0x0042, 0x0042, 0x0042, 0x0042,
    0x0042, 0x0042, 0x0042, 0x0042, 0x0042, 0x0042, 0x0042, 0x0042, 0x0042, 0x0042, 0x0042, 0x0042,
    0x0042, 0x0042, 0x0062, 0x0063, 0x0063, 0x00A5, 0x00A4, 0x0083, 0x0083, 0x00A4, 0x00A4, 0x0043,
    0x232E, 0x11EA, 0x0063, 0x08C4, 0x00C4, 0x0927, 0x0927, 0x00A4, 0x11E9, 0x09A9, 0x08E6, 0x0969,
    0x0989, 0x00E5, 0x00A4, 0x08E5, 0x0128, 0x1B51, 0x23F3, 0x018A, 0x00E6, 0x00C5, 0x00C5, 0x00C5,
    0x0927, 0x0968, 0x19EA, 0x00C5, 0x0906, 0x0042, 0x0062, 0x0862, 0x0862, 0x1082, 0x3123, 0x6AA8,
    0x3123, 0x1061, 0x0841, 0x0842, 0x0001, 0x0062, 0x0884, 0x0001, 0x0001, 0x0001, 0x0000, 0x0000,
    0x0000, 0x0001, 0x0001, 0x0021, 0x0001, 0x0042, 0x08A4, 0x0041, 0x0841, 0x1082, 0x1040, 0x8BCC,
    0xC5B2, 0x2081, 0x10A2, 0x0862, 0x0862, 0x0083, 0x0083, 0x0927, 0x0906, 0x1A0A, 0x11A8, 0x00A5,
    0x00C4, 0x00C5, 0x00C5, 0x00E6, 0x0989, 0x0969, 0x00C6, 0x0106, 0x00C5, 0x00C5, 0x00A4, 0x0906,
    0x0906, 0x0989, 0x1AAD, 0x00A5, 0x00E6, 0x00E5, 0x00C5, 0x00C5, 0x00A5, 0x08E5, 0x230D, 0x0063,
    0x00A4, 0x0084, 0x0083, 0x0084, 0x0042, 0x0084, 0x0083, 0x0063, 0x0062, 0x0062, 0x0062, 0x0042,
    0x0042, 0x0042, 0x0042, 0x0042, 0x0042, 0x0042, 0x0042, 0x0042, 0x0042, 0x0042, 0x0042, 0x0042,
    0x0042, 0x0042, 0x0042, 0x0042, 0x0042, 0x0042, 0x0042, 0x0042, 0x0042, 0x0042, 0x0042, 0x0042,
    0x0041, 0x0041, 0x0041, 0x0041, 0x0041, 0x0041, 0x0041, 0x0041, 0x0042, 0x0042, 0x0042, 0x0042,
    0x0042, 0x0042, 0x0042, 0x0042, 0x0042, 0x0042, 0x0042, 0x0042, 0x0042, 0x0042, 0x0042, 0x0042,
    0x0042, 0x0042, 0x0042, 0x0042, 0x0042, 0x0042, 0x0042, 0x0042, 0x0042, 0x0042, 0x0042, 0x0042,
    0x0042, 0x0042, 0x0042, 0x0042, 0x0042, 0x0042, 0x0042, 0x0042, 0x0042, 0x0042, 0x0042, 0x0042,
    0x0042, 0x0042, 0x0042, 0x0042, 0x0042, 0x0042, 0x0042, 0x0041, 0x0042, 0x0042, 0x0042, 0x0042,
    0x0042, 0x0041, 0x0042, 0x0041, 0x0042, 0x0041, 0x0041, 0x0042, 0x0041, 0x0041, 0x0042, 0x0042,
    0x0042, 0x0042, 0x0042, 0x0042, 0x0042, 0x0042, 0x0042, 0x0042, 0x0042, 0x0042, 0x0042, 0x0042,
    0x0042, 0x0042, 0x0042, 0x0042, 0x0042, 0x0042, 0x0042, 0x0042, 0x0042, 0x0042, 0x0042, 0x0042,
    0x0042, 0x0042, 0x0062, 0x0063, 0x0062, 0x0084, 0x0063, 0x0063, 0x0084, 0x0084, 0x00A4, 0x0063,
    0x11C9, 0x22AD, 0x0043, 0x00C5, 0x00C5, 0x08E6, 0x0927, 0x00A5, 0x0947, 0x128C, 0x00C6, 0x0927,
    0x00C6, 0x00E6, 0x00C5, 0x00E5, 0x0907, 0x00C6, 0x09CA, 0x0107, 0x00E6, 0x00C5, 0x00C5, 0x00A5,
    0x0927, 0x11EA, 0x0989, 0x08E6, 0x0906, 0x0063, 0x0063, 0x0862, 0x0862, 0x1082, 0x49E5, 0xDE54,
    0x4184, 0x1081, 0x0862, 0x0021, 0x0063, 0x08A4, 0x0001, 0x0001, 0x0001, 0x0001, 0x0000, 0x0000,
    0x0000, 0x0001, 0x0001, 0x0001, 0x0021, 0x0021, 0x0042, 0x08C5, 0x0042, 0x0862, 0x18A2, 0x28E2,
    0x2903, 0x18C2, 0x1082, 0x0862, 0x0883, 0x0083, 0x00A4, 0x0947, 0x00C5, 0x09A9, 0x120B, 0x00C5,
    0x00C5, 0x00C5, 0x00C5, 0x00A5, 0x120B, 0x0927, 0x00A4, 0x00C5, 0x00C5, 0x00C5, 0x08E5, 0x08C5,
    0x00A5, 0x120A, 0x11EA, 0x00A5, 0x08E6, 0x00C5, 0x00C5, 0x00C5, 0x00A5, 0x1A6C, 0x1A4A, 0x0022,
    0x00A4, 0x0083, 0x0083, 0x0084, 0x11A9, 0x00A4, 0x0063, 0x0063, 0x0062, 0x0062, 0x0042, 0x0042,
    0x0042, 0x0042, 0x0042, 0x0042, 0x0042, 0x0042, 0x0042, 0x0042, 0x0042, 0x0042, 0x0042, 0x0042,
    0x0042, 0x0042, 0x0042, 0x0042, 0x0042, 0x0042, 0x0042, 0x0042, 0x0042, 0x0042, 0x0042, 0x0042,
    0x0042, 0x0041, 0x0041, 0x0041, 0x0041, 0x0041, 0x0042, 0x0041, 0x0042, 0x0042, 0x0042, 0x0042,
    0x0042, 0x0042, 0x0042, 0x0042, 0x0042, 0x0042, 0x0042, 0x0042, 0x0042, 0x0042, 0x0042, 0x0042,
    0x0042, 0x0042, 0x0042, 0x0042, 0x0042, 0x0042, 0x0042, 0x0042, 0x0042, 0x0042, 0x0042, 0x0042,
    0x0042, 0x0042, 0x0042, 0x0042, 0x0042, 0x0042, 0x0042, 0x0042, 0x0042, 0x0042, 0x0042, 0x0042,
    0x0042, 0x0042, 0x0042, 0x0042, 0x0042, 0x0042, 0x0042, 0x0042, 0x0042, 0x0041, 0x0042, 0x0041,
    0x0042, 0x0042, 0x0042, 0x0042, 0x0042, 0x0042, 0x0041, 0x0041, 0x0041, 0x0042, 0x0042, 0x0042,
    0x0042, 0x0042, 0x0042, 0x0042, 0x0042, 0x0042, 0x0042, 0x0042, 0x0042, 0x0042, 0x0042, 0x0042,
    0x0042, 0x0042, 0x0042, 0x0042, 0x0042, 0x0042, 0x0042, 0x0042, 0x0042, 0x0042, 0x0042, 0x0042,
    0x0042, 0x0042, 0x0062, 0x0062, 0x0062, 0x0043, 0x0927, 0x0906, 0x0063, 0x0083, 0x0084, 0x00A4,
    0x0084, 0x2B4F, 0x0906, 0x08C5, 0x00C5, 0x00A5, 0x00E6, 0x00C5, 0x00C6, 0x12CE, 0x0948, 0x08E6,
    0x00A4, 0x00C5, 0x00C5, 0x00C5, 0x00C5, 0x00C5, 0x09A8, 0x0926, 0x00A4, 0x00C5, 0x00C5, 0x00E5,
    0x0107, 0x128D, 0x0968, 0x08E6, 0x0926, 0x0083, 0x0083, 0x0062, 0x0862, 0x1082, 0x20C2, 0x28E2,
    0x18A2, 0x1082, 0x0841, 0x0863, 0x08C4, 0x0021, 0x0021, 0x0021, 0x0001, 0x0001, 0x0000, 0x0000,
    0x0000, 0x0001, 0x0001, 0x0021, 0x0021, 0x0022, 0x0021, 0x0062, 0x1105, 0x0862, 0x0862, 0x1082,
    0x1082, 0x1082, 0x0882, 0x0883, 0x0083, 0x08A4, 0x00C5, 0x1188, 0x0107, 0x1AAE, 0x124D, 0x0927,
    0x0906, 0x08E6, 0x00E5, 0x00C5, 0x124C, 0x0927, 0x00E5, 0x00C5, 0x00C5, 0x00E5, 0x00E6, 0x11A9,
    0x1188, 0x124B, 0x0927, 0x00E6, 0x0906, 0x08C5, 0x00C5, 0x00C5, 0x00C6, 0x2B70, 0x0927, 0x0084,
    0x00A4, 0x0084, 0x00A4, 0x0083, 0x1A0B, 0x00A4, 0x0063, 0x0063, 0x0062, 0x0062, 0x0062, 0x0062,
    0x0042, 0x0062, 0x0042, 0x0062, 0x0042, 0x0042, 0x0062, 0x0042, 0x0042, 0x0042, 0x0042, 0x0042,
    0x0042, 0x0042, 0x0042, 0x0042, 0x0042, 0x0042, 0x0042, 0x0042, 0x0042, 0x0042, 0x0041, 0x0042,
    0x0042, 0x0042, 0x0041, 0x0041, 0x0041, 0x0041, 0x0042, 0x0042, 0x0042, 0x0042, 0x0042, 0x0042,
    0x0042, 0x0042, 0x0042, 0x0042, 0x0041, 0x0041, 0x0042, 0x0042, 0x0042, 0x0042, 0x0042, 0x0042,
    0x0042, 0x0042, 0x0042, 0x0042, 0x0042, 0x0042, 0x0042, 0x0042, 0x0042, 0x0042, 0x0042, 0x0042,
    0x0042, 0x0042, 0x0042, 0x0042, 0x0042, 0x0042, 0x0042, 0x0042, 0x0042, 0x0042, 0x0042, 0x0042,
    0x0042, 0x0042, 0x0042, 0x0042, 0x0042, 0x0042, 0x0042, 0x0042, 0x0041, 0x0041, 0x0042, 0x0041,
    0x0042, 0x0042, 0x0042, 0x0042, 0x0041, 0x0041, 0x0041, 0x0041, 0x0042, 0x0042, 0x0042, 0x0042,
    0x0042, 0x0042, 0x0042, 0x0042, 0x0042, 0x0042, 0x0042, 0x0042, 0x0042, 0x0042, 0x0042, 0x0042,
    0x0042, 0x0042, 0x0042, 0x0042, 0x0042, 0x0042, 0x0042, 0x0042, 0x0042, 0x0042, 0x0042, 0x0042,
    0x0062, 0x0042, 0x0062, 0x0063, 0x0062, 0x0042, 0x11CA, 0x1189, 0x0063, 0x00A4, 0x00A4, 0x00A4,
    0x0043, 0x1A6C, 0x1A6D, 0x08E6, 0x00C5, 0x08C5, 0x00E5, 0x00E6, 0x00A5, 0x122B, 0x11EA, 0x1127,
    0x00E5, 0x00C5, 0x00C5, 0x00E5, 0x00E6, 0x00E6, 0x09A9, 0x0989, 0x00A4, 0x00E6, 0x0906, 0x0907,
    0x0128, 0x1AF0, 0x124C, 0x0907, 0x0947, 0x00A4, 0x0083, 0x0063, 0x0862, 0x0862, 0x1082, 0x1082,
    0x1082, 0x0841, 0x08A3, 0x08E5, 0x0021, 0x0021, 0x0021, 0x0021, 0x0001, 0x0001, 0x0000, 0x0000,
    0x0000, 0x0001, 0x0001, 0x0021, 0x0021, 0x0021, 0x0022, 0x0021, 0x0063, 0x1106, 0x0862, 0x0862,
    0x0862, 0x0862, 0x0863, 0x0883, 0x00A4, 0x08C4, 0x08E6, 0x11CA, 0x096A, 0x2C14, 0x0A6E, 0x0149,
    0x0927, 0x0906, 0x00C5, 0x00E5, 0x120B, 0x00E6, 0x00E6, 0x00C5, 0x00A5, 0x08E5, 0x00E6, 0x11A9,
    0x1A0B, 0x126C, 0x00A4, 0x00E6, 0x00E6, 0x08C5, 0x00A4, 0x00A5, 0x0968, 0x230E, 0x0084, 0x00A4,
    0x00A4, 0x0084, 0x0084, 0x00A4, 0x0063, 0x0083, 0x0063, 0x0062, 0x0062, 0x0062, 0x0062, 0x0062,
    0x0042, 0x0042, 0x0042, 0x0042, 0x0042, 0x0042, 0x0042, 0x0042, 0x0042, 0x0042, 0x0042, 0x0042,
    0x0042, 0x0042, 0x0042, 0x0042, 0x0042, 0x0042, 0x0042, 0x0042, 0x0042, 0x0042, 0x0042, 0x0042,
    0x0042, 0x0041, 0x0041, 0x0041, 0x0041, 0x0041, 0x0042, 0x0042, 0x0042, 0x0042, 0x0042, 0x0042,
    0x0041, 0x0041, 0x0042, 0x0041, 0x0041, 0x0041, 0x0042, 0x0042, 0x0042, 0x0042, 0x0042, 0x0042,
    0x0042, 0x0042, 0x0042, 0x0042, 0x0042, 0x0042, 0x0042, 0x0042, 0x0042, 0x0042, 0x0042, 0x0042,
    0x0042, 0x0042, 0x0042, 0x0042, 0x0042, 0x0042, 0x0042, 0x0042, 0x0042, 0x0042, 0x0042, 0x0042,
    0x0042, 0x0042, 0x0042, 0x0042, 0x0042, 0x0042, 0x0042, 0x0042, 0x0042, 0x0042, 0x0042, 0x0042,
    0x0042, 0x0042, 0x0042, 0x0042, 0x0041, 0x0041, 0x0041, 0x0041, 0x0041, 0x0042, 0x0042, 0x0042,
    0x0042, 0x0041, 0x0042, 0x0042, 0x0042, 0x0042, 0x0042, 0x0042, 0x0042, 0x0042, 0x0042, 0x0042,
    0x0042, 0x0042, 0x0042, 0x0042, 0x0042, 0x0042, 0x0042, 0x0042, 0x0042, 0x0042, 0x0042, 0x0042,
    0x0042, 0x0042, 0x0062, 0x0062, 0x0042, 0x0063, 0x0084, 0x0084, 0x00A4, 0x00A4, 0x00A4, 0x00A4,
    0x0084, 0x0988, 0x1AEE, 0x0084, 0x00E5, 0x00C5, 0x08E6, 0x0907, 0x00A5, 0x0947, 0x120A, 0x0907,
    0x0947, 0x00E5, 0x00C5, 0x00C5, 0x00C5, 0x00E6, 0x0948, 0x11EA, 0x00A4, 0x00E6, 0x0927, 0x0948,
    0x0128, 0x1B31, 0x1B11, 0x016A, 0x0969, 0x00A4, 0x00A4, 0x0083, 0x0062, 0x0862, 0x0862, 0x0862,
    0x0842, 0x08A4, 0x1106, 0x0021, 0x0021, 0x0021, 0x0021, 0x0021, 0x0001, 0x0001, 0x0000, 0x0000,
    0x0000, 0x0001, 0x0001, 0x0021, 0x0021, 0x0021, 0x0022, 0x0042, 0x0021, 0x08A4, 0x08E5, 0x0041,
    0x0862, 0x0862, 0x0063, 0x0083, 0x00A4, 0x08E5, 0x0927, 0x128E, 0x0A70, 0x3518, 0x0AD1, 0x018B,
    0x0948, 0x0927, 0x00C5, 0x0926, 0x11C9, 0x00A5, 0x00E5, 0x00C5, 0x00A4, 0x00C5, 0x0906, 0x0948,
    0x120B, 0x124C, 0x0084, 0x00E6, 0x00E6, 0x00C5, 0x00E5, 0x0064, 0x1A4B, 0x1A0A, 0x0043, 0x00A4,
    0x00A4, 0x00A4, 0x0084, 0x0083, 0x0084, 0x0083, 0x0063, 0x0062, 0x0062, 0x0062, 0x0062, 0x0042,
    0x0042, 0x0042, 0x0042, 0x0042, 0x0042, 0x0042, 0x0042, 0x0042, 0x0042, 0x0042, 0x0042, 0x0042,
    0x0042, 0x0042, 0x0042, 0x0042, 0x0042, 0x0042, 0x0042, 0x0042, 0x0042, 0x0042, 0x0042, 0x0042,
    0x0042, 0x0042, 0x0041, 0x0041, 0x0041, 0x0041, 0x0041, 0x0042, 0x0042, 0x0042, 0x0042, 0x0042,
    0x0041, 0x0042, 0x0042, 0x0041, 0x0042, 0x0042, 0x0042, 0x0041, 0x0042, 0x0042, 0x0042, 0x0042,
    0x0042, 0x0042, 0x0042, 0x0042, 0x0042, 0x0042, 0x0042, 0x0042, 0x0042, 0x0042, 0x0042, 0x0042,
    0x0042, 0x0042, 0x0042, 0x0042, 0x0042, 0x0042, 0x0042, 0x0042, 0x0042, 0x0042, 0x0042, 0x0042,
    0x0042, 0x0042, 0x0042, 0x0042, 0x0042, 0x0042, 0x0042, 0x0042, 0x0042, 0x0042, 0x0042, 0x0042,
    0x0042, 0x0041, 0x0042, 0x0042, 0x0041, 0x0042, 0x0041, 0x0041, 0x0041, 0x0042, 0x0042, 0x0042,
    0x0042, 0x0042, 0x0042, 0x0042, 0x0042, 0x0042, 0x0042, 0x0042, 0x0042, 0x0042, 0x0042, 0x0042,
    0x0042, 0x0042, 0x0042, 0x0042, 0x0042, 0x0042, 0x0042, 0x0042, 0x0042, 0x0042, 0x0042, 0x0042,
    0x0042, 0x0042, 0x0042, 0x0062, 0x0042, 0x0063, 0x00A4, 0x00C5, 0x00A5, 0x0083, 0x0084, 0x00A4,
    0x00A5, 0x00C5, 0x234F, 0x0947, 0x00A4, 0x00C5, 0x00E6, 0x0948, 0x00E6, 0x00C5, 0x124B, 0x08E6,
    0x1189, 0x00E6, 0x00C5, 0x00A4, 0x00C5, 0x00C5, 0x00E6, 0x120A, 0x00C5, 0x00E6, 0x0948, 0x098A,
    0x01AB, 0x1BB3, 0x1C16, 0x0A2E, 0x11EB, 0x00E6, 0x00C4, 0x0083, 0x0063, 0x0062, 0x0042, 0x0842,
    0x0041, 0x0906, 0x0042, 0x0042, 0x0021, 0x0021, 0x0021, 0x0021, 0x0001, 0x0001, 0x0000, 0x0000,
    0x0000, 0x0001, 0x0001, 0x0021, 0x0021, 0x0022, 0x0021, 0x0042, 0x0063, 0x0083, 0x08C4, 0x0022,
    0x0062, 0x0062, 0x0083, 0x0083, 0x00C4, 0x0906, 0x0969, 0x1AF0, 0x1437, 0x469D, 0x1457, 0x0A4F,
    0x09AB, 0x0948, 0x00E6, 0x11C9, 0x11A9, 0x00C5, 0x0107, 0x0107, 0x0927, 0x0906, 0x1188, 0x0948,
    0x124C, 0x0989, 0x00A5, 0x00E6, 0x00C5, 0x00C5, 0x0906, 0x00C6, 0x2B4F, 0x0947, 0x0084, 0x00A4,
    0x00A4, 0x00A4, 0x08C5, 0x08C5, 0x0062, 0x0083, 0x0063, 0x0062, 0x0062, 0x0062, 0x0042, 0x0062,
    0x0062, 0x0042, 0x0042, 0x0042, 0x0042, 0x0042, 0x0042, 0x0042, 0x0042, 0x0042, 0x0042, 0x0042,
    0x0042, 0x0042, 0x0042, 0x0042, 0x0042, 0x0042, 0x0042, 0x0042, 0x0042, 0x0042, 0x0042, 0x0042,
    0x0042, 0x0042, 0x0041, 0x0041, 0x0041, 0x0042, 0x0042, 0x0042, 0x0042, 0x0042, 0x0042, 0x0042,
    0x0042, 0x0042, 0x0042, 0x0042, 0x0041, 0x0042, 0x0042, 0x0042, 0x0042, 0x0042, 0x0042, 0x0042,
    0x0042, 0x0042, 0x0042, 0x0042, 0x0042, 0x0042, 0x0042, 0x0042, 0x0042, 0x0042, 0x0042, 0x0042,
    0x0042, 0x0042, 0x0042, 0x0042, 0x0042, 0x0042, 0x0042, 0x0042, 0x0042, 0x0042, 0x0042, 0x0042,
    0x0042, 0x0042, 0x0042, 0x0042, 0x0042, 0x0042, 0x0042, 0x0042, 0x0042, 0x0042, 0x0042, 0x0042,
    0x0042, 0x0042, 0x0042, 0x0042, 0x0042, 0x0042, 0x0042, 0x0041, 0x0042, 0x0042, 0x0042, 0x0042,
    0x0042, 0x0042, 0x0042, 0x0042, 0x0042, 0x0042, 0x0042, 0x0042, 0x0042, 0x0042, 0x0042, 0x0042,
    0x0042, 0x0042, 0x0042, 0x0042, 0x0042, 0x0042, 0x0042, 0x0042, 0x0042, 0x0042, 0x0042, 0x0042,
    0x0042, 0x0042, 0x0062, 0x0062, 0x0042, 0x0083, 0x0084, 0x0063, 0x00A4, 0x0084, 0x00A4, 0x00A4,
    0x00C5, 0x0064, 0x1ACD, 0x122B, 0x00A5, 0x00C5, 0x00C5, 0x0927, 0x0907, 0x0084, 0x120A, 0x0947,
    0x1168, 0x0989, 0x0927, 0x0906, 0x0106, 0x0907, 0x0107, 0x124C, 0x0927, 0x0107, 0x0969, 0x09EC,
    0x0AD1, 0x24F9, 0x2DBB, 0x0B54, 0x124E, 0x0107, 0x00C5, 0x00A4, 0x0083, 0x0062, 0x0042, 0x0042,
    0x0042, 0x08C5, 0x0042, 0x0083, 0x0022, 0x0021, 0x0021, 0x0021, 0x0001, 0x0001, 0x0001, 0x0000,
    0x0001, 0x0001, 0x0001, 0x0021, 0x0022, 0x0022, 0x0021, 0x0042, 0x0042, 0x0883, 0x08C5, 0x0022,
    0x0062, 0x0063, 0x0083, 0x00A4, 0x00C5, 0x0927, 0x09AA, 0x1353, 0x463D, 0xD7FF, 0x363D, 0x0334,
    0x09EC, 0x09AA, 0x098A, 0x1AAE, 0x09EA, 0x0107, 0x0927, 0x0928, 0x0928, 0x0989, 0x11CB, 0x0968,
    0x1A8D, 0x0107, 0x00E6, 0x00E6, 0x00C5, 0x00E5, 0x00E6, 0x0968, 0x2B4F, 0x00C6, 0x00E6, 0x00C5,
    0x00C5, 0x08C5, 0x00A4, 0x08E5, 0x08C5, 0x0042, 0x0062, 0x0063, 0x0062, 0x0062, 0x0062, 0x0062,
    0x0062, 0x0042, 0x0042, 0x0042, 0x0042, 0x0042, 0x0042, 0x0042, 0x0062, 0x0042, 0x0042, 0x0042,
    0x0042, 0x0042, 0x0042, 0x0042, 0x0042, 0x0042, 0x0042, 0x0042, 0x0042, 0x0042, 0x0042, 0x0042,
    0x0041, 0x0042, 0x0042, 0x0042, 0x0042, 0x0042, 0x0042, 0x0042, 0x0042, 0x0042, 0x0042, 0x0042,
    0x0042, 0x0042, 0x0042, 0x0042, 0x0042, 0x0042, 0x0042, 0x0042, 0x0042, 0x0042, 0x0042, 0x0041,
    0x0042, 0x0042, 0x0042, 0x0042, 0x0042, 0x0042, 0x0042, 0x0042, 0x0042, 0x0042, 0x0042, 0x0042,
    0x0042, 0x0042, 0x0042, 0x0042, 0x0042, 0x0042, 0x0042, 0x0042, 0x0042, 0x0042, 0x0042, 0x0042,
    0x0042, 0x0042, 0x0042, 0x0042, 0x0042, 0x0042, 0x0042, 0x0042, 0x0042, 0x0042, 0x0042, 0x0042,
    0x0042, 0x0041, 0x0042, 0x0042, 0x0042, 0x0042, 0x0042, 0x0042, 0x0042, 0x0042, 0x0042, 0x0042,
    0x0042, 0x0042, 0x0042, 0x0042, 0x0042, 0x0042, 0x0042, 0x0042, 0x0042, 0x0042, 0x0042, 0x0042,
    0x0042, 0x0042, 0x0042, 0x0042, 0x0042, 0x0042, 0x0042, 0x0042, 0x0042, 0x0042, 0x0042, 0x0042,
    0x0042, 0x0042, 0x0042, 0x0062, 0x0062, 0x0042, 0x0084, 0x0926, 0x00A4, 0x0084, 0x00A5, 0x00A5,
    0x00C5, 0x0084, 0x11EA, 0x22CE, 0x00A5, 0x00C5, 0x00C5, 0x0907, 0x0928, 0x00A5, 0x11CA, 0x124B,
    0x0948, 0x11AA, 0x0128, 0x0927, 0x0127, 0x0127, 0x0107, 0x1A8D, 0x122C, 0x0969, 0x09AB, 0x0A2E,
    0x03D6, 0x76FE, 0xB7DF, 0x0CD9, 0x126F, 0x0948, 0x08E6, 0x00A4, 0x0083, 0x0063, 0x0062, 0x0042,
    0x0042, 0x08C5, 0x0042, 0x0083, 0x0022, 0x0021, 0x0021, 0x0021, 0x0001, 0x0001, 0x0001, 0x0000,
    0x0001, 0x0001, 0x0001, 0x0022, 0x0022, 0x0022, 0x0022, 0x0042, 0x0043, 0x0883, 0x08E5, 0x0022,
    0x0062, 0x0063, 0x0083, 0x00A4, 0x00C5, 0x0927, 0x098A, 0x0AB0, 0x251A, 0x66BE, 0x14D9, 0x0A90,
    0x09CB, 0x098A, 0x0149, 0x1AAE, 0x0968, 0x00E6, 0x00E6, 0x00E6, 0x00E6, 0x0948, 0x0969, 0x0968,
    0x124C, 0x00A4, 0x0907, 0x0107, 0x00C5, 0x00E6, 0x00A5, 0x11C9, 0x228C, 0x0064, 0x00C5, 0x00A4,
    0x00A4, 0x0907, 0x11A9, 0x0042, 0x0083, 0x11CA, 0x08E5, 0x0042, 0x0062, 0x0062, 0x0062, 0x0062,
    0x0062, 0x0062, 0x0062, 0x0042, 0x0042, 0x0042, 0x0042, 0x0042, 0x0042, 0x0042, 0x0042, 0x0042,
    0x0042, 0x0042, 0x0042, 0x0042, 0x0042, 0x0042, 0x0042, 0x0042, 0x0042, 0x0042, 0x0042, 0x0042,
    0x0042, 0x0042, 0x0042, 0x0042, 0x0042, 0x0042, 0x0042, 0x0042, 0x0042, 0x0042, 0x0042, 0x0042,
    0x0042, 0x0042, 0x0042, 0x0042, 0x0042, 0x0042, 0x0042, 0x0042, 0x0042, 0x0042, 0x0042, 0x0042,
    0x0042, 0x0042, 0x0042, 0x0042, 0x0042, 0x0042, 0x0042, 0x0042, 0x0042, 0x0042, 0x0042, 0x0042,
    0x0042, 0x0042, 0x0042, 0x0042, 0x0042, 0x0042, 0x0042, 0x0042, 0x0042, 0x0042, 0x0042, 0x0042,
    0x0042, 0x0042, 0x0042, 0x0042, 0x0042, 0x0042, 0x0042, 0x0042, 0x0042, 0x0042, 0x0042, 0x0042,
    0x0042, 0x0041, 0x0042, 0x0042, 0x0042, 0x0042, 0x0042, 0x0042, 0x0041, 0x0042, 0x0042, 0x0042,
    0x0042, 0x0042, 0x0042, 0x0042, 0x0042, 0x0042, 0x0042, 0x0042, 0x0042, 0x0042, 0x0042, 0x0042,
    0x0042, 0x0042, 0x0042, 0x0042, 0x0042, 0x0042, 0x0042, 0x0042, 0x0042, 0x0042, 0x0042, 0x0042,
    0x0042, 0x0042, 0x0062, 0x0062, 0x0042, 0x1188, 0x0947, 0x0084, 0x0083, 0x11CA, 0x00E6, 0x0084,
    0x00C5, 0x00C5, 0x0106, 0x1B50, 0x0948, 0x00E6, 0x00E6, 0x00E6, 0x0927, 0x00C5, 0x0968, 0x128D,
    0x00E7, 0x0948, 0x00C5, 0x00C5, 0x00E6, 0x00E6, 0x00C5, 0x11EB, 0x120C, 0x0969, 0x09CB, 0x09EC,
    0x02F2, 0x3DBB, 0x567D, 0x0BB5, 0x09ED, 0x0948, 0x00E6, 0x00A4, 0x0083, 0x0063, 0x0062, 0x0042,
    0x0042, 0x08E5, 0x0042, 0x0083, 0x0022, 0x0021, 0x0022, 0x0022, 0x0021, 0x0001, 0x0001, 0x0000,
    0x0001, 0x0001, 0x0001, 0x0022, 0x0022, 0x0022, 0x0022, 0x0042, 0x0043, 0x0083, 0x08E5, 0x0022,
    0x0063, 0x0063, 0x0083, 0x00A4, 0x00C5, 0x0907, 0x0969, 0x09EC, 0x0A90, 0x0353, 0x0AB0, 0x0A2D,
    0x09CB, 0x09AB, 0x018A, 0x1AEF, 0x09AA, 0x0148, 0x0927, 0x0907, 0x0927, 0x1189, 0x19CB, 0x09CA,
    0x11EA, 0x00A4, 0x0906, 0x00E6, 0x00E5, 0x08E6, 0x00E7, 0x230F, 0x11EA, 0x00A5, 0x00E6, 0x00A4,
    0x00A4, 0x00A5, 0x00A4, 0x00A4, 0x0063, 0x0947, 0x00A4, 0x0062, 0x0062, 0x0062, 0x0062, 0x0062,
    0x0062, 0x0062, 0x0042, 0x0042, 0x0042, 0x0042, 0x0042, 0x0042, 0x0062, 0x0042, 0x0042, 0x0042,
    0x0042, 0x0042, 0x0042, 0x0042, 0x0042, 0x0042, 0x0042, 0x0042, 0x0042, 0x0042, 0x0042, 0x0042,
    0x0042, 0x0042, 0x0042, 0x0042, 0x0042, 0x0042, 0x0042, 0x0042, 0x0042, 0x0042, 0x0042, 0x0042,
    0x0042, 0x0042, 0x0042, 0x0042, 0x0042, 0x0042, 0x0042, 0x0042, 0x0042, 0x0042, 0x0042, 0x0042,
    0x0042, 0x0042, 0x0042, 0x0042, 0x0042, 0x0042, 0x0042, 0x0042, 0x0042, 0x0042, 0x0042, 0x0042,
    0x0042, 0x0042, 0x0042, 0x0042, 0x0042, 0x0042, 0x0042, 0x0042, 0x0042, 0x0042, 0x0042, 0x0042,
    0x0042, 0x0042, 0x0042, 0x0042, 0x0042, 0x0042, 0x0042, 0x0042, 0x0042, 0x0042, 0x0042, 0x0042,
    0x0041, 0x0041, 0x0042, 0x0042, 0x0042, 0x0042, 0x0042, 0x0041, 0x0041, 0x0042, 0x0042, 0x0042,
    0x0042, 0x0042, 0x0042, 0x0042, 0x0042, 0x0042, 0x0042, 0x0042, 0x0042, 0x0042, 0x0042, 0x0042,
    0x0042, 0x0042, 0x0042, 0x0042, 0x0042, 0x0042, 0x0042, 0x0042, 0x0042, 0x0042, 0x0042, 0x0042,
    0x0042, 0x0042, 0x0062, 0x0062, 0x0042, 0x0906, 0x08E5, 0x0083, 0x00A4, 0x00C5, 0x0084, 0x0084,
    0x00A5, 0x0106, 0x00C6, 0x1B50, 0x09AA, 0x00E6, 0x00C5, 0x00C5, 0x0907, 0x00E6, 0x0907, 0x1AEE,
    0x0969, 0x0968, 0x0106, 0x00E6, 0x0106, 0x0928, 0x0128, 0x122C, 0x126E, 0x098A, 0x09CB, 0x09CC,
    0x0A0D, 0x0AD1, 0x02F2, 0x0A0D, 0x098A, 0x0927, 0x00E5, 0x00A4, 0x0083, 0x0063, 0x0062, 0x0042,
    0x0042, 0x08E5, 0x0042, 0x0083, 0x0022, 0x0022, 0x0022, 0x0022, 0x0021, 0x0001, 0x0001, 0x0000,
    0x0001, 0x0001, 0x0001, 0x0022, 0x0022, 0x0022, 0x0022, 0x0042, 0x0043, 0x08A4, 0x08E5, 0x0022,
    0x0063, 0x0063, 0x0083, 0x00A4, 0x00C5, 0x0906, 0x0927, 0x0989, 0x09AA, 0x0A2D, 0x0A4E, 0x09CB,
    0x098A, 0x09AB, 0x0A4D, 0x2C35, 0x0A4F, 0x098B, 0x0928, 0x0927, 0x0927, 0x0989, 0x0969, 0x1A8D,
    0x11EA, 0x00C5, 0x0927, 0x0906, 0x00E5, 0x00E6, 0x00A5, 0x2350, 0x0968, 0x00C5, 0x00E6, 0x00E6,
    0x00C5, 0x08C5, 0x00A4, 0x00A4, 0x00A4, 0x0043, 0x0062, 0x0063, 0x0062, 0x0062, 0x0062, 0x0062,
    0x0062, 0x0062, 0x0062, 0x0062, 0x0042, 0x0042, 0x0042, 0x0042, 0x0062, 0x0042, 0x0042, 0x0042,
    0x0042, 0x0042, 0x0042, 0x0042, 0x0042, 0x0042, 0x0042, 0x0042, 0x0042, 0x0042, 0x0042, 0x0042,
    0x0042, 0x0042, 0x0042, 0x0042, 0x0042, 0x0042, 0x0042, 0x0042, 0x0042, 0x0042, 0x0042, 0x0042,
    0x0042, 0x0042, 0x0042, 0x0042, 0x0042, 0x0042, 0x0042, 0x0042, 0x0042, 0x0042, 0x0042, 0x0042,
    0x0042, 0x0042, 0x0042, 0x0042, 0x0042, 0x0042, 0x0042, 0x0042, 0x0042, 0x0042, 0x0042, 0x0042,
    0x0042, 0x0042, 0x0042, 0x0042, 0x0042, 0x0042, 0x0042, 0x0042, 0x0042, 0x0042, 0x0042, 0x0042,
    0x0042, 0x0042, 0x0042, 0x0042, 0x0042, 0x0042, 0x0042, 0x0042, 0x0042, 0x0042, 0x0042, 0x0041,
    0x0041, 0x0041, 0x0042, 0x0042, 0x0041, 0x0041, 0x0041, 0x0041, 0x0042, 0x0042, 0x0042, 0x0042,
    0x0042, 0x0042, 0x0042, 0x0042, 0x0042, 0x0042, 0x0042, 0x0042, 0x0042, 0x0042, 0x0042, 0x0042,
    0x0042, 0x0042, 0x0042, 0x0042, 0x0042, 0x0042, 0x0042, 0x0042, 0x0042, 0x0042, 0x0042, 0x0042,
    0x0062, 0x0062, 0x0062, 0x0062, 0x0063, 0x0021, 0x0063, 0x0084, 0x00A4, 0x00A4, 0x00A4, 0x00C5,
    0x0907, 0x0107, 0x0085, 0x1A6C, 0x124C, 0x00A5, 0x00C5, 0x00A4, 0x0907, 0x0927, 0x00E6, 0x1ACE,
    0x11CA, 0x0969, 0x0927, 0x0927, 0x0128, 0x096A, 0x01ED, 0x1312, 0x1B93, 0x09EC, 0x09CB, 0x09AA,
    0x09CB, 0x09EC, 0x09EC, 0x098A, 0x0948, 0x0106, 0x00C5, 0x00A4, 0x0083, 0x0063, 0x0062, 0x0042,
    0x0042, 0x08E5, 0x0042, 0x0084, 0x0042, 0x0022, 0x0022, 0x0042, 0x0021, 0x0001, 0x0001, 0x0000,
    0x0001, 0x0001, 0x0001, 0x0022, 0x0022, 0x0022, 0x0022, 0x0062, 0x0063, 0x08A4, 0x0905, 0x0022,
    0x0063, 0x0063, 0x0083, 0x00A4, 0x00C5, 0x08E6, 0x0906, 0x0968, 0x09AA, 0x09CC, 0x09CB, 0x09AB,
    0x09CB, 0x124E, 0x1416, 0x5E9D, 0x0B53, 0x09CC, 0x098A, 0x0969, 0x0948, 0x0989, 0x0948, 0x22CE,
    0x0969, 0x00E6, 0x0927, 0x0907, 0x0106, 0x00E6, 0x0948, 0x22EF, 0x00A5, 0x0127, 0x0948, 0x00C6,
    0x0927, 0x2B70, 0x00A5, 0x00E6, 0x1A8D, 0x0063, 0x0063, 0x0063, 0x0063, 0x0063, 0x0062, 0x0062,
    0x0062, 0x0062, 0x0042, 0x0062, 0x0042, 0x0042, 0x0042, 0x0042, 0x0042, 0x0042, 0x0042, 0x0042,
    0x0042, 0x0042, 0x0042, 0x0042, 0x0042, 0x0042, 0x0042, 0x0042, 0x0042, 0x0042, 0x0042, 0x0042,
    0x0042, 0x0042, 0x0042, 0x0042, 0x0042, 0x0042, 0x0042, 0x0042, 0x0042, 0x0042, 0x0042, 0x0042,
    0x0042, 0x0042, 0x0042, 0x0042, 0x0042, 0x0042, 0x0042, 0x0042, 0x0042, 0x0042, 0x0042, 0x0042,
    0x0042, 0x0041, 0x0042, 0x0042, 0x0042, 0x0042, 0x0042, 0x0042, 0x0041, 0x0042, 0x0042, 0x0042,
    0x0042, 0x0042, 0x0042, 0x0042, 0x0042, 0x0042, 0x0042, 0x0042, 0x0042, 0x0042, 0x0042, 0x0042,
    0x0042, 0x0042, 0x0042, 0x0042, 0x0042, 0x0042, 0x0042, 0x0042, 0x0042, 0x0042, 0x0041, 0x0042,
    0x0042, 0x0041, 0x0041, 0x0042, 0x0042, 0x0042, 0x0041, 0x0042, 0x0042, 0x0042, 0x0042, 0x0042,
    0x0042, 0x0042, 0x0042, 0x0042, 0x0042, 0x0042, 0x0042, 0x0042, 0x0042, 0x0042, 0x0042, 0x0042,
    0x0042, 0x0042, 0x0042, 0x0042, 0x0042, 0x0042, 0x0042, 0x0042, 0x0042, 0x0042, 0x0042, 0x0042,
    0x0062, 0x0062, 0x0062, 0x0062, 0x0063, 0x0022, 0x0927, 0x122C, 0x0063, 0x0906, 0x22EF, 0x00C6,
    0x0127, 0x0948, 0x00A5, 0x0989, 0x2331, 0x0128, 0x0907, 0x00E6, 0x0948, 0x0948, 0x00E6, 0x122B,
    0x120B, 0x0948, 0x0968, 0x0969, 0x098A, 0x09CB, 0x024F, 0x2477, 0x565D, 0x0333, 0x0A0D, 0x09EC,
    0x09CB, 0x09CB, 0x09CB, 0x0969, 0x0107, 0x00E5, 0x00C5, 0x00A4, 0x0083, 0x0063, 0x0062, 0x0042,
    0x0042, 0x0906, 0x0042, 0x00A4, 0x0042, 0x0022, 0x0022, 0x0042, 0x0021, 0x0001, 0x0001, 0x0000,
    0x0001, 0x0001, 0x0001, 0x0022, 0x0022, 0x0042, 0x0042, 0x0063, 0x0063, 0x08A4, 0x0906, 0x0042,
    0x0063, 0x0083, 0x0083, 0x00A4, 0x00C4, 0x00C5, 0x00E6, 0x0948, 0x0968, 0x098A, 0x09AB, 0x09AA,
    0x09AA, 0x0A90, 0x357A, 0xA7BF, 0x1457, 0x0A6F, 0x09CB, 0x0989, 0x0927, 0x0989, 0x11AA, 0x1AAD,
    0x0927, 0x0907, 0x0927, 0x0906, 0x08E6, 0x00C6, 0x19EB, 0x4495, 0x0149, 0x00C6, 0x0106, 0x0927,
    0x00C5, 0x00C5, 0x08E6, 0x00E6, 0x00A4, 0x0083, 0x0063, 0x0063, 0x0063, 0x0063, 0x0063, 0x0062,
    0x0062, 0x0062, 0x0062, 0x0062, 0x0062, 0x0042, 0x0042, 0x0042, 0x0062, 0x0042, 0x0042, 0x0042,
    0x0042, 0x0042, 0x0042, 0x0042, 0x0042, 0x0042, 0x0042, 0x0042, 0x0042, 0x0042, 0x0042, 0x0042,
    0x0042, 0x0042, 0x0042, 0x0042, 0x0042, 0x0042, 0x0042, 0x0042, 0x0042, 0x0042, 0x0042, 0x0042,
    0x0042, 0x0042, 0x0042, 0x0042, 0x0042, 0x0042, 0x0042, 0x0042, 0x0042, 0x0042, 0x0042, 0x0042,
    0x0042, 0x0042, 0x0042, 0x0042, 0x0042, 0x0042, 0x0042, 0x0042, 0x0042, 0x0042, 0x0042, 0x0042,
    0x0042, 0x0042, 0x0042, 0x0042, 0x0042, 0x0042, 0x0042, 0x0042, 0x0042, 0x0042, 0x0042, 0x0042,
    0x0042, 0x0042, 0x0042, 0x0042, 0x0042, 0x0042, 0x0042, 0x0042, 0x0042, 0x0042, 0x0042, 0x0042,
    0x0042, 0x0042, 0x0042, 0x0042, 0x0041, 0x0041, 0x0042, 0x0042, 0x0042, 0x0042, 0x0042, 0x0042,
    0x0042, 0x0042, 0x0042, 0x0042, 0x0042, 0x0042, 0x0042, 0x0042, 0x0042, 0x0042, 0x0042, 0x0042,
    0x0042, 0x0042, 0x0042, 0x0042, 0x0042, 0x0042, 0x0042, 0x0042, 0x0042, 0x0042, 0x0042, 0x0062,
    0x0062, 0x0062, 0x0063, 0x0063, 0x0063, 0x0062, 0x0084, 0x00E5, 0x00E6, 0x00C5, 0x00E6, 0x0927,
    0x0906, 0x00A5, 0x00C6, 0x1A8E, 0x5558, 0x0969, 0x0106, 0x00E6, 0x0927, 0x0928, 0x00E6, 0x09A9,
    0x1A6C, 0x0969, 0x0989, 0x0969, 0x098A, 0x0A0D, 0x0B13, 0x4DFC, 0xAFDF, 0x1478, 0x0A6F, 0x09EC,
    0x09AA, 0x098A, 0x0969, 0x0128, 0x0106, 0x00C5, 0x00A4, 0x00A4, 0x0083, 0x0063, 0x0063, 0x0062,
    0x0042, 0x0906, 0x0042, 0x00A4, 0x0042, 0x0042, 0x0022, 0x0042, 0x0021, 0x0001, 0x0001, 0x0000,
    0x0001, 0x0001, 0x0001, 0x0022, 0x0042, 0x0042, 0x0042, 0x0063, 0x0063, 0x08C4, 0x0926, 0x0042,
    0x0063, 0x0083, 0x0084, 0x00A4, 0x00A4, 0x00C5, 0x00E6, 0x0906, 0x0927, 0x0927, 0x0969, 0x0A0C,
    0x124E, 0x0A90, 0x2CF9, 0x979F, 0x0BF6, 0x0A0D, 0x0989, 0x0948, 0x0927, 0x0927, 0x0948, 0x120B,
    0x00C5, 0x00E6, 0x0927, 0x0927, 0x08E6, 0x00E6, 0x00E6, 0x0989, 0x126C, 0x120B, 0x00E5, 0x00A4,
    0x0107, 0x00E6, 0x0084, 0x0948, 0x08E6, 0x0083, 0x0083, 0x0063, 0x0063, 0x0063, 0x0063, 0x0063,
    0x0062, 0x0062, 0x0062, 0x0042, 0x0042, 0x0042, 0x0042, 0x0042, 0x0062, 0x0062, 0x0042, 0x0042,
    0x0042, 0x0042, 0x0042, 0x0042, 0x0042, 0x0042, 0x0042, 0x0042, 0x0042, 0x0042, 0x0042, 0x0042,
    0x0042, 0x0042, 0x0042, 0x0042, 0x0042, 0x0042, 0x0042, 0x0042, 0x0042, 0x0042, 0x0042, 0x0042,
    0x0042, 0x0042, 0x0042, 0x0042, 0x0042, 0x0042, 0x0042, 0x0042, 0x0042, 0x0042, 0x0042, 0x0042,
    0x0042, 0x0042, 0x0042, 0x0042, 0x0042, 0x0041, 0x0042, 0x0042, 0x0042, 0x0042, 0x0042, 0x0042,
    0x0042, 0x0042, 0x0042, 0x0042, 0x0042, 0x0042, 0x0042, 0x0042, 0x0042, 0x0042, 0x0042, 0x0042,
    0x0042, 0x0042, 0x0042, 0x0042, 0x0042, 0x0042, 0x0042, 0x0042, 0x0042, 0x0042, 0x0042, 0x0042,
    0x0042, 0x0042, 0x0042, 0x0041, 0x0041, 0x0042, 0x0042, 0x0042, 0x0042, 0x0042, 0x0042, 0x0042,
    0x0042, 0x0042, 0x0042, 0x0042, 0x0042, 0x0042, 0x0042, 0x0042, 0x0042, 0x0042, 0x0042, 0x0042,
    0x0042, 0x0042, 0x0042, 0x0042, 0x0042, 0x0042, 0x0042, 0x0042, 0x0042, 0x0042, 0x0042, 0x0062,
    0x0062, 0x0062, 0x0063, 0x0063, 0x0063, 0x0063, 0x0063, 0x0927, 0x08E6, 0x00A4, 0x0928, 0x0106,
    0x0083, 0x0947, 0x1AAE, 0x1A4D, 0x098A, 0x00E6, 0x00E6, 0x00E6, 0x0928, 0x0907, 0x00E6, 0x08E6,
    0x122B, 0x0969, 0x0969, 0x0928, 0x0969, 0x09CB, 0x0270, 0x353A, 0x877F, 0x0BF7, 0x1290, 0x0A2E,
    0x09AA, 0x0107, 0x0107, 0x0107, 0x00E6, 0x00C5, 0x00A4, 0x00A4, 0x0083, 0x0063, 0x0063, 0x0062,
    0x0042, 0x0906, 0x0042, 0x00A4, 0x0042, 0x0042, 0x0042, 0x0042, 0x0021, 0x0001, 0x0001, 0x0000,
    0x0001, 0x0001, 0x0001, 0x0042, 0x0042, 0x0042, 0x0042, 0x0063, 0x0063, 0x08C4, 0x0926, 0x0042,
    0x0083, 0x0083, 0x0084, 0x00A4, 0x00A4, 0x00C5, 0x00E5, 0x00E6, 0x00E6, 0x0989, 0x09CA, 0x09AA,
    0x09AA, 0x09ED, 0x1312, 0x3CF7, 0x024F, 0x09AB, 0x0969, 0x0948, 0x0948, 0x0989, 0x122B, 0x11CA,
    0x00E6, 0x0907, 0x0927, 0x0927, 0x00C5, 0x00E6, 0x0907, 0x00C6, 0x00A4, 0x0968, 0x09EB, 0x0927,
    0x00A5, 0x00E6, 0x0907, 0x00A5, 0x08E6, 0x00C5, 0x0063, 0x0083, 0x0063, 0x0063, 0x0063, 0x0063,
    0x0063, 0x0063, 0x0062, 0x0042, 0x0062, 0x0062, 0x0062, 0x0062, 0x0062, 0x0062, 0x0042, 0x0042,
    0x0042, 0x0042, 0x0042, 0x0042, 0x0042, 0x0042, 0x0042, 0x0042, 0x0042, 0x0042, 0x0062, 0x0042,
    0x0042, 0x0042, 0x0062, 0x0042, 0x0042, 0x0042, 0x0042, 0x0042, 0x0042, 0x0042, 0x0042, 0x0042,
    0x0042, 0x0042, 0x0042, 0x0042, 0x0042, 0x0042, 0x0042, 0x0042, 0x0042, 0x0042, 0x0042, 0x0042,
    0x0042, 0x0042, 0x0042, 0x0042, 0x0042, 0x0042, 0x0042, 0x0042, 0x0042, 0x0042, 0x0042, 0x0042,
    0x0042, 0x0042, 0x0042, 0x0042, 0x0042, 0x0042, 0x0042, 0x0042, 0x0042, 0x0042, 0x0042, 0x0042,
    0x0042, 0x0042, 0x0042, 0x0042, 0x0042, 0x0042, 0x0042, 0x0042, 0x0042, 0x0042, 0x0042, 0x0042,
    0x0042, 0x0042, 0x0042, 0x0042, 0x0042, 0x0042, 0x0042, 0x0042, 0x0042, 0x0042, 0x0042, 0x0042,
    0x0042, 0x0042, 0x0042, 0x0042, 0x0042, 0x0042, 0x0042, 0x0042, 0x0042, 0x0042, 0x0042, 0x0042,
    0x0042, 0x0042, 0x0062, 0x0062, 0x0042, 0x0042, 0x0042, 0x0062, 0x0062, 0x0042, 0x0062, 0x0062,
    0x0062, 0x0063, 0x0063, 0x0063, 0x0063, 0x0042, 0x08E6, 0x00C5, 0x00A4, 0x0907, 0x00E6, 0x00C5,
    0x0948, 0x120B, 0x0927, 0x00C6, 0x0107, 0x0907, 0x08E6, 0x00E6, 0x11A9, 0x0907, 0x0106, 0x00E6,
    0x126C, 0x11EB, 0x0989, 0x0948, 0x0969, 0x098A, 0x09CC, 0x1311, 0x2C97, 0x022E, 0x09CB, 0x09AA,
    0x098A, 0x09AA, 0x0948, 0x00E6, 0x00E6, 0x00C5, 0x00A5, 0x00A4, 0x0083, 0x0063, 0x0063, 0x0063,
    0x0042, 0x0927, 0x0043, 0x00A4, 0x0042, 0x0042, 0x0042, 0x0042, 0x0021, 0x0001, 0x0001, 0x0001,
    0x0001, 0x0001, 0x0001, 0x0042, 0x0042, 0x0042, 0x0042, 0x0063, 0x0083, 0x08C4, 0x1126, 0x0042,
    0x0083, 0x0083, 0x0084, 0x00A4, 0x00A4, 0x00C5, 0x00C5, 0x0106, 0x0989, 0x0968, 0x0927, 0x0927,
    0x0948, 0x09AA, 0x120D, 0x2330, 0x01AB, 0x0989, 0x0948, 0x0969, 0x0969, 0x1189, 0x22AD, 0x0968,
    0x00C5, 0x0927, 0x0927, 0x0968, 0x00E6, 0x00E6, 0x0106, 0x0106, 0x0107, 0x00C5, 0x00C5, 0x0968,
    0x0969, 0x00A4, 0x00C5, 0x0907, 0x0084, 0x00C5, 0x00C5, 0x0063, 0x0083, 0x0063, 0x0063, 0x0063,
    0x0063, 0x0063, 0x0062, 0x0062, 0x0062, 0x0062, 0x0062, 0x0062, 0x0062, 0x0062, 0x0042, 0x0042,
    0x0062, 0x0042, 0x0042, 0x0042, 0x0042, 0x0042, 0x0042, 0x0042, 0x0042, 0x0042, 0x0042, 0x0062,
    0x0042, 0x0042, 0x0042, 0x0042, 0x0042, 0x0042, 0x0042, 0x0042, 0x0042, 0x0042, 0x0042, 0x0042,
    0x0042, 0x0042, 0x0042, 0x0042, 0x0042, 0x0042, 0x0042, 0x0042, 0x0042, 0x0042, 0x0042, 0x0042,
    0x0042, 0x0042, 0x0042, 0x0041, 0x0042, 0x0042, 0x0042, 0x0042, 0x0042, 0x0042, 0x0042, 0x0042,
    0x0042, 0x0042, 0x0042, 0x0042, 0x0042, 0x0042, 0x0042, 0x0042, 0x0042, 0x0042, 0x0042, 0x0041,
    0x0042, 0x0042, 0x0042, 0x0041, 0x0042, 0x0042, 0x0042, 0x0042, 0x0042, 0x0042, 0x0042, 0x0042,
    0x0042, 0x0042, 0x0042, 0x0042, 0x0042, 0x0042, 0x0042, 0x0042, 0x0042, 0x0042, 0x0042, 0x0042,
    0x0042, 0x0042, 0x0042, 0x0042, 0x0042, 0x0042, 0x0042, 0x0042, 0x0042, 0x0042, 0x0042, 0x0042,
    0x0042, 0x0042, 0x0062, 0x0042, 0x0042, 0x0042, 0x0042, 0x0062, 0x0062, 0x0062, 0x0062, 0x0062,
    0x0063, 0x0063, 0x0063, 0x0083, 0x0063, 0x08E5, 0x00A5, 0x00C5, 0x00E6, 0x00A5, 0x00E6, 0x1189,
    0x0927, 0x00C5, 0x0906, 0x0906, 0x0906, 0x0907, 0x0907, 0x0948, 0x1189, 0x00C5, 0x0106, 0x00C6,
    0x124B, 0x124C, 0x0969, 0x0928, 0x0948, 0x0948, 0x016A, 0x122D, 0x2311, 0x09AB, 0x09AB, 0x0949,
    0x0107, 0x0927, 0x0989, 0x0969, 0x00E5, 0x00C5, 0x00A5, 0x00A4, 0x0083, 0x0083, 0x0083, 0x0063,
    0x0062, 0x0927, 0x0063, 0x00C5, 0x0042, 0x0042, 0x0042, 0x0042, 0x0022, 0x0001, 0x0001, 0x0001,
    0x0001, 0x0021, 0x0021, 0x0042, 0x0042, 0x0042, 0x0042, 0x0063, 0x0084, 0x08E5, 0x1147, 0x0042,
    0x0083, 0x0083, 0x00A4, 0x00A4, 0x00A4, 0x00A4, 0x0907, 0x0968, 0x0906, 0x0906, 0x0907, 0x0968,
    0x120B, 0x09AA, 0x09EB, 0x2351, 0x09CB, 0x09AA, 0x0968, 0x0968, 0x0969, 0x0948, 0x124C, 0x0127,
    0x0907, 0x0927, 0x0948, 0x0927, 0x0948, 0x00E6, 0x0907, 0x00E6, 0x00E6, 0x0107, 0x00E5, 0x00A4,
    0x0927, 0x0989, 0x00A5, 0x00A5, 0x0106, 0x00A4, 0x00E6, 0x00A5, 0x0063, 0x0083, 0x0083, 0x0063,
    0x0063, 0x0063, 0x0063, 0x0063, 0x0062, 0x0062, 0x0062, 0x0062, 0x0063, 0x0062, 0x0062, 0x0062,
    0x0062, 0x0062, 0x0042, 0x0042, 0x0042, 0x0042, 0x0042, 0x0042, 0x0042, 0x0042, 0x0042, 0x0042,
    0x0042, 0x0042, 0x0042, 0x0042, 0x0042, 0x0042, 0x0042, 0x0042, 0x0062, 0x0062, 0x0042, 0x0042,
    0x0042, 0x0042, 0x0042, 0x0042, 0x0042, 0x0042, 0x0042, 0x0042, 0x0042, 0x0042, 0x0042, 0x0042,
    0x0042, 0x0042, 0x0041, 0x0041, 0x0042, 0x0042, 0x0042, 0x0042, 0x0042, 0x0042, 0x0042, 0x0042,
    0x0042, 0x0042, 0x0042, 0x0042, 0x0042, 0x0042, 0x0042, 0x0042, 0x0042, 0x0042, 0x0042, 0x0041,
    0x0042, 0x0041, 0x0042, 0x0041, 0x0042, 0x0042, 0x0041, 0x0042, 0x0042, 0x0042, 0x0042, 0x0042,
    0x0042, 0x0042, 0x0042, 0x0042, 0x0042, 0x0042, 0x0042, 0x0042, 0x0042, 0x0042, 0x0042, 0x0042,
    0x0042, 0x0042, 0x0042, 0x0042, 0x0042, 0x0042, 0x0042, 0x0042, 0x0042, 0x0042, 0x0042, 0x0042,
    0x0042, 0x0062, 0x0063, 0x0063, 0x0062, 0x0062, 0x0062, 0x0062, 0x0062, 0x0063, 0x0063, 0x0063,
    0x0063, 0x0063, 0x0083, 0x0063, 0x00E6, 0x00A4, 0x00C5, 0x00E6, 0x00A4, 0x0907, 0x1189, 0x08C5,
    0x00C5, 0x0906, 0x00C5, 0x00E6, 0x08E6, 0x0927, 0x00E6, 0x1189, 0x00E6, 0x0907, 0x0927, 0x0927,
    0x11EA, 0x124C, 0x0128, 0x0927, 0x0927, 0x0948, 0x098A, 0x122D, 0x22F0, 0x018A, 0x120C, 0x11EB,
    0x0127, 0x0107, 0x0906, 0x0927, 0x0968, 0x00E6, 0x00A4, 0x00A4, 0x0084, 0x0083, 0x0083, 0x0063,
    0x0063, 0x0947, 0x0063, 0x08C5, 0x0042, 0x0042, 0x0042, 0x0042, 0x0022, 0x0001, 0x0001, 0x0001,
    0x0001, 0x0021, 0x0021, 0x0042, 0x0042, 0x0042, 0x0042, 0x0083, 0x0084, 0x08E5, 0x1167, 0x0042,
    0x0083, 0x0084, 0x00A4, 0x00A4, 0x00A4, 0x0927, 0x0948, 0x00E5, 0x00E6, 0x0906, 0x11EA, 0x11EB,
    0x11CA, 0x11CB, 0x098A, 0x126D, 0x0148, 0x0127, 0x0107, 0x0927, 0x0928, 0x0947, 0x120B, 0x0107,
    0x0927, 0x0927, 0x0948, 0x0106, 0x0968, 0x0948, 0x00E6, 0x00E6, 0x00E6, 0x00E6, 0x0907, 0x00E6,
    0x00C5, 0x0907, 0x0989, 0x00A5, 0x00C5, 0x0107, 0x0084, 0x08E6, 0x00A4, 0x0083, 0x0083, 0x0063,
    0x0063, 0x0063, 0x0063, 0x0063, 0x0062, 0x0062, 0x0062, 0x0062, 0x0063, 0x0062, 0x0042, 0x0042,
    0x0062, 0x0042, 0x0062, 0x0042, 0x0042, 0x0042, 0x0042, 0x0042, 0x0042, 0x0042, 0x0042, 0x0042,
    0x0042, 0x0042, 0x0042, 0x0042, 0x0062, 0x0042, 0x0042, 0x0042, 0x0062, 0x0042, 0x0062, 0x0042,
    0x0042, 0x0062, 0x0042, 0x0042, 0x0042, 0x0042, 0x0042, 0x0042, 0x0042, 0x0042, 0x0042, 0x0042,
    0x0042, 0x0042, 0x0042, 0x0041, 0x0042, 0x0042, 0x0042, 0x0042, 0x0042, 0x0042, 0x0042, 0x0042,
    0x0042, 0x0042, 0x0042, 0x0042, 0x0042, 0x0042, 0x0042, 0x0042, 0x0042, 0x0042, 0x0042, 0x0042,
    0x0042, 0x0042, 0x0041, 0x0041, 0x0042, 0x0042, 0x0042, 0x0042, 0x0042, 0x0042, 0x0042, 0x0042,
    0x0042, 0x0042, 0x0042, 0x0042, 0x0042, 0x0042, 0x0042, 0x0042, 0x0042, 0x0042, 0x0042, 0x0042,
    0x0042, 0x0042, 0x0042, 0x0042, 0x0042, 0x0042, 0x0042, 0x0042, 0x0042, 0x0042, 0x0042, 0x0042,
    0x0062, 0x0062, 0x0062, 0x0062, 0x0042, 0x0062, 0x0062, 0x0062, 0x0062, 0x0062, 0x0063, 0x0063,
    0x0063, 0x0083, 0x0063, 0x00C5, 0x00A5, 0x00A4, 0x0907, 0x0084, 0x0907, 0x1189, 0x00C5, 0x00E5,
    0x08E6, 0x00E6, 0x08E6, 0x08E6, 0x08E6, 0x00E6, 0x1189, 0x0968, 0x0106, 0x0927, 0x0907, 0x0907,
    0x0948, 0x120B, 0x0107, 0x0127, 0x0127, 0x0128, 0x0128, 0x098A, 0x124D, 0x09AA, 0x1A2C, 0x0989,
    0x09CA, 0x11AA, 0x00E6, 0x00E5, 0x00E6, 0x0948, 0x00E6, 0x00A4, 0x00A4, 0x0083, 0x0083, 0x0083,
    0x0063, 0x0948, 0x0063, 0x00C5, 0x0063, 0x0042, 0x0042, 0x0042, 0x0022, 0x0001, 0x0001, 0x0001,
    0x0001, 0x0021, 0x0021, 0x0042, 0x0042, 0x0042, 0x0042, 0x0083, 0x0084, 0x08E5, 0x1167, 0x0063,
    0x00A4, 0x0084, 0x00A4, 0x00A4, 0x0906, 0x0947, 0x00C5, 0x00E5, 0x0927, 0x120B, 0x11CA, 0x11EB,
    0x0968, 0x00C6, 0x0127, 0x1AEF, 0x098A, 0x09AA, 0x0989, 0x0948, 0x0948, 0x1A6D, 0x124D, 0x0127,
    0x0948, 0x0928, 0x0928, 0x00E6, 0x0928, 0x09AA, 0x0969, 0x00C5, 0x00E6, 0x00E6, 0x0906, 0x0907,
    0x00E5, 0x00C5, 0x0906, 0x0969, 0x00A5, 0x00C5, 0x00E6, 0x0084, 0x08E6, 0x0084, 0x0084, 0x0083,
    0x0063, 0x0063, 0x0063, 0x0063, 0x0063, 0x0062, 0x0062, 0x0062, 0x0062, 0x0062, 0x0062, 0x0062,
    0x0062, 0x0042, 0x0042, 0x0042, 0x0042, 0x0042, 0x0042, 0x0042, 0x0042, 0x0042, 0x0042, 0x0042,
    0x0042, 0x0042, 0x0042, 0x0042, 0x0042, 0x0042, 0x0042, 0x0042, 0x0042, 0x0042, 0x0042, 0x0042,
    0x0042, 0x0042, 0x0042, 0x0042, 0x0042, 0x0042, 0x0042, 0x0042, 0x0042, 0x0042, 0x0042, 0x0042,
    0x0042, 0x0042, 0x0042, 0x0042, 0x0042, 0x0042, 0x0042, 0x0042, 0x0042, 0x0042, 0x0042, 0x0042,
    0x0042, 0x0042, 0x0042, 0x0042, 0x0042, 0x0042, 0x0042, 0x0042, 0x0042, 0x0042, 0x0042, 0x0042,
    0x0042, 0x0042, 0x0042, 0x0041, 0x0042, 0x0042, 0x0041, 0x0042, 0x0042, 0x0042, 0x0042, 0x0042,
    0x0042, 0x0042, 0x0042, 0x0042, 0x0042, 0x0042, 0x0042, 0x0042, 0x0042, 0x0042, 0x0042, 0x0042,
    0x0042, 0x0042, 0x0042, 0x0042, 0x0042, 0x0042, 0x0042, 0x0042, 0x0042, 0x0042, 0x0042, 0x0042,
    0x0062, 0x0062, 0x0062, 0x0062, 0x0062, 0x0062, 0x0063, 0x0063, 0x0062, 0x0063, 0x0063, 0x0063,
    0x0083, 0x0063, 0x00A4, 0x00E6, 0x00A4, 0x08E6, 0x0084, 0x0906, 0x1189, 0x00A5, 0x08E6, 0x00E6,
    0x00E6, 0x00E6, 0x00E6, 0x00E6, 0x00E6, 0x0969, 0x0989, 0x0107, 0x0907, 0x0927, 0x0906, 0x0927,
    0x0948, 0x230F, 0x1A4D, 0x0128, 0x0969, 0x09AA, 0x0948, 0x120C, 0x1AAE, 0x00E7, 0x0149, 0x11AA,
    0x11EB, 0x11EB, 0x11AA, 0x00E6, 0x00C5, 0x00C5, 0x0947, 0x00C5, 0x0084, 0x0084, 0x0083, 0x0083,
    0x0083, 0x0968, 0x0063, 0x00C5, 0x0063, 0x0042, 0x0042, 0x0062, 0x0022, 0x0021, 0x0001, 0x0001,
    0x0001, 0x0021, 0x0021, 0x0042, 0x0062, 0x0062, 0x0063, 0x00A4, 0x00A4, 0x0905, 0x1188, 0x0042,
    0x00A4, 0x00A4, 0x00A4, 0x08E6, 0x0948, 0x00C5, 0x00C5, 0x0927, 0x11EA, 0x0989, 0x0989, 0x0128,
    0x0148, 0x2B2F, 0x2B70, 0x2370, 0x0169, 0x0969, 0x0989, 0x0969, 0x0968, 0x1A6D, 0x122C, 0x0128,
    0x0927, 0x0907, 0x118A, 0x0969, 0x0107, 0x0907, 0x098A, 0x0989, 0x00E6, 0x00E6, 0x00E6, 0x0906,
    0x08E6, 0x08E6, 0x00C5, 0x0927, 0x1189, 0x00A4, 0x00E6, 0x00E6, 0x00C5, 0x00E6, 0x0084, 0x0084,
    0x0083, 0x0083, 0x0083, 0x0083, 0x0063, 0x0063, 0x0063, 0x0063, 0x0063, 0x0063, 0x0063, 0x0062,
    0x0062, 0x0062, 0x0062, 0x0062, 0x0062, 0x0042, 0x0042, 0x0042, 0x0042, 0x0042, 0x0042, 0x0042,
    0x0042, 0x0042, 0x0042, 0x0042, 0x0042, 0x0042, 0x0042, 0x0042, 0x0042, 0x0062, 0x0042, 0x0042,
    0x0042, 0x0042, 0x0042, 0x0042, 0x0042, 0x0042, 0x0042, 0x0042, 0x0042, 0x0042, 0x0042, 0x0042,
    0x0042, 0x0041, 0x0042, 0x0042, 0x0042, 0x0042, 0x0042, 0x0042, 0x0042, 0x0042, 0x0042, 0x0042,
    0x0042, 0x0041, 0x0042, 0x0042, 0x0042, 0x0042, 0x0042, 0x0042, 0x0042, 0x0042, 0x0042, 0x0042,
    0x0042, 0x0042, 0x0041, 0x0041, 0x0041, 0x0042, 0x0042, 0x0042, 0x0042, 0x0042, 0x0042, 0x0042,
    0x0042, 0x0042, 0x0042, 0x0042, 0x0042, 0x0042, 0x0042, 0x0042, 0x0042, 0x0042, 0x0042, 0x0042,
    0x0042, 0x0042, 0x0042, 0x0042, 0x0042, 0x0042, 0x0042, 0x0062, 0x0062, 0x0042, 0x0042, 0x0062,
    0x0062, 0x0062, 0x0063, 0x0063, 0x0063, 0x0063, 0x0063, 0x0063, 0x0063, 0x0083, 0x0083, 0x0083,
    0x0083, 0x0084, 0x0107, 0x00A4, 0x08E6, 0x00A4, 0x00E6, 0x1189, 0x00C6, 0x00E6, 0x00E6, 0x00E6,
    0x00E6, 0x00E6, 0x00E6, 0x0107, 0x098A, 0x0948, 0x0107, 0x0907, 0x0989, 0x0969, 0x0107, 0x0907,
    0x0148, 0x1AAE, 0x11AA, 0x0969, 0x09AA, 0x098A, 0x0169, 0x122C, 0x2BB2, 0x2B91, 0x22CF, 0x00E7,
    0x0169, 0x09CB, 0x0989, 0x11EB, 0x00E6, 0x00C5, 0x00C5, 0x0927, 0x00A5, 0x00A4, 0x0084, 0x00A4,
    0x0063, 0x0989, 0x0083, 0x00C5, 0x0063, 0x0063, 0x0042, 0x0063, 0x0022, 0x0021, 0x0001, 0x0001,
    0x0001, 0x0021, 0x0021, 0x0042, 0x0063, 0x0063, 0x0063, 0x00A4, 0x00C5, 0x00A4, 0x11C9, 0x08E5,
    0x0063, 0x00A4, 0x00C5, 0x0948, 0x00E5, 0x00C5, 0x0927, 0x120B, 0x0989, 0x09AA, 0x00E6, 0x1A2B,
    0x2BB2, 0x1A8D, 0x0128, 0x098A, 0x1A2C, 0x1A6C, 0x1A4C, 0x1A4D, 0x120C, 0x3371, 0x1A6D, 0x09AA,
    0x0989, 0x0948, 0x0969, 0x09AA, 0x0989, 0x0928, 0x0107, 0x096A, 0x09AA, 0x0106, 0x00E6, 0x00E6,
    0x0907, 0x0906, 0x00E6, 0x00C5, 0x0927, 0x0907, 0x00A4, 0x0906, 0x00C5, 0x00E6, 0x00C5, 0x0084,
    0x0084, 0x0083, 0x0083, 0x0083, 0x0063, 0x0063, 0x0063, 0x0063, 0x0063, 0x0063, 0x0062, 0x0062,
    0x0062, 0x0062, 0x0062, 0x0062, 0x0062, 0x0062, 0x0042, 0x0042, 0x0042, 0x0042, 0x0042, 0x0042,
    0x0042, 0x0042, 0x0042, 0x0042, 0x0042, 0x0042, 0x0042, 0x0062, 0x0042, 0x0042, 0x0042, 0x0042,
    0x0042, 0x0042, 0x0042, 0x0042, 0x0042, 0x0042, 0x0042, 0x0042, 0x0042, 0x0042, 0x0042, 0x0042,
    0x0042, 0x0042, 0x0042, 0x0042, 0x0042, 0x0042, 0x0042, 0x0042, 0x0042, 0x0042, 0x0042, 0x0042,
    0x0042, 0x0042, 0x0042, 0x0042, 0x0042, 0x0042, 0x0042, 0x0042, 0x0042, 0x0042, 0x0042, 0x0042,
    0x0042, 0x0042, 0x0041, 0x0041, 0x0042, 0x0042, 0x0042, 0x0042, 0x0042, 0x0042, 0x0042, 0x0042,
    0x0042, 0x0042, 0x0042, 0x0042, 0x0042, 0x0042, 0x0042, 0x0042, 0x0042, 0x0042, 0x0042, 0x0042,
    0x0042, 0x0042, 0x0042, 0x0042, 0x0042, 0x0042, 0x0042, 0x0042, 0x0042, 0x0062, 0x0062, 0x0062,
    0x0062, 0x0062, 0x0063, 0x0063, 0x0063, 0x0063, 0x0063, 0x0063, 0x0083, 0x0083, 0x0083, 0x0083,
    0x0083, 0x00E6, 0x00A4, 0x08C5, 0x08E6, 0x00A4, 0x0948, 0x00E6, 0x00C5, 0x0907, 0x00E6, 0x00E6,
    0x08E6, 0x00C6, 0x0927, 0x09AA, 0x0928, 0x0107, 0x0969, 0x11A9, 0x09AA, 0x0969, 0x0989, 0x0989,
    0x0969, 0x1AEF, 0x1AF0, 0x11EC, 0x122C, 0x1A4D, 0x1A6D, 0x122C, 0x0148, 0x0169, 0x2371, 0x2B71,
    0x0948, 0x00E6, 0x0989, 0x09AA, 0x1A0B, 0x00C5, 0x00C5, 0x00C5, 0x0106, 0x00A4, 0x00A4, 0x0063,
    0x0947, 0x0988, 0x0063, 0x00C5, 0x0063, 0x0063, 0x0063, 0x0063, 0x0022, 0x0021, 0x0001, 0x0001,
    0x0001, 0x0021, 0x0021, 0x0042, 0x0063, 0x0063, 0x0063, 0x00A4, 0x00E5, 0x0063, 0x00A4, 0x11C9,
    0x0947, 0x0063, 0x0906, 0x00E6, 0x00C5, 0x00C5, 0x11CA, 0x11A9, 0x09A9, 0x00E7, 0x120B, 0x230E,
    0x0169, 0x016A, 0x1A4D, 0x1A2C, 0x09CB, 0x0148, 0x018A, 0x09CC, 0x09AB, 0x1A8E, 0x098A, 0x0148,
    0x0969, 0x09AA, 0x11CB, 0x09AA, 0x0148, 0x11AA, 0x09AA, 0x0108, 0x0169, 0x09AA, 0x0107, 0x0107,
    0x0107, 0x0107, 0x00E6, 0x00E6, 0x00C5, 0x0907, 0x0969, 0x00E6, 0x00E6, 0x00A5, 0x0107, 0x0084,
    0x0084, 0x0083, 0x0083, 0x0083, 0x0063, 0x0063, 0x0063, 0x0063, 0x0063, 0x0063, 0x0062, 0x0062,
    0x0063, 0x0062, 0x0062, 0x0062, 0x0062, 0x0062, 0x0042, 0x0042, 0x0042, 0x0042, 0x0042, 0x0042,
    0x0042, 0x0042, 0x0042, 0x0042, 0x0042, 0x0042, 0x0042, 0x0062, 0x0062, 0x0042, 0x0042, 0x0042,
    0x0042, 0x0042, 0x0042, 0x0042, 0x0042, 0x0042, 0x0042, 0x0042, 0x0042, 0x0042, 0x0042, 0x0042,
    0x0042, 0x0042, 0x0042, 0x0042, 0x0042, 0x0042, 0x0042, 0x0042, 0x0042, 0x0041, 0x0042, 0x0042,
    0x0042, 0x0041, 0x0041, 0x0042, 0x0042, 0x0042, 0x0041, 0x0041, 0x0041, 0x0041, 0x0042, 0x0041,
    0x0042, 0x0042, 0x0042, 0x0042, 0x0042, 0x0042, 0x0042, 0x0042, 0x0042, 0x0042, 0x0042, 0x0042,
    0x0042, 0x0042, 0x0042, 0x0042, 0x0042, 0x0042, 0x0042, 0x0042, 0x0042, 0x0042, 0x0042, 0x0042,
    0x0042, 0x0062, 0x0042, 0x0042, 0x0042, 0x0042, 0x0062, 0x0042, 0x0042, 0x0062, 0x0062, 0x0062,
    0x0062, 0x0062, 0x0063, 0x0063, 0x0063, 0x0063, 0x0063, 0x0083, 0x0083, 0x0083, 0x0083, 0x0083,
    0x00A5, 0x00E6, 0x00A4, 0x0907, 0x00C5, 0x0927, 0x0906, 0x00C5, 0x0106, 0x00E6, 0x00E6, 0x00E6,
    0x00E6, 0x0107, 0x09AB, 0x0107, 0x0128, 0x11CB, 0x09CA, 0x0968, 0x0989, 0x11CA, 0x09AB, 0x0969,
    0x0107, 0x120C, 0x128E, 0x096A, 0x098A, 0x016A, 0x018B, 0x09EB, 0x1A4C, 0x1A2C, 0x0149, 0x09A9,
    0x2AEE, 0x0948, 0x00E6, 0x0969, 0x11EA, 0x1189, 0x0084, 0x00A4, 0x00E6, 0x00E6, 0x0063, 0x11A8,
    0x1188, 0x0063, 0x0084, 0x08C5, 0x0063, 0x0063, 0x0063, 0x0063, 0x0042, 0x0021, 0x0021, 0x0001,
    0x0001, 0x0021, 0x0021, 0x0042, 0x0063, 0x0063, 0x0063, 0x0084, 0x00A4, 0x0083, 0x0084, 0x0083,
    0x11A8, 0x1A0A, 0x00E6, 0x00A5, 0x00C5, 0x0947, 0x0947, 0x0968, 0x00E6, 0x22AD, 0x122B, 0x00C5,
    0x120B, 0x1A8E, 0x09CB, 0x0189, 0x1A6D, 0x22F0, 0x1B10, 0x2372, 0x1B32, 0x2BD3, 0x1A8E, 0x1A4D,
    0x11EC, 0x096A, 0x0969, 0x11EB, 0x124D, 0x0989, 0x09AA, 0x11AA, 0x00E7, 0x098A, 0x09AA, 0x0107,
    0x0907, 0x0107, 0x0106, 0x00E6, 0x08E6, 0x00E6, 0x0927, 0x0907, 0x00E6, 0x00C5, 0x00E6, 0x00E6,
    0x00A4, 0x0084, 0x0083, 0x0083, 0x0083, 0x0083, 0x0063, 0x0063, 0x0063, 0x0063, 0x0063, 0x0063,
    0x0063, 0x0062, 0x0062, 0x0062, 0x0062, 0x0062, 0x0042, 0x0042, 0x0042, 0x0042, 0x0042, 0x0042,
    0x0042, 0x0042, 0x0042, 0x0042, 0x0042, 0x0042, 0x0042, 0x0042, 0x0062, 0x0062, 0x0042, 0x0042,
    0x0042, 0x0042, 0x0042, 0x0042, 0x0042, 0x0042, 0x0042, 0x0042, 0x0042, 0x0042, 0x0042, 0x0042,
    0x0042, 0x0042, 0x0042, 0x0042, 0x0042, 0x0042, 0x0042, 0x0042, 0x0042, 0x0042, 0x0042, 0x0041,
    0x0041, 0x0042, 0x0042, 0x0042, 0x0042, 0x0041, 0x0042, 0x0042, 0x0041, 0x0042, 0x0041, 0x0041,
    0x0042, 0x0042, 0x0042, 0x0042, 0x0042, 0x0042, 0x0042, 0x0042, 0x0042, 0x0042, 0x0042, 0x0042,
    0x0042, 0x0042, 0x0042, 0x0042, 0x0042, 0x0042, 0x0042, 0x0042, 0x0042, 0x0042, 0x0042, 0x0042,
    0x0042, 0x0042, 0x0042, 0x0042, 0x0042, 0x0042, 0x0062, 0x0062, 0x0062, 0x0062, 0x0062, 0x0062,
    0x0063, 0x0063, 0x0063, 0x0063, 0x0063, 0x0083, 0x0083, 0x0083, 0x0083, 0x0083, 0x0084, 0x00A4,
    0x00E6, 0x00A4, 0x00C5, 0x00E6, 0x0107, 0x0106, 0x0907, 0x00E6, 0x08E6, 0x00E6, 0x00E6, 0x00E6,
    0x0107, 0x09CB, 0x0128, 0x0107, 0x11EB, 0x0969, 0x09AA, 0x122C, 0x11CA, 0x0149, 0x0969, 0x124D,
    0x1A8F, 0x2331, 0x2331, 0x128F, 0x2BD3, 0x2BB3, 0x2331, 0x122C, 0x0149, 0x0A0D, 0x22CF, 0x11CA,
    0x00E7, 0x1A4C, 0x1A0B, 0x00E7, 0x0127, 0x11A9, 0x0948, 0x00A5, 0x00A5, 0x0948, 0x19EA, 0x0947,
    0x0063, 0x00A4, 0x0083, 0x00A5, 0x0083, 0x0083, 0x0063, 0x0063, 0x0042, 0x0021, 0x0021, 0x0001,
    0x0001, 0x0021, 0x0022, 0x0043, 0x0063, 0x0083, 0x0083, 0x08C5, 0x0926, 0x0063, 0x00A4, 0x00C5,
    0x00A4, 0x11A9, 0x1A2B, 0x0947, 0x0927, 0x1189, 0x0927, 0x0107, 0x22CD, 0x1AAD, 0x0107, 0x226C,
    0x122C, 0x09EC, 0x1A8E, 0x22F0, 0x1B11, 0x2C15, 0x3C96, 0x2C35, 0x13B4, 0x4539, 0x1B93, 0x12AF,
    0x1AF0, 0x1B11, 0x122D, 0x09AB, 0x09CB, 0x120C, 0x0148, 0x09AA, 0x09CB, 0x0107, 0x09AB, 0x0969,
    0x0107, 0x0907, 0x0107, 0x0928, 0x0948, 0x0928, 0x0107, 0x0907, 0x0927, 0x0907, 0x00E6, 0x0107,
    0x00A4, 0x00A4, 0x0084, 0x0083, 0x0083, 0x0083, 0x0083, 0x0083, 0x0083, 0x0063, 0x0063, 0x0063,
    0x0063, 0x0062, 0x0062, 0x0062, 0x0062, 0x0062, 0x0062, 0x0062, 0x0062, 0x0062, 0x0042, 0x0042,
    0x0042, 0x0042, 0x0042, 0x0042, 0x0042, 0x0042, 0x0042, 0x0042, 0x0042, 0x0042, 0x0042, 0x0042,
    0x0042, 0x0042, 0x0042, 0x0042, 0x0042, 0x0042, 0x0042, 0x0042, 0x0042, 0x0042, 0x0042, 0x0042,
    0x0042, 0x0042, 0x0042, 0x0042, 0x0042, 0x0042, 0x0042, 0x0042, 0x0042, 0x0042, 0x0041, 0x0041,
    0x0042, 0x0042, 0x0042, 0x0042, 0x0041, 0x0041, 0x0042, 0x0042, 0x0041, 0x0041, 0x0041, 0x0041,
    0x0042, 0x0042, 0x0042, 0x0042, 0x0042, 0x0042, 0x0042, 0x0042, 0x0042, 0x0042, 0x0042, 0x0042,
    0x0042, 0x0042, 0x0042, 0x0042, 0x0042, 0x0042, 0x0042, 0x0042, 0x0042, 0x0042, 0x0042, 0x0042,
    0x0042, 0x0042, 0x0062, 0x0042, 0x0062, 0x0042, 0x0062, 0x0062, 0x0062, 0x0062, 0x0063, 0x0063,
    0x0063, 0x0063, 0x0083, 0x0083, 0x0083, 0x0083, 0x0084, 0x0084, 0x0084, 0x0084, 0x00A4, 0x00C5,
    0x00E6, 0x00C5, 0x0927, 0x0907, 0x00C6, 0x00E7, 0x0928, 0x0928, 0x0907, 0x00E6, 0x0106, 0x00E6,
    0x11CA, 0x0969, 0x0128, 0x120B, 0x0968, 0x0989, 0x09AA, 0x098A, 0x09CB, 0x1A8E, 0x22F0, 0x12AF,
    0x1290, 0x2373, 0x23B4, 0x1BD4, 0x2498, 0x1C36, 0x1B73, 0x1B11, 0x2331, 0x0A4E, 0x018A, 0x1A6E,
    0x1A4D, 0x0107, 0x332F, 0x11CA, 0x0107, 0x0969, 0x11CB, 0x00E6, 0x0989, 0x1A2B, 0x0947, 0x0084,
    0x00C5, 0x00A4, 0x0083, 0x0968, 0x0084, 0x0084, 0x0083, 0x0083, 0x0042, 0x0021, 0x0021, 0x0001,
    0x0021, 0x0022, 0x0022, 0x0063, 0x0063, 0x0083, 0x0083, 0x00A5, 0x00E6, 0x0083, 0x00A4, 0x00A4,
    0x0927, 0x0106, 0x00E5, 0x19EA, 0x1A4C, 0x0968, 0x00C6, 0x11A9, 0x22EE, 0x00E6, 0x226D, 0x09AB,
    0x018A, 0x2310, 0x2331, 0x12B0, 0x4496, 0x5559, 0x4519, 0x23D5, 0x1B53, 0x3C76, 0x23B4, 0x12F2,
    0x1333, 0x23D5, 0x3435, 0x124E, 0x098A, 0x0969, 0x11CB, 0x0969, 0x11EC, 0x098A, 0x0127, 0x09CB,
    0x0148, 0x0927, 0x0907, 0x0927, 0x0927, 0x0128, 0x09AA, 0x0949, 0x0928, 0x0928, 0x00E6, 0x00E6,
    0x00C5, 0x00A4, 0x00A4, 0x00A4, 0x0084, 0x0083, 0x0083, 0x0083, 0x0084, 0x0063, 0x0063, 0x0063,
    0x0063, 0x0063, 0x0062, 0x0062, 0x0062, 0x0062, 0x0062, 0x0062, 0x0062, 0x0062, 0x0042, 0x0042,
    0x0042, 0x0042, 0x0042, 0x0042, 0x0042, 0x0042, 0x0042, 0x0042, 0x0042, 0x0042, 0x0042, 0x0042,
    0x0042, 0x0042, 0x0042, 0x0042, 0x0042, 0x0042, 0x0042, 0x0042, 0x0042, 0x0042, 0x0042, 0x0042,
    0x0042, 0x0042, 0x0042, 0x0042, 0x0042, 0x0042, 0x0042, 0x0042, 0x0042, 0x0042, 0x0042, 0x0042,
    0x0042, 0x0042, 0x0042, 0x0042, 0x0042, 0x0042, 0x0041, 0x0041, 0x0042, 0x0041, 0x0041, 0x0041,
    0x0042, 0x0042, 0x0042, 0x0042, 0x0042, 0x0042, 0x0042, 0x0042, 0x0042, 0x0042, 0x0042, 0x0042,
    0x0042, 0x0042, 0x0042, 0x0042, 0x0042, 0x0042, 0x0042, 0x0042, 0x0042, 0x0042, 0x0042, 0x0042,
    0x0042, 0x0042, 0x0042, 0x0042, 0x0042, 0x0062, 0x0062, 0x0062, 0x0062, 0x0062, 0x0063, 0x0063,
    0x0063, 0x0063, 0x0063, 0x0083, 0x0083, 0x0083, 0x0083, 0x0084, 0x00A4, 0x00A4, 0x00A4, 0x00E6,
    0x00C5, 0x00E6, 0x0928, 0x0128, 0x1189, 0x0928, 0x0107, 0x0928, 0x0107, 0x0107, 0x0106, 0x0989,
    0x09AA, 0x0107, 0x11EB, 0x098A, 0x0989, 0x11CB, 0x0149, 0x09CB, 0x1ACF, 0x1B32, 0x1B32, 0x2353,
    0x1B12, 0x2394, 0x2C16, 0x1B75, 0x2C36, 0x34D8, 0x3D19, 0x2C56, 0x1290, 0x2331, 0x128E, 0x0129,
    0x122C, 0x120B, 0x0107, 0x228C, 0x00A5, 0x00A5, 0x0968, 0x124C, 0x0968, 0x00A4, 0x0107, 0x00C5,
    0x00A4, 0x00A4, 0x0084, 0x0927, 0x00A4, 0x0084, 0x0083, 0x0083, 0x0042, 0x0021, 0x0021, 0x0001,
    0x0021, 0x0022, 0x0042, 0x0063, 0x0083, 0x0083, 0x0084, 0x0083, 0x0063, 0x00A4, 0x00C5, 0x00A4,
    0x0948, 0x0106, 0x00C5, 0x00E6, 0x11CA, 0x1A8D, 0x0968, 0x09A9, 0x00E6, 0x226C, 0x09CA, 0x120B,
    0x22CF, 0x122E, 0x01CD, 0x128F, 0x2372, 0x0A90, 0x0AD1, 0x1334, 0x1B54, 0x1B53, 0x0A70, 0x1291,
    0x1270, 0x1AD1, 0x4CF8, 0x23B3, 0x126E, 0x09AB, 0x09AB, 0x09AA, 0x0969, 0x11EC, 0x0149, 0x098A,
    0x09AB, 0x0928, 0x0928, 0x0927, 0x0948, 0x00C7, 0x33D3, 0x33D3, 0x00C7, 0x0927, 0x0107, 0x00E6,
    0x0107, 0x00A4, 0x00A4, 0x00A4, 0x00A4, 0x0084, 0x0083, 0x0083, 0x0084, 0x0083, 0x0063, 0x0063,
    0x0063, 0x0063, 0x0062, 0x0062, 0x0062, 0x0062, 0x0062, 0x0062, 0x0062, 0x0062, 0x0042, 0x0062,
    0x0062, 0x0062, 0x0042, 0x0042, 0x0042, 0x0042, 0x0042, 0x0042, 0x0042, 0x0042, 0x0042, 0x0042,
    0x0042, 0x0042, 0x0042, 0x0042, 0x0042, 0x0042, 0x0042, 0x0042, 0x0042, 0x0042, 0x0042, 0x0042,
    0x0042, 0x0042, 0x0042, 0x0042, 0x0042, 0x0041, 0x0042, 0x0042, 0x0042, 0x0042, 0x0042, 0x0041,
    0x0042, 0x0042, 0x0041, 0x0041, 0x0042, 0x0042, 0x0042, 0x0042, 0x0042, 0x0041, 0x0041, 0x0041,
    0x0042, 0x0042, 0x0042, 0x0042, 0x0042, 0x0042, 0x0042, 0x0042, 0x0042, 0x0042, 0x0042, 0x0042,
    0x0042, 0x0042, 0x0042, 0x0042, 0x0042, 0x0042, 0x0042, 0x0042, 0x0042, 0x0042, 0x0042, 0x0042,
    0x0042, 0x0062, 0x0062, 0x0042, 0x0062, 0x0062, 0x0062, 0x0062, 0x0062, 0x0062, 0x0063, 0x0063,
    0x0063, 0x0063, 0x0083, 0x0083, 0x0083, 0x0083, 0x0084, 0x00A4, 0x00A4, 0x00A4, 0x00C5, 0x0107,
    0x00C5, 0x0107, 0x0107, 0x0149, 0x4518, 0x120C, 0x00E7, 0x0928, 0x0927, 0x0107, 0x0927, 0x120C,
    0x0148, 0x0969, 0x098A, 0x0948, 0x09AA, 0x096A, 0x09EC, 0x2310, 0x0A0D, 0x2352, 0x1B32, 0x0A91,
    0x0A91, 0x12F2, 0x23D6, 0x0B13, 0x1353, 0x0B13, 0x12B1, 0x3415, 0x1B32, 0x016A, 0x1A8E, 0x1AAF,
    0x098A, 0x1A4D, 0x120B, 0x00C6, 0x11C9, 0x0989, 0x126C, 0x09CA, 0x00E6, 0x00C5, 0x0106, 0x00E6,
    0x00A4, 0x00A4, 0x00A4, 0x0084, 0x00A5, 0x00A4, 0x0083, 0x0083, 0x0042, 0x0022, 0x0021, 0x0001,
    0x0021, 0x0022, 0x0042, 0x0063, 0x0084, 0x0084, 0x0083, 0x08E6, 0x0969, 0x00C5, 0x00E5, 0x0907,
    0x0968, 0x00E6, 0x0107, 0x11CA, 0x11CA, 0x0169, 0x2B30, 0x1A4C, 0x11A9, 0x1A4D, 0x018A, 0x2B71,
    0x0A2D, 0x016A, 0x126F, 0x0A8F, 0x12D1, 0x2BD4, 0x2BD5, 0x2479, 0x1D3B, 0x257B, 0x149A, 0x1BF7,
    0x1B12, 0x09CD, 0x09ED, 0x2373, 0x1B11, 0x126E, 0x018B, 0x098A, 0x098A, 0x09EC, 0x09EC, 0x0148,
    0x09AB, 0x0948, 0x0948, 0x0928, 0x0949, 0x0149, 0x122D, 0x2C14, 0x0108, 0x0128, 0x0928, 0x0107,
    0x0127, 0x00C6, 0x00C5, 0x00A5, 0x00A5, 0x00A4, 0x00A4, 0x0084, 0x0084, 0x0083, 0x0083, 0x0083,
    0x0063, 0x0063, 0x0063, 0x0063, 0x0063, 0x0062, 0x0062, 0x0062, 0x0062, 0x0062, 0x0062, 0x0062,
    0x0062, 0x0062, 0x0062, 0x0042, 0x0042, 0x0042, 0x0042, 0x0042, 0x0042, 0x0042, 0x0042, 0x0042,
    0x0042, 0x0042, 0x0042, 0x0042, 0x0042, 0x0042, 0x0062, 0x0042, 0x0042, 0x0042, 0x0042, 0x0042,
    0x0042, 0x0042, 0x0042, 0x0042, 0x0042, 0x0041, 0x0042, 0x0042, 0x0042, 0x0042, 0x0041, 0x0041,
    0x0042, 0x0042, 0x0042, 0x0042, 0x0042, 0x0041, 0x0042, 0x0042, 0x0042, 0x0041, 0x0041, 0x0041,
    0x0042, 0x0042, 0x0042, 0x0042, 0x0042, 0x0042, 0x0042, 0x0042, 0x0042, 0x0042, 0x0042, 0x0042,
    0x0042, 0x0042, 0x0042, 0x0042, 0x0042, 0x0042, 0x0042, 0x0042, 0x0062, 0x0062, 0x0042, 0x0042,
    0x0042, 0x0062, 0x0062, 0x0062, 0x0062, 0x0062, 0x0062, 0x0062, 0x0063, 0x0063, 0x0063, 0x0063,
    0x0083, 0x0083, 0x0084, 0x0084, 0x0083, 0x00A4, 0x00A4, 0x00A4, 0x00A5, 0x00C5, 0x0106, 0x0127,
    0x0107, 0x0127, 0x0107, 0x09EC, 0x23F4, 0x0129, 0x0949, 0x0949, 0x0128, 0x0107, 0x0989, 0x09AA,
    0x0148, 0x09EC, 0x098A, 0x0969, 0x098A, 0x09AB, 0x22CF, 0x0A4E, 0x1AD1, 0x122E, 0x01ED, 0x1B53,
    0x2458, 0x1CBA, 0x253A, 0x14B9, 0x24DA, 0x2C78, 0x23B4, 0x0A2F, 0x1AF1, 0x128F, 0x0129, 0x1AD0,
    0x12B0, 0x0149, 0x1A8E, 0x0948, 0x22CE, 0x1A4C, 0x0128, 0x09CA, 0x0989, 0x00E6, 0x00E6, 0x0948,
    0x00E6, 0x00C5, 0x08E6, 0x11CA, 0x00A5, 0x00A4, 0x00A4, 0x00A4, 0x0043, 0x0022, 0x0021, 0x0021,
    0x0021, 0x0042, 0x0042, 0x0063, 0x00A4, 0x00A4, 0x0084, 0x08E6, 0x09AA, 0x00E6, 0x00E6, 0x0969,
    0x0948, 0x00E6, 0x0927, 0x11EA, 0x120C, 0x0169, 0x1A8D, 0x0968, 0x1ACE, 0x0169, 0x22EF, 0x128F,
    0x018B, 0x09EC, 0x128F, 0x1B31, 0x2394, 0x2417, 0x2499, 0x463D, 0x7F5E, 0x8F7E, 0x5E9E, 0x1CB9,
    0x1396, 0x2374, 0x120E, 0x09AC, 0x128F, 0x1B11, 0x122D, 0x09EC, 0x09AB, 0x09AB, 0x09EC, 0x016A,
    0x09AB, 0x09AA, 0x0928, 0x0948, 0x0969, 0x096A, 0x016A, 0x23B3, 0x0A0C, 0x0149, 0x0949, 0x0107,
    0x0128, 0x0107, 0x00C5, 0x00C5, 0x00A5, 0x00A4, 0x00A4, 0x00A4, 0x0084, 0x0083, 0x0083, 0x0063,
    0x0083, 0x0063, 0x0063, 0x0063, 0x0063, 0x0062, 0x0062, 0x0062, 0x0062, 0x0062, 0x0062, 0x0062,
    0x0062, 0x0062, 0x0062, 0x0062, 0x0042, 0x0042, 0x0062, 0x0042, 0x0042, 0x0042, 0x0042, 0x0042,
    0x0042, 0x0042, 0x0042, 0x0042, 0x0042, 0x0042, 0x0042, 0x0062, 0x0042, 0x0042, 0x0042, 0x0042,
    0x0042, 0x0042, 0x0042, 0x0042, 0x0042, 0x0042, 0x0042, 0x0042, 0x0042, 0x0042, 0x0041, 0x0042,
    0x0042, 0x0041, 0x0042, 0x0042, 0x0041, 0x0041, 0x0042, 0x0042, 0x0042, 0x0042, 0x0042, 0x0041,
    0x0042, 0x0042, 0x0042, 0x0042, 0x0042, 0x0042, 0x0042, 0x0042, 0x0042, 0x0042, 0x0042, 0x0042,
    0x0042, 0x0042, 0x0042, 0x0042, 0x0042, 0x0042, 0x0042, 0x0062, 0x0042, 0x0042, 0x0042, 0x0062,
    0x0042, 0x0062, 0x0062, 0x0062, 0x0062, 0x0062, 0x0063, 0x0063, 0x0063, 0x0063, 0x0083, 0x0063,
    0x0083, 0x0083, 0x0084, 0x00A4, 0x00A4, 0x00A4, 0x00A4, 0x00C5, 0x00C5, 0x00C5, 0x0948, 0x0107,
    0x0107, 0x0969, 0x016A, 0x128E, 0x126F, 0x0128, 0x0949, 0x0148, 0x0148, 0x0128, 0x09EB, 0x0969,
    0x0969, 0x09AA, 0x09AA, 0x09AA, 0x09EC, 0x22D0, 0x0A4E, 0x126F, 0x0A2E, 0x126F, 0x2374, 0x13B6,
    0x251B, 0x5E9E, 0x8F5E, 0x771E, 0x25DC, 0x1C78, 0x2C57, 0x2BF5, 0x1AF1, 0x1AF1, 0x126F, 0x016A,
    0x2393, 0x09EC, 0x09AA, 0x1A6D, 0x0148, 0x122D, 0x0128, 0x124C, 0x0148, 0x0107, 0x00E7, 0x0969,
    0x0148, 0x00E6, 0x0107, 0x11CA, 0x00A4, 0x00A4, 0x00A4, 0x00A4, 0x0043, 0x0022, 0x0022, 0x0021,
    0x0021, 0x0042, 0x0042, 0x0083, 0x0084, 0x0084, 0x00A4, 0x00A4, 0x00A5, 0x00E6, 0x00E6, 0x0969,
    0x0127, 0x0107, 0x0948, 0x120C, 0x0969, 0x11CB, 0x0A0C, 0x09EB, 0x120C, 0x09AA, 0x1A6D, 0x09CB,
    0x0A0C, 0x126E, 0x1AD0, 0x2373, 0x0B14, 0x1C17, 0x6F3E, 0x7F3E, 0x8F5E, 0x9F9F, 0x977F, 0x877E,
    0x3D5A, 0x0B76, 0x1B12, 0x09ED, 0x122E, 0x1B12, 0x1AF0, 0x122D, 0x09CB, 0x098A, 0x09CB, 0x09AB,
    0x098A, 0x09EC, 0x0148, 0x0949, 0x0969, 0x096A, 0x016A, 0x2392, 0x1ACF, 0x0129, 0x098A, 0x0149,
    0x0149, 0x0928, 0x00E6, 0x00E6, 0x00C5, 0x00A4, 0x00A4, 0x00A4, 0x00A4, 0x0083, 0x0063, 0x0063,
    0x0083, 0x0063, 0x0063, 0x0063, 0x0062, 0x0062, 0x0062, 0x0062, 0x0062, 0x0062, 0x0062, 0x0062,
    0x0062, 0x0062, 0x0062, 0x0042, 0x0042, 0x0042, 0x0062, 0x0042, 0x0042, 0x0042, 0x0042, 0x0042,
    0x0042, 0x0042, 0x0042, 0x0042, 0x0042, 0x0042, 0x0042, 0x0062, 0x0042, 0x0042, 0x0042, 0x0042,
    0x0042, 0x0042, 0x0042, 0x0042, 0x0042, 0x0042, 0x0042, 0x0042, 0x0042, 0x0041, 0x0042, 0x0042,
    0x0042, 0x0041, 0x0042, 0x0042, 0x0041, 0x0041, 0x0041, 0x0041, 0x0042, 0x0042, 0x0042, 0x0041,
    0x0041, 0x0042, 0x0042, 0x0042, 0x0042, 0x0042, 0x0042, 0x0042, 0x0042, 0x0042, 0x0042, 0x0042,
    0x0042, 0x0042, 0x0042, 0x0042, 0x0042, 0x0042, 0x0042, 0x0042, 0x0042, 0x0042, 0x0042, 0x0042,
    0x0062, 0x0062, 0x0062, 0x0062, 0x0062, 0x0062, 0x0062, 0x0062, 0x0062, 0x0063, 0x0083, 0x0083,
    0x0083, 0x0083, 0x0084, 0x00A4, 0x00A4, 0x00A4, 0x00A4, 0x00C5, 0x00E6, 0x00E6, 0x0948, 0x0128,
    0x0969, 0x096A, 0x016A, 0x2BD3, 0x0A2D, 0x0128, 0x0948, 0x0128, 0x0148, 0x0969, 0x09EC, 0x0969,
    0x09AA, 0x09AA, 0x0969, 0x09AB, 0x126E, 0x1AD0, 0x12D1, 0x0A2E, 0x0A2E, 0x1B53, 0x13B6, 0x45BB,
    0x7F5E, 0x877E, 0xA79F, 0x8F5E, 0x675F, 0x359B, 0x1376, 0x1B75, 0x2353, 0x09ED, 0x1AF1, 0x124E,
    0x09AB, 0x1AAE, 0x0128, 0x1A8E, 0x018A, 0x126D, 0x0128, 0x1189, 0x09AA, 0x0128, 0x0107, 0x0148,
    0x0128, 0x00C6, 0x00C6, 0x0084, 0x00A4, 0x00A4, 0x0084, 0x0084, 0x0063, 0x0022, 0x0022, 0x0021,
    0x0021, 0x0042, 0x0042, 0x0083, 0x0084, 0x0084, 0x00A4, 0x00C5, 0x00E6, 0x0107, 0x0127, 0x0989,
    0x0107, 0x0148, 0x0A0C, 0x120C, 0x0148, 0x1A4C, 0x09AA, 0x1ACF, 0x0A2D, 0x128E, 0x09CC, 0x122D,
    0x126E, 0x128F, 0x1B12, 0x0AF3, 0x1C17, 0x3D39, 0x2C98, 0x1C18, 0x2499, 0x24B9, 0x1CB9, 0x45DC,
    0x7F9F, 0x34F8, 0x1314, 0x12D1, 0x09ED, 0x126F, 0x1B32, 0x124E, 0x09AB, 0x09AB, 0x09EC, 0x09EC,
    0x016A, 0x0A0D, 0x098A, 0x0969, 0x0949, 0x098A, 0x018B, 0x1B11, 0x2371, 0x012A, 0x09ED, 0x09AB,
    0x0169, 0x0969, 0x0107, 0x00E6, 0x00E6, 0x00C5, 0x00A4, 0x00A4, 0x00A4, 0x0084, 0x0083, 0x0083,
    0x0083, 0x0083, 0x0063, 0x0063, 0x0063, 0x0062, 0x0062, 0x0062, 0x0062, 0x0062, 0x0062, 0x0062,
    0x0062, 0x0062, 0x0062, 0x0042, 0x0042, 0x0042, 0x0042, 0x0042, 0x0042, 0x0042, 0x0042, 0x0042,
    0x0042, 0x0042, 0x0042, 0x0042, 0x0042, 0x0042, 0x0042, 0x0042, 0x0042, 0x0042, 0x0042, 0x0042,
    0x0042, 0x0042, 0x0042, 0x0042, 0x0042, 0x0042, 0x0042, 0x0042, 0x0042, 0x0042, 0x0041, 0x0042,
    0x0042, 0x0041, 0x0042, 0x0041, 0x0041, 0x0041, 0x0042, 0x0042, 0x0042, 0x0042, 0x0042, 0x0041,
    0x0042, 0x0042, 0x0042, 0x0042, 0x0042, 0x0042, 0x0042, 0x0042, 0x0042, 0x0042, 0x0042, 0x0042,
    0x0042, 0x0042, 0x0042, 0x0042, 0x0042, 0x0042, 0x0042, 0x0042, 0x0042, 0x0042, 0x0042, 0x0042,
    0x0062, 0x0062, 0x0062, 0x0062, 0x0062, 0x0062, 0x0062, 0x0062, 0x0063, 0x0063, 0x0083, 0x0083,
    0x0083, 0x0083, 0x00A4, 0x00A4, 0x00A4, 0x00C5, 0x00C5, 0x00E6, 0x0106, 0x0927, 0x0969, 0x0128,
    0x09CC, 0x01AB, 0x016A, 0x2BF4, 0x09CD, 0x0169, 0x0949, 0x0148, 0x0149, 0x09CB, 0x09AA, 0x098A,
    0x09EC, 0x11EB, 0x098A, 0x09EC, 0x1AF0, 0x0A0D, 0x122E, 0x0A2E, 0x1B33, 0x0B13, 0x4DFB, 0x6F1E,
    0x2D5A, 0x24DA, 0x24B9, 0x1C59, 0x2479, 0x2498, 0x1BF6, 0x12F2, 0x12D2, 0x12B0, 0x0A2E, 0x1A8F,
    0x0149, 0x122C, 0x0A0C, 0x126E, 0x1A8E, 0x09EC, 0x0989, 0x0989, 0x0A0D, 0x018A, 0x0128, 0x0127,
    0x0969, 0x00E7, 0x00E6, 0x00E6, 0x00C5, 0x00A4, 0x0084, 0x00A4, 0x0063, 0x0042, 0x0022, 0x0021,
    0x0022, 0x0042, 0x0042, 0x0084, 0x00E6, 0x00E6, 0x00E6, 0x0948, 0x120C, 0x0969, 0x09AA, 0x0A0C,
    0x018A, 0x09EC, 0x128F, 0x1AAF, 0x09AA, 0x122C, 0x01AA, 0x23B3, 0x0A8F, 0x12F0, 0x09EC, 0x0A0D,
    0x128F, 0x2352, 0x1333, 0x1BB4, 0x3D19, 0x1BB5, 0x1334, 0x1BB6, 0x2458, 0x2437, 0x1BB6, 0x1396,
    0x2CD9, 0x773F, 0x2417, 0x12F3, 0x124E, 0x0A2E, 0x1AD1, 0x1AAF, 0x09CC, 0x09CB, 0x120D, 0x0A0D,
    0x09AB, 0x122E, 0x09EC, 0x098A, 0x098A, 0x09AB, 0x01AB, 0x128F, 0x2C35, 0x01EE, 0x0A4E, 0x09ED,
    0x09AB, 0x09EC, 0x0149, 0x0148, 0x0127, 0x0106, 0x00E5, 0x00C5, 0x00C5, 0x00A4, 0x00A4, 0x0084,
    0x0084, 0x0083, 0x0083, 0x0083, 0x0063, 0x0062, 0x0062, 0x0062, 0x0062, 0x0062, 0x0062, 0x0062,
    0x0062, 0x0062, 0x0062, 0x0062, 0x0062, 0x0062, 0x0062, 0x0062, 0x0062, 0x0062, 0x0062, 0x0042,
    0x0042, 0x0042, 0x0042, 0x0042, 0x0042, 0x0042, 0x0042, 0x0042, 0x0042, 0x0042, 0x0042, 0x0062,
    0x0042, 0x0042, 0x0042, 0x0042, 0x0042, 0x0042, 0x0042, 0x0042, 0x0042, 0x0042, 0x0042, 0x0042,
    0x0042, 0x0042, 0x0042, 0x0041, 0x0042, 0x0042, 0x0042, 0x0042, 0x0042, 0x0042, 0x0042, 0x0042,
    0x0042, 0x0042, 0x0042, 0x0041, 0x0041, 0x0042, 0x0042, 0x0042, 0x0042, 0x0042, 0x0042, 0x0042,
    0x0042, 0x0042, 0x0042, 0x0042, 0x0062, 0x0062, 0x0042, 0x0062, 0x0042, 0x0042, 0x0062, 0x0042,
    0x0042, 0x0062, 0x0062, 0x0062, 0x0062, 0x0062, 0x0063, 0x0063, 0x0083, 0x0083, 0x0084, 0x0083,
    0x0084, 0x0084, 0x00A5, 0x00C5, 0x00C5, 0x00E6, 0x0127, 0x0949, 0x0948, 0x098A, 0x09EC, 0x09CC,
    0x0A2E, 0x01ED, 0x124E, 0x2BD3, 0x016B, 0x098A, 0x096A, 0x096A, 0x0169, 0x0A0D, 0x09EC, 0x09AB,
    0x09EC, 0x09ED, 0x09EC, 0x124E, 0x1AD0, 0x0A2E, 0x09ED, 0x12B0, 0x1313, 0x4539, 0x6EFE, 0x13F7,
    0x1B95, 0x1BB6, 0x2417, 0x23F7, 0x1B96, 0x1314, 0x23F6, 0x1B74, 0x0AB1, 0x1B54, 0x0A6F, 0x0A2E,
    0x0A0D, 0x0A0C, 0x12B0, 0x1331, 0x23D4, 0x09AB, 0x0A2D, 0x09EC, 0x12D0, 0x0A4E, 0x01AB, 0x09CB,
    0x0A2D, 0x0169, 0x0969, 0x11EB, 0x0107, 0x00E6, 0x00E6, 0x00E6, 0x0084, 0x0042, 0x0042, 0x0021,
    0x0022, 0x0042, 0x0042, 0x0084, 0x00C5, 0x00E6, 0x00E6, 0x0907, 0x0149, 0x0128, 0x0969, 0x0A0D,
    0x020E, 0x0A4F, 0x12D1, 0x1312, 0x0A2E, 0x126E, 0x0A4E, 0x2CB7, 0x1311, 0x1AF0, 0x09AB, 0x124E,
    0x12B0, 0x1312, 0x1333, 0x2C56, 0x1B53, 0x12F3, 0x23F7, 0x2CB9, 0x3D9B, 0x459B, 0x2C99, 0x1B95,
    0x1355, 0x459B, 0x3D9B, 0x0AB2, 0x1290, 0x0A2E, 0x126F, 0x1B12, 0x126F, 0x09EC, 0x0A0D, 0x0A2E,
    0x0A0D, 0x126F, 0x124E, 0x09AB, 0x09AC, 0x09AB, 0x01AB, 0x0A8F, 0x2C76, 0x020F, 0x0A90, 0x0A4F,
    0x09ED, 0x0A2E, 0x09EC, 0x018B, 0x0149, 0x0107, 0x00E6, 0x00C5, 0x00A4, 0x00A4, 0x00A4, 0x0084,
    0x00A4, 0x0083, 0x0083, 0x0063, 0x0063, 0x0062, 0x0062, 0x0062, 0x0062, 0x0062, 0x0062, 0x0062,
    0x0042, 0x0042, 0x0062, 0x0042, 0x0042, 0x0042, 0x0062, 0x0042, 0x0042, 0x0042, 0x0042, 0x0042,
    0x0042, 0x0042, 0x0042, 0x0042, 0x0042, 0x0042, 0x0042, 0x0042, 0x0042, 0x0042, 0x0042, 0x0042,
    0x0062, 0x0042, 0x0042, 0x0042, 0x0042, 0x0041, 0x0042, 0x0042, 0x0042, 0x0042, 0x0042, 0x0042,
    0x0042, 0x0042, 0x0041, 0x0042, 0x0042, 0x0042, 0x0042, 0x0042, 0x0042, 0x0042, 0x0041, 0x0042,
    0x0041, 0x0042, 0x0042, 0x0041, 0x0042, 0x0042, 0x0042, 0x0042, 0x0042, 0x0042, 0x0042, 0x0042,
    0x0042, 0x0042, 0x0042, 0x0042, 0x0042, 0x0042, 0x0042, 0x0042, 0x0042, 0x0062, 0x0062, 0x0062,
    0x0042, 0x0042, 0x0062, 0x0062, 0x0062, 0x0062, 0x0063, 0x0063, 0x0063, 0x0063, 0x0084, 0x0084,
    0x0084, 0x00A4, 0x00A4, 0x00C5, 0x00E6, 0x0107, 0x0948, 0x018A, 0x01CC, 0x0A0D, 0x0A4F, 0x0A70,
    0x1290, 0x01EE, 0x128F, 0x23B3, 0x016B, 0x098A, 0x098B, 0x09AB, 0x098A, 0x126E, 0x0A0D, 0x09ED,
    0x0A0D, 0x09EC, 0x0A0D, 0x1AD0, 0x12B0, 0x0A2E, 0x0A0D, 0x12D1, 0x1334, 0x6EDD, 0x2C98, 0x1B54,
    0x1B74, 0x2CD9, 0x45DC, 0x355B, 0x2458, 0x1B95, 0x1334, 0x2416, 0x1313, 0x1313, 0x12F1, 0x124E,
    0x0A0D, 0x09ED, 0x2352, 0x1312, 0x23F5, 0x09ED, 0x0A6F, 0x0A90, 0x1B12, 0x0A4F, 0x0A2F, 0x0A0E,
    0x09EC, 0x0148, 0x0128, 0x0107, 0x00E6, 0x00E6, 0x00C6, 0x00C5, 0x0063, 0x0042, 0x0042, 0x0021,
    0x0021, 0x0042, 0x0042, 0x00A4, 0x00C5, 0x00E6, 0x0128, 0x0128, 0x0149, 0x01AB, 0x0A0D, 0x0AB1,
    0x0B34, 0x0C78, 0x14F9, 0x1498, 0x0B34, 0x12D1, 0x1B11, 0x1C77, 0x1312, 0x12AF, 0x09AB, 0x128F,
    0x12D1, 0x1BD5, 0x1375, 0x2416, 0x12F2, 0x1B54, 0x34FA, 0x5E9D, 0x8F3E, 0x7F3E, 0x463D, 0x2458,
    0x1B55, 0x1BF7, 0x1C38, 0x12F3, 0x0A90, 0x0A2E, 0x0A70, 0x1B54, 0x0AB1, 0x0A4F, 0x0A2F, 0x124F,
    0x0A4F, 0x0AD1, 0x0AD2, 0x01ED, 0x09AB, 0x09EC, 0x0A0D, 0x0AD1, 0x3CF8, 0x0251, 0x0AB1, 0x0B13,
    0x0354, 0x03D5, 0x0375, 0x0291, 0x01AC, 0x0128, 0x0107, 0x00E6, 0x00E6, 0x00A4, 0x00A4, 0x0084,
    0x0084, 0x0083, 0x0063, 0x0062, 0x0062, 0x0062, 0x0062, 0x0062, 0x0062, 0x0062, 0x0062, 0x0062,
    0x0062, 0x0062, 0x0062, 0x0042, 0x0042, 0x0042, 0x0062, 0x0042, 0x0042, 0x0042, 0x0042, 0x0042,
    0x0042, 0x0042, 0x0042, 0x0042, 0x0042, 0x0042, 0x0042, 0x0042, 0x0042, 0x0042, 0x0042, 0x0042,
    0x0042, 0x0042, 0x0042, 0x0042, 0x0041, 0x0041, 0x0041, 0x0042, 0x0042, 0x0042, 0x0042, 0x0042,
    0x0041, 0x0042, 0x0042, 0x0042, 0x0041, 0x0042, 0x0042, 0x0041, 0x0041, 0x0042, 0x0041, 0x0041,
    0x0041, 0x0041, 0x0042, 0x0042, 0x0042, 0x0042, 0x0042, 0x0042, 0x0042, 0x0042, 0x0042, 0x0042,
    0x0042, 0x0042, 0x0042, 0x0042, 0x0042, 0x0042, 0x0042, 0x0042, 0x0042, 0x0062, 0x0042, 0x0042,
    0x0062, 0x0062, 0x0042, 0x0042, 0x0062, 0x0042, 0x0062, 0x0062, 0x0063, 0x0063, 0x0083, 0x0083,
    0x0084, 0x0084, 0x08E5, 0x08E6, 0x0107, 0x096A, 0x018B, 0x020E, 0x0B13, 0x0BF7, 0x0C37, 0x0396,
    0x0B34, 0x020F, 0x12D0, 0x2BF5, 0x01CE, 0x09CD, 0x09AC, 0x09CC, 0x022E, 0x0B12, 0x0291, 0x0A70,
    0x124E, 0x0A0D, 0x020E, 0x1312, 0x12D1, 0x0A2E, 0x1290, 0x0AF3, 0x2C37, 0x5E7C, 0x1355, 0x1354,
    0x34D9, 0x567D, 0x975E, 0x873F, 0x45FC, 0x2458, 0x1314, 0x1B95, 0x1395, 0x1333, 0x1374, 0x0A70,
    0x0A4F, 0x0A0E, 0x1B53, 0x12F2, 0x2436, 0x0A90, 0x0AB1, 0x1354, 0x1CB8, 0x0C98, 0x0C17, 0x0AF3,
    0x0A4F, 0x018B, 0x018A, 0x0149, 0x0107, 0x0107, 0x00E6, 0x00C6, 0x0083, 0x0042, 0x0042, 0x0021,
    0x0022, 0x0042, 0x0042, 0x00E6, 0x0989, 0x0989, 0x09EB, 0x0A2D, 0x124E, 0x12D0, 0x1BB4, 0x2457,
    0x1D3A, 0x6F3E, 0xBFDF, 0x467D, 0x14B9, 0x1C37, 0x3497, 0x4E1C, 0x1C36, 0x1B11, 0x12B0, 0x1B53,
    0x1BD5, 0x665C, 0x353A, 0x2416, 0x1333, 0x23B5, 0x3DDC, 0x9F9F, 0xFFFF, 0xEFDF, 0x7F3F, 0x3D5A,
    0x1B54, 0x23B5, 0x2CF9, 0x1B95, 0x1312, 0x12B0, 0x12F2, 0x3CD8, 0x3D19, 0x0B33, 0x1312, 0x1B73,
    0x0BB5, 0x55BA, 0x765D, 0x0B95, 0x126F, 0x12B0, 0x1333, 0x13D6, 0x2C98, 0x13B6, 0x1C37, 0x251A,
    0x3E7E, 0x975E, 0x569D, 0x1D1A, 0x1B53, 0x0A4E, 0x09EC, 0x09CB, 0x098A, 0x0927, 0x0927, 0x0907,
    0x00E6, 0x00C5, 0x00A4, 0x00A4, 0x00A4, 0x0084, 0x0083, 0x0083, 0x0083, 0x0063, 0x0063, 0x0062,
    0x0063, 0x0063, 0x0062, 0x0062, 0x0062, 0x0062, 0x0062, 0x0062, 0x0062, 0x0062, 0x0062, 0x0062,
    0x0042, 0x0042, 0x0042, 0x0042, 0x0042, 0x0042, 0x0042, 0x0042, 0x0042, 0x0042, 0x0042, 0x0042,
    0x0042, 0x0042, 0x0042, 0x0042, 0x0041, 0x0041, 0x0041, 0x0042, 0x0042, 0x0042, 0x0042, 0x0042,
    0x0042, 0x0042, 0x0042, 0x0042, 0x0042, 0x0042, 0x0042, 0x0042, 0x0042, 0x0042, 0x0041, 0x0042,
    0x0042, 0x0041, 0x0041, 0x0042, 0x0042, 0x0042, 0x0042, 0x0042, 0x0042, 0x0042, 0x0042, 0x0042,
    0x0042, 0x0062, 0x0042, 0x0062, 0x0062, 0x0062, 0x0062, 0x0062, 0x0062, 0x0062, 0x0062, 0x0062,
    0x0062, 0x0063, 0x0063, 0x0063, 0x0083, 0x0084, 0x00A4, 0x00A4, 0x00A4, 0x00C4, 0x00E5, 0x00E5,
    0x0106, 0x0927, 0x0969, 0x0989, 0x09EC, 0x128F, 0x1332, 0x1C36, 0x25BC, 0x7F3F, 0x8F7F, 0x2E3D,
    0x24D9, 0x1394, 0x1BB4, 0x2457, 0x1354, 0x12D1, 0x0A6F, 0x0A6F, 0x2437, 0x8EDE, 0x24D9, 0x1395,
    0x1B53, 0x12B0, 0x1354, 0x4D9A, 0x23F5, 0x0AF2, 0x1B74, 0x1BD6, 0x3D19, 0x4E1B, 0x1334, 0x2395,
    0x45FC, 0x9F7F, 0xFFFF, 0xEFFF, 0x7F1E, 0x2CFA, 0x1B34, 0x1B33, 0x1BD6, 0x4DDB, 0x3D5A, 0x0B34,
    0x1333, 0x12D1, 0x23D5, 0x2498, 0x4E7D, 0x2437, 0x1C57, 0x1D3B, 0x56FE, 0xBFDF, 0x467E, 0x14B9,
    0x1BF5, 0x1332, 0x0A8F, 0x0A4E, 0x0A0C, 0x09AA, 0x098A, 0x0989, 0x00A4, 0x0042, 0x0042, 0x0022,
    0x0042, 0x0042, 0x0063, 0x00E6, 0x018A, 0x098A, 0x09EC, 0x0A4E, 0x12B0, 0x1312, 0x23B4, 0x2498,
    0x259B, 0x7F7F, 0xCFFF, 0x469E, 0x1CB9, 0x1C17, 0x3CF9, 0x565C, 0x2456, 0x1B73, 0x12F2, 0x1B94,
    0x1BB5, 0x5E5C, 0x355A, 0x2C15, 0x12F2, 0x1BB5, 0x45FC, 0xA79F, 0xFFFF, 0xF7FF, 0x7F3F, 0x355B,
    0x1B95, 0x23B5, 0x2D7B, 0x23F7, 0x1B33, 0x12B0, 0x12F1, 0x44B7, 0x4519, 0x1313, 0x1B33, 0x1BD5,
    0x13F7, 0x5DFC, 0x7EBE, 0x13F7, 0x12B0, 0x12D1, 0x1374, 0x1C17, 0x2D3A, 0x1BF6, 0x2498, 0x2D7B,
    0x4EBE, 0xB7BF, 0x6EFE, 0x1CFA, 0x1B93, 0x0A8F, 0x0A2D, 0x09CB, 0x09AA, 0x0948, 0x0927, 0x0907,
    0x0107, 0x00C5, 0x00C5, 0x00A4, 0x00A4, 0x00A4, 0x0083, 0x0083, 0x0083, 0x0063, 0x0063, 0x0063,
    0x0063, 0x0063, 0x0063, 0x0062, 0x0062, 0x0062, 0x0062, 0x0062, 0x0062, 0x0062, 0x0062, 0x0062,
    0x0062, 0x0062, 0x0042, 0x0042, 0x0042, 0x0042, 0x0042, 0x0042, 0x0042, 0x0042, 0x0042, 0x0042,
    0x0042, 0x0042, 0x0042, 0x0042, 0x0042, 0x0042, 0x0041, 0x0042, 0x0042, 0x0042, 0x0042, 0x0042,
    0x0042, 0x0042, 0x0042, 0x0042, 0x0041, 0x0042, 0x0042, 0x0041, 0x0042, 0x0042, 0x0042, 0x0041,
    0x0042, 0x0042, 0x0042, 0x0042, 0x0042, 0x0042, 0x0042, 0x0042, 0x0042, 0x0042, 0x0042, 0x0042,
    0x0042, 0x0062, 0x0062, 0x0062, 0x0062, 0x0062, 0x0062, 0x0062, 0x0062, 0x0063, 0x0063, 0x0062,
    0x0062, 0x0063, 0x0083, 0x0083, 0x0084, 0x0084, 0x00A4, 0x00A4, 0x00A4, 0x00C5, 0x0906, 0x08E6,
    0x0106, 0x0948, 0x098A, 0x09AA, 0x09CB, 0x124E, 0x1B73, 0x2477, 0x2DBC, 0x8F7F, 0x9FBF, 0x361D,
    0x251A, 0x13F6, 0x2437, 0x3477, 0x0B54, 0x12F2, 0x0A6F, 0x0A6F, 0x2457, 0x973E, 0x2D19, 0x1353,
    0x1B53, 0x12B1, 0x1374, 0x5DDB, 0x2C98, 0x0AD2, 0x1B54, 0x2417, 0x3D19, 0x4E1B, 0x1334, 0x23D6,
    0x3DDC, 0xA77F, 0xFFFF, 0xF7FF, 0x6EFE, 0x2CF9, 0x1B54, 0x1B53, 0x2437, 0x561D, 0x4DBB, 0x1375,
    0x1B12, 0x126F, 0x2394, 0x2CB8, 0x66FD, 0x2457, 0x1C78, 0x1D7B, 0x5EFF, 0xC7DF, 0x469D, 0x1CD9,
    0x2458, 0x1B95, 0x12D1, 0x0A4E, 0x0A2D, 0x09CB, 0x018A, 0x0989, 0x00A5, 0x0042, 0x0042, 0x0022,
    0x0021, 0x0042, 0x0062, 0x00A4, 0x00E6, 0x0107, 0x0128, 0x0128, 0x098B, 0x01AB, 0x09ED, 0x0B13,
    0x0B75, 0x14D9, 0x1D7B, 0x14B9, 0x0B54, 0x1312, 0x1332, 0x1415, 0x12F1, 0x1AF1, 0x0A0E, 0x126F,
    0x12B0, 0x1BB4, 0x1312, 0x23F5, 0x12D1, 0x1B54, 0x34FA, 0x66DE, 0x9F7F, 0x8F7F, 0x463D, 0x2458,
    0x1B75, 0x2C17, 0x2D3B, 0x12F4, 0x12F2, 0x126F, 0x0A4E, 0x1311, 0x0A90, 0x0A0E, 0x0A0D, 0x1290,
    0x0AB1, 0x0B13, 0x0313, 0x0A2F, 0x09AC, 0x09ED, 0x0A4F, 0x0AB1, 0x34B7, 0x0A50, 0x0AD2, 0x0B55,
    0x03D7, 0x0C79, 0x03B6, 0x0270, 0x01AC, 0x098A, 0x0149, 0x00E6, 0x0906, 0x00A5, 0x00A4, 0x0063,
    0x0084, 0x0083, 0x0063, 0x0063, 0x0063, 0x0062, 0x0042, 0x0042, 0x0062, 0x0062, 0x0062, 0x0062,
    0x0062, 0x0062, 0x0062, 0x0042, 0x0042, 0x0042, 0x0062, 0x0042, 0x0042, 0x0042, 0x0042, 0x0042,
    0x0042, 0x0042, 0x0042, 0x0042, 0x0042, 0x0042, 0x0062, 0x0042, 0x0042, 0x0042, 0x0042, 0x0042,
    0x0042, 0x0042, 0x0042, 0x0042, 0x0041, 0x0041, 0x0042, 0x0042, 0x0042, 0x0042, 0x0042, 0x0042,
    0x0042, 0x0042, 0x0042, 0x0041, 0x0041, 0x0042, 0x0041, 0x0042, 0x0042, 0x0041, 0x0041, 0x0041,
    0x0041, 0x0041, 0x0042, 0x0042, 0x0042, 0x0042, 0x0042, 0x0042, 0x0042, 0x0042, 0x0042, 0x0042,
    0x0042, 0x0042, 0x0042, 0x0042, 0x0042, 0x0042, 0x0042, 0x0042, 0x0062, 0x0062, 0x0042, 0x0042,
    0x0042, 0x0042, 0x0042, 0x0062, 0x0062, 0x0062, 0x0062, 0x0062, 0x0063, 0x0063, 0x0084, 0x0084,
    0x0084, 0x0084, 0x08E6, 0x0907, 0x00E6, 0x0128, 0x01AC, 0x0250, 0x0B34, 0x0C17, 0x0C58, 0x0354,
    0x0B13, 0x0271, 0x1B74, 0x3436, 0x020F, 0x09ED, 0x09AB, 0x01AB, 0x022F, 0x0B34, 0x0A91, 0x0A2E,
    0x0A0D, 0x0A0D, 0x022F, 0x1333, 0x12F2, 0x0A4F, 0x0A2E, 0x0AB2, 0x23D5, 0x567C, 0x1B75, 0x1B75,
    0x34D9, 0x66BE, 0xA79F, 0x9F7F, 0x4E3D, 0x2437, 0x12D2, 0x2374, 0x1C37, 0x1374, 0x1BB5, 0x0AD2,
    0x0A2E, 0x09AB, 0x12F1, 0x1312, 0x3D59, 0x0AB1, 0x1313, 0x1375, 0x1499, 0x14B9, 0x0C17, 0x0AF4,
    0x0A91, 0x09CC, 0x098B, 0x016A, 0x0128, 0x0128, 0x00E6, 0x00C6, 0x0084, 0x0042, 0x0042, 0x0021,
    0x0021, 0x0042, 0x0042, 0x0084, 0x00C5, 0x00C5, 0x00E6, 0x00C5, 0x0107, 0x0107, 0x0969, 0x0A2E,
    0x09EE, 0x0A4F, 0x12F2, 0x1312, 0x0A4F, 0x12AF, 0x0A0C, 0x2414, 0x12F0, 0x1AF0, 0x09ED, 0x124E,
    0x128F, 0x1B53, 0x12F2, 0x23D5, 0x2395, 0x1354, 0x1BD6, 0x2478, 0x3DBB, 0x45DC, 0x2CB9, 0x1B54,
    0x1B74, 0x3D3A, 0x3D5A, 0x12F3, 0x12B1, 0x126F, 0x0A2E, 0x1AD0, 0x0A0D, 0x09ED, 0x09EC, 0x0A4E,
    0x0A2E, 0x128F, 0x122E, 0x098B, 0x09AB, 0x09AB, 0x09CC, 0x126F, 0x3456, 0x01EE, 0x0A4F, 0x0A4F,
    0x0A2F, 0x0A2E, 0x09CC, 0x018A, 0x0148, 0x0107, 0x00E6, 0x00C5, 0x00A4, 0x00A4, 0x0084, 0x0084,
    0x0084, 0x0083, 0x0083, 0x0083, 0x0083, 0x0063, 0x0062, 0x0062, 0x0062, 0x0062, 0x0062, 0x0062,
    0x0062, 0x0062, 0x0062, 0x0042, 0x0042, 0x0042, 0x0042, 0x0042, 0x0042, 0x0042, 0x0042, 0x0042,
    0x0042, 0x0042, 0x0042, 0x0042, 0x0042, 0x0042, 0x0062, 0x0042, 0x0042, 0x0042, 0x0042, 0x0062,
    0x0042, 0x0042, 0x0042, 0x0042, 0x0041, 0x0042, 0x0042, 0x0042, 0x0042, 0x0042, 0x0042, 0x0042,
    0x0042, 0x0042, 0x0042, 0x0042, 0x0042, 0x0041, 0x0041, 0x0042, 0x0041, 0x0041, 0x0042, 0x0041,
    0x0041, 0x0042, 0x0042, 0x0042, 0x0042, 0x0042, 0x0042, 0x0042, 0x0042, 0x0042, 0x0042, 0x0042,
    0x0042, 0x0042, 0x0042, 0x0042, 0x0042, 0x0042, 0x0042, 0x0042, 0x0042, 0x0062, 0x0042, 0x0042,
    0x0062, 0x0062, 0x0042, 0x0062, 0x0062, 0x0062, 0x0063, 0x0063, 0x0083, 0x0083, 0x0084, 0x0084,
    0x0084, 0x00A4, 0x00A4, 0x00C5, 0x00E6, 0x0106, 0x0948, 0x098B, 0x09CC, 0x09ED, 0x0A2E, 0x0A2E,
    0x0A70, 0x022F, 0x12D1, 0x3415, 0x018C, 0x098B, 0x098B, 0x09AB, 0x09AB, 0x122E, 0x0A0D, 0x0A2D,
    0x09EC, 0x09EC, 0x0A2E, 0x12F1, 0x12B0, 0x124E, 0x09EC, 0x12B0, 0x0AD3, 0x667C, 0x2C98, 0x1334,
    0x1BB6, 0x351A, 0x45FC, 0x3DDC, 0x34D9, 0x1B95, 0x12D2, 0x2416, 0x1BF6, 0x0A91, 0x12B0, 0x12D0,
    0x09EC, 0x09CB, 0x1B11, 0x1312, 0x34B7, 0x0A0E, 0x0A4E, 0x0A4E, 0x1312, 0x0A70, 0x0A2E, 0x0A0E,
    0x09EC, 0x0107, 0x0128, 0x0128, 0x00E6, 0x00C5, 0x00C5, 0x00A5, 0x0063, 0x0042, 0x0042, 0x0021,
    0x0022, 0x0042, 0x0042, 0x0084, 0x00C6, 0x00C5, 0x00E6, 0x0948, 0x11CB, 0x0169, 0x09AB, 0x0A0C,
    0x09AA, 0x09EC, 0x12B0, 0x1AD0, 0x01AB, 0x122C, 0x09CB, 0x23B3, 0x0A4E, 0x1AF0, 0x09CC, 0x122D,
    0x126F, 0x12F1, 0x1B33, 0x1B33, 0x3498, 0x1B95, 0x1B34, 0x1B95, 0x2417, 0x23F6, 0x2396, 0x1B95,
    0x2437, 0x3DDB, 0x1B54, 0x1B33, 0x126F, 0x0A4F, 0x126F, 0x1AAF, 0x098B, 0x09CB, 0x0A0D, 0x0A4E,
    0x09CB, 0x122E, 0x09CB, 0x016A, 0x098B, 0x09AB, 0x09CB, 0x1AD0, 0x2C14, 0x01AD, 0x0A4F, 0x09EC,
    0x098B, 0x09CB, 0x0149, 0x0128, 0x0127, 0x00E6, 0x00C5, 0x00C5, 0x00C5, 0x00A4, 0x0084, 0x0083,
    0x0084, 0x0083, 0x0083, 0x0083, 0x0083, 0x0063, 0x0062, 0x0062, 0x0062, 0x0062, 0x0062, 0x0062,
    0x0062, 0x0062, 0x0062, 0x0062, 0x0062, 0x0062, 0x0062, 0x0062, 0x0042, 0x0042, 0x0062, 0x0042,
    0x0042, 0x0042, 0x0042, 0x0042, 0x0042, 0x0042, 0x0042, 0x0042, 0x0042, 0x0042, 0x0042, 0x0042,
    0x0042, 0x0062, 0x0042, 0x0042, 0x0042, 0x0042, 0x0042, 0x0042, 0x0042, 0x0042, 0x0042, 0x0042,
    0x0042, 0x0042, 0x0042, 0x0042, 0x0042, 0x0042, 0x0042, 0x0042, 0x0042, 0x0042, 0x0041, 0x0041,
    0x0042, 0x0042, 0x0042, 0x0042, 0x0042, 0x0042, 0x0042, 0x0042, 0x0042, 0x0042, 0x0042, 0x0042,
    0x0042, 0x0042, 0x0042, 0x0062, 0x0062, 0x0042, 0x0042, 0x0042, 0x0042, 0x0062, 0x0062, 0x0062,
    0x0062, 0x0062, 0x0062, 0x0062, 0x0062, 0x0062, 0x0063, 0x0063, 0x0083, 0x0083, 0x0084, 0x0083,
    0x0083, 0x0084, 0x00A5, 0x00C5, 0x00C5, 0x00E6, 0x0127, 0x0149, 0x0149, 0x098A, 0x09EC, 0x01CC,
    0x0A4F, 0x01ED, 0x0A2E, 0x2C14, 0x01AC, 0x018A, 0x098A, 0x018A, 0x016A, 0x0A0D, 0x09CC, 0x09CC,
    0x0A0D, 0x09CC, 0x09CB, 0x122D, 0x1A8E, 0x124E, 0x09CC, 0x1AB0, 0x0AF3, 0x3CB8, 0x6EBD, 0x13B6,
    0x1BB6, 0x1B95, 0x23F6, 0x1BD6, 0x23D6, 0x1B95, 0x2417, 0x3D5A, 0x0AB1, 0x12D1, 0x126F, 0x1AD0,
    0x01CC, 0x122D, 0x12D0, 0x1B11, 0x23B3, 0x018A, 0x122C, 0x09CB, 0x1B52, 0x0A4F, 0x098A, 0x098A,
    0x09EC, 0x096A, 0x098A, 0x11CB, 0x0106, 0x00E6, 0x00C5, 0x00E6, 0x0083, 0x0042, 0x0042, 0x0021,
    0x0021, 0x0042, 0x0042, 0x0084, 0x00A4, 0x00A4, 0x00A4, 0x00E6, 0x0107, 0x0107, 0x0107, 0x0969,
    0x0948, 0x0969, 0x120C, 0x122C, 0x0128, 0x1A2C, 0x09EB, 0x1B10, 0x09CB, 0x1AAF, 0x09CB, 0x09EC,
    0x124E, 0x1AB0, 0x12F1, 0x1333, 0x1B95, 0x34D8, 0x2C77, 0x1438, 0x2498, 0x2499, 0x2499, 0x45BB,
    0x771E, 0x23F6, 0x1AD2, 0x1AD0, 0x0A2E, 0x0A4F, 0x1AD1, 0x126E, 0x09CB, 0x098A, 0x09CC, 0x0A0D,
    0x098A, 0x0A0C, 0x0169, 0x0149, 0x0969, 0x098A, 0x09AB, 0x1B31, 0x1B51, 0x016A, 0x09EC, 0x098B,
    0x0149, 0x0969, 0x0107, 0x00E6, 0x00E6, 0x00C5, 0x00A5, 0x00A4, 0x00A4, 0x00A4, 0x0083, 0x0083,
    0x0083, 0x0063, 0x0063, 0x0063, 0x0063, 0x0063, 0x0062, 0x0062, 0x0062, 0x0062, 0x0062, 0x0062,
    0x0062, 0x0062, 0x0062, 0x0042, 0x0042, 0x0042, 0x0042, 0x0062, 0x0062, 0x0062, 0x0042, 0x0042,
    0x0042, 0x0042, 0x0042, 0x0042, 0x0042, 0x0042, 0x0042, 0x0042, 0x0042, 0x0042, 0x0042, 0x0042,
    0x0042, 0x0042, 0x0042, 0x0042, 0x0042, 0x0042, 0x0042, 0x0042, 0x0042, 0x0042, 0x0042, 0x0042,
    0x0042, 0x0042, 0x0042, 0x0042, 0x0041, 0x0041, 0x0041, 0x0042, 0x0042, 0x0042, 0x0041, 0x0042,
    0x0042, 0x0042, 0x0041, 0x0042, 0x0042, 0x0042, 0x0042, 0x0042, 0x0042, 0x0042, 0x0042, 0x0042,
    0x0042, 0x0042, 0x0042, 0x0042, 0x0042, 0x0042, 0x0042, 0x0042, 0x0042, 0x0062, 0x0062, 0x0042,
    0x0042, 0x0042, 0x0062, 0x0062, 0x0062, 0x0062, 0x0063, 0x0063, 0x0063, 0x0063, 0x0083, 0x0083,
    0x0083, 0x0083, 0x00A4, 0x00A4, 0x00A4, 0x00C5, 0x00E6, 0x00E6, 0x0107, 0x0149, 0x09AB, 0x0149,
    0x09CC, 0x09CC, 0x016A, 0x2BD3, 0x09ED, 0x016B, 0x0969, 0x0149, 0x0149, 0x09EC, 0x09CC, 0x096A,
    0x0A0D, 0x09AB, 0x098A, 0x09AB, 0x1A6E, 0x0A0D, 0x122E, 0x0A2E, 0x1B13, 0x0AF3, 0x55FB, 0x773E,
    0x2CD9, 0x1C58, 0x2CDA, 0x2499, 0x1C38, 0x2CD9, 0x55FC, 0x1BB6, 0x12F3, 0x1290, 0x1AD0, 0x0A2D,
    0x098A, 0x1A8E, 0x0A2D, 0x122D, 0x122C, 0x11CB, 0x09AA, 0x09EB, 0x09EC, 0x018A, 0x0107, 0x0127,
    0x0169, 0x0128, 0x0107, 0x00E6, 0x00C5, 0x00A5, 0x0084, 0x00A4, 0x0063, 0x0042, 0x0022, 0x0021,
    0x0021, 0x0042, 0x0042, 0x0063, 0x0084, 0x0084, 0x00A4, 0x00A4, 0x00A4, 0x00E6, 0x00E6, 0x0969,
    0x0948, 0x0107, 0x0968, 0x120B, 0x0968, 0x09A9, 0x120C, 0x122C, 0x122C, 0x11EB, 0x1A4D, 0x120D,
    0x126F, 0x126F, 0x1AB0, 0x12F2, 0x0B34, 0x2457, 0x977F, 0x7F3E, 0x8F3E, 0xA77E, 0x9F7F, 0x977F,
    0x3D39, 0x1313, 0x1AF1, 0x0A0D, 0x120D, 0x12B0, 0x1AF0, 0x0A0D, 0x09CC, 0x0969, 0x09EC, 0x098A,
    0x098A, 0x09CC, 0x0148, 0x0149, 0x0149, 0x0969, 0x016A, 0x23B3, 0x12AF, 0x0149, 0x0169, 0x0148,
    0x0149, 0x0128, 0x00E6, 0x00C5, 0x00C5, 0x00A4, 0x00A4, 0x00A4, 0x00A4, 0x0084, 0x0083, 0x0083,
    0x0083, 0x0063, 0x0063, 0x0063, 0x0063, 0x0063, 0x0062, 0x0062, 0x0062, 0x0062, 0x0062, 0x0042,
    0x0062, 0x0062, 0x0062, 0x0042, 0x0042, 0x0062, 0x0042, 0x0042, 0x0042, 0x0042, 0x0042, 0x0042,
    0x0042, 0x0042, 0x0042, 0x0042, 0x0042, 0x0042, 0x0042, 0x0042, 0x0042, 0x0042, 0x0042, 0x0042,
    0x0042, 0x0042, 0x0042, 0x0042, 0x0042, 0x0042, 0x0042, 0x0042, 0x0042, 0x0042, 0x0041, 0x0042,
    0x0042, 0x0042, 0x0042, 0x0042, 0x0042, 0x0042, 0x0041, 0x0041, 0x0042, 0x0042, 0x0042, 0x0042,
    0x0042, 0x0041, 0x0042, 0x0041, 0x0041, 0x0042, 0x0042, 0x0042, 0x0042, 0x0042, 0x0042, 0x0042,
    0x0042, 0x0042, 0x0042, 0x0042, 0x0042, 0x0042, 0x0042, 0x0042, 0x0042, 0x0062, 0x0042, 0x0042,
    0x0042, 0x0042, 0x0042, 0x0062, 0x0062, 0x0062, 0x0063, 0x0062, 0x0063, 0x0063, 0x0063, 0x0063,
    0x0063, 0x0083, 0x0084, 0x0084, 0x0084, 0x00A4, 0x00C5, 0x00C5, 0x00E6, 0x0107, 0x018A, 0x0148,
    0x0969, 0x0969, 0x0149, 0x23B3, 0x126E, 0x014A, 0x0949, 0x0148, 0x0128, 0x0969, 0x09EC, 0x0149,
    0x09CB, 0x096A, 0x098A, 0x09AB, 0x122D, 0x128F, 0x126F, 0x0A0E, 0x126F, 0x1B53, 0x0B34, 0x4D9A,
    0x8F7E, 0x975E, 0x9F7F, 0x8F3E, 0x7F3E, 0x76DD, 0x1BD6, 0x1B33, 0x1B33, 0x0A4F, 0x09CC, 0x09ED,
    0x09AB, 0x1AEF, 0x0128, 0x124D, 0x09AA, 0x1A6D, 0x0148, 0x120B, 0x0969, 0x0107, 0x00E6, 0x0148,
    0x0128, 0x00E6, 0x00C5, 0x00A4, 0x00A4, 0x00A4, 0x0084, 0x00A4, 0x0063, 0x0042, 0x0022, 0x0021,
    0x0021, 0x0022, 0x0042, 0x0063, 0x0084, 0x0084, 0x0084, 0x08C5, 0x0968, 0x00C6, 0x00E6, 0x0927,
    0x0928, 0x0907, 0x0927, 0x09A9, 0x11EB, 0x0128, 0x1A8E, 0x0189, 0x22CF, 0x0169, 0x1ACF, 0x0A2D,
    0x0A0D, 0x0A6F, 0x0A2E, 0x2352, 0x23B5, 0x13D7, 0x24DA, 0x5EBD, 0x979F, 0x9F9F, 0x567E, 0x1499,
    0x1395, 0x2395, 0x122E, 0x09CC, 0x124E, 0x2331, 0x126E, 0x0A0C, 0x098A, 0x098A, 0x0A0C, 0x0149,
    0x098A, 0x098A, 0x0128, 0x0149, 0x0969, 0x096A, 0x0149, 0x2C14, 0x09AB, 0x0149, 0x0148, 0x00E6,
    0x0128, 0x0107, 0x00C5, 0x00C5, 0x00A4, 0x00A4, 0x00A4, 0x00A4, 0x00A4, 0x0083, 0x0083, 0x0083,
    0x0083, 0x0063, 0x0063, 0x0063, 0x0063, 0x0062, 0x0062, 0x0062, 0x0062, 0x0062, 0x0062, 0x0062,
    0x0062, 0x0062, 0x0042, 0x0042, 0x0042, 0x0042, 0x0042, 0x0062, 0x0062, 0x0042, 0x0042, 0x0042,
    0x0042, 0x0042, 0x0062, 0x0042, 0x0042, 0x0042, 0x0042, 0x0042, 0x0042, 0x0042, 0x0042, 0x0042,
    0x0042, 0x0042, 0x0042, 0x0042, 0x0042, 0x0042, 0x0042, 0x0042, 0x0042, 0x0042, 0x0042, 0x0042,
    0x0042, 0x0042, 0x0042, 0x0042, 0x0041, 0x0041, 0x0042, 0x0041, 0x0041, 0x0041, 0x0041, 0x0041,
    0x0042, 0x0042, 0x0042, 0x0042, 0x0042, 0x0042, 0x0042, 0x0042, 0x0042, 0x0042, 0x0042, 0x0042,
    0x0042, 0x0042, 0x0042, 0x0042, 0x0042, 0x0042, 0x0042, 0x0042, 0x0042, 0x0042, 0x0042, 0x0042,
    0x0042, 0x0042, 0x0042, 0x0062, 0x0062, 0x0062, 0x0063, 0x0062, 0x0063, 0x0063, 0x0063, 0x0063,
    0x0063, 0x0083, 0x0084, 0x0084, 0x0084, 0x0084, 0x00A5, 0x00C5, 0x00C5, 0x00C5, 0x0148, 0x0128,
    0x0107, 0x0948, 0x0949, 0x1B31, 0x1B11, 0x0108, 0x0949, 0x0148, 0x0128, 0x0927, 0x09AA, 0x0149,
    0x0969, 0x09AB, 0x098A, 0x098A, 0x09EC, 0x22D0, 0x122E, 0x122D, 0x09ED, 0x128F, 0x1B13, 0x02F4,
    0x1CD9, 0x6EFF, 0xB7DF, 0x8F9F, 0x465E, 0x1499, 0x1375, 0x3416, 0x2B52, 0x0A0D, 0x020E, 0x01AC,
    0x1AD0, 0x126E, 0x0969, 0x126D, 0x0969, 0x1A6D, 0x0169, 0x120C, 0x0127, 0x00E6, 0x00E6, 0x0969,
    0x0107, 0x00C5, 0x00E6, 0x0927, 0x0084, 0x00A4, 0x00A4, 0x00A4, 0x0063, 0x0022, 0x0022, 0x0021,
    0x0021, 0x0022, 0x0042, 0x0063, 0x0084, 0x0084, 0x0084, 0x0906, 0x11CB, 0x00C5, 0x00E6, 0x00E6,
    0x0968, 0x0927, 0x0927, 0x0989, 0x122C, 0x0148, 0x2B50, 0x1A4C, 0x11A9, 0x120C, 0x01AB, 0x1AD0,
    0x120D, 0x018A, 0x124E, 0x0A2E, 0x1B12, 0x23F6, 0x2417, 0x1479, 0x1D5A, 0x259B, 0x0C59, 0x1BB6,
    0x12F2, 0x0A0E, 0x1AD1, 0x2B73, 0x1A8E, 0x228E, 0x098B, 0x098A, 0x0148, 0x09CB, 0x09AB, 0x0969,
    0x09CB, 0x0148, 0x0928, 0x0928, 0x0969, 0x0129, 0x1A8E, 0x2BD3, 0x00C6, 0x0928, 0x0107, 0x00E6,
    0x0107, 0x00C6, 0x00C5, 0x00A5, 0x00A4, 0x00A4, 0x0084, 0x0084, 0x00A4, 0x0083, 0x0083, 0x0083,
    0x0083, 0x0083, 0x0063, 0x0063, 0x0063, 0x0063, 0x0062, 0x0062, 0x0062, 0x0062, 0x0062, 0x0062,
    0x0062, 0x0062, 0x0062, 0x0042, 0x0042, 0x0042, 0x0042, 0x0062, 0x0062, 0x0062, 0x0062, 0x0042,
    0x0042, 0x0062, 0x0042, 0x0042, 0x0042, 0x0042, 0x0042, 0x0042, 0x0042, 0x0042, 0x0042, 0x0042,
    0x0042, 0x0042, 0x0042, 0x0042, 0x0042, 0x0042, 0x0042, 0x0041, 0x0042, 0x0042, 0x0042, 0x0042,
    0x0042, 0x0042, 0x0042, 0x0042, 0x0042, 0x0042, 0x0042, 0x0042, 0x0042, 0x0042, 0x0041, 0x0042,
    0x0042, 0x0042, 0x0842, 0x0042, 0x0042, 0x0042, 0x0042, 0x0042, 0x0042, 0x0042, 0x0042, 0x0042,
    0x0042, 0x0042, 0x0042, 0x0042, 0x0042, 0x0042, 0x0042, 0x0042, 0x0042, 0x0042, 0x0042, 0x0042,
    0x0042, 0x0062, 0x0062, 0x0062, 0x0062, 0x0062, 0x0063, 0x0062, 0x0063, 0x0063, 0x0063, 0x0063,
    0x0063, 0x0063, 0x0084, 0x0084, 0x0084, 0x0084, 0x00A4, 0x00A5, 0x00C5, 0x00C5, 0x00E6, 0x0107,
    0x00E6, 0x0949, 0x00E7, 0x11EC, 0x3496, 0x018B, 0x0149, 0x0128, 0x0128, 0x0107, 0x0969, 0x0989,
    0x0969, 0x09EC, 0x098A, 0x098A, 0x098B, 0x09EC, 0x22F0, 0x1AAF, 0x1A8F, 0x120D, 0x0A2E, 0x1B13,
    0x13B7, 0x1499, 0x3DDC, 0x1D3C, 0x1459, 0x1BD6, 0x23D5, 0x12F1, 0x0A4E, 0x0A2E, 0x09CC, 0x0A2D,
    0x2352, 0x09AB, 0x122C, 0x0148, 0x22EE, 0x1A6D, 0x098A, 0x09CA, 0x0927, 0x00E6, 0x00E6, 0x0948,
    0x00E6, 0x00C5, 0x08E6, 0x11AA, 0x0084, 0x00A4, 0x00A4, 0x00A4, 0x0063, 0x0022, 0x0021, 0x0021,
    0x0021, 0x0022, 0x0022, 0x0063, 0x0083, 0x0083, 0x00A4, 0x0084, 0x0084, 0x00C5, 0x00A5, 0x00A4,
    0x0948, 0x0107, 0x00E6, 0x0106, 0x11EB, 0x22CE, 0x11A9, 0x1A2B, 0x0107, 0x124D, 0x09CC, 0x124E,
    0x1AF0, 0x120C, 0x01AB, 0x12B0, 0x2B52, 0x1312, 0x1313, 0x1B74, 0x2C36, 0x2BF5, 0x12B1, 0x12B1,
    0x1270, 0x2332, 0x3C96, 0x2392, 0x2351, 0x09AB, 0x098A, 0x0969, 0x0948, 0x09AA, 0x0128, 0x098A,
    0x09CB, 0x0107, 0x0907, 0x0928, 0x0128, 0x00C6, 0x2330, 0x1AAE, 0x00C6, 0x0927, 0x00E6, 0x00E6,
    0x0107, 0x00A5, 0x00A4, 0x00A4, 0x00A4, 0x0084, 0x0083, 0x0083, 0x0083, 0x0083, 0x0083, 0x0063,
    0x0063, 0x0063, 0x0063, 0x0062, 0x0062, 0x0062, 0x0062, 0x0062, 0x0062, 0x0062, 0x0062, 0x0062,
    0x0062, 0x0062, 0x0042, 0x0042, 0x0042, 0x0042, 0x0042, 0x0042, 0x0042, 0x0042, 0x0042, 0x0042,
    0x0062, 0x0042, 0x0042, 0x0042, 0x0042, 0x0042, 0x0042, 0x0042, 0x0042, 0x0042, 0x0042, 0x0042,
    0x0042, 0x0042, 0x0041, 0x0041, 0x0042, 0x0041, 0x0041, 0x0041, 0x0042, 0x0042, 0x0042, 0x0042,
    0x0042, 0x0042, 0x0042, 0x0041, 0x0042, 0x0042, 0x0042, 0x0041, 0x0042, 0x0041, 0x0041, 0x0042,
    0x0042, 0x0042, 0x0042, 0x0042, 0x0042, 0x0042, 0x0042, 0x0042, 0x0042, 0x0042, 0x0042, 0x0042,
    0x0042, 0x0042, 0x0042, 0x0042, 0x0042, 0x0042, 0x0042, 0x0042, 0x0042, 0x0042, 0x0042, 0x0042,
    0x0042, 0x0042, 0x0062, 0x0062, 0x0042, 0x0062, 0x0062, 0x0062, 0x0062, 0x0062, 0x0063, 0x0063,
    0x0063, 0x0063, 0x0083, 0x0083, 0x0083, 0x0084, 0x0084, 0x0084, 0x00A4, 0x00C5, 0x00C5, 0x0107,
    0x00C5, 0x0907, 0x0949, 0x096A, 0x3434, 0x09CC, 0x00E7, 0x00E6, 0x0107, 0x0127, 0x0928, 0x09CB,
    0x0149, 0x098A, 0x09CB, 0x018A, 0x098A, 0x098A, 0x09EC, 0x2331, 0x09EC, 0x128F, 0x12B0, 0x12B1,
    0x1291, 0x12D2, 0x2C16, 0x23F7, 0x1B74, 0x12D1, 0x1AD1, 0x2B93, 0x1B12, 0x09ED, 0x128F, 0x1B11,
    0x09CB, 0x09AA, 0x09EB, 0x00C6, 0x11EA, 0x09C9, 0x126D, 0x0968, 0x00A5, 0x00C5, 0x0127, 0x0107,
    0x00A4, 0x00A4, 0x00A4, 0x0084, 0x00A4, 0x0084, 0x0083, 0x0084, 0x0043, 0x0022, 0x0021, 0x0001,
    0x0021, 0x0021, 0x0022, 0x0063, 0x0083, 0x0083, 0x0084, 0x08C5, 0x0906, 0x0083, 0x00A4, 0x00A5,
    0x0906, 0x00E6, 0x00A4, 0x11EA, 0x1A8D, 0x0948, 0x00E6, 0x0927, 0x11EA, 0x0107, 0x1AAF, 0x09CB,
    0x09AB, 0x2393, 0x1AF1, 0x1290, 0x1AF1, 0x1B32, 0x44B7, 0x2BB4, 0x0AD1, 0x2BB4, 0x12B0, 0x1AF1,
    0x1B12, 0x1B11, 0x1B30, 0x1ACF, 0x09CC, 0x098B, 0x098A, 0x0128, 0x09CB, 0x018A, 0x0128, 0x09AA,
    0x0128, 0x0107, 0x0907, 0x0928, 0x0107, 0x0107, 0x00E6, 0x00E7, 0x0128, 0x0128, 0x00E6, 0x00E6,
    0x00C5, 0x00A4, 0x00A4, 0x0084, 0x0084, 0x0083, 0x0083, 0x0083, 0x0083, 0x0063, 0x0063, 0x0063,
    0x0063, 0x0062, 0x0062, 0x0062, 0x0062, 0x0062, 0x0062, 0x0062, 0x0062, 0x0062, 0x0062, 0x0042,
    0x0042, 0x0062, 0x0042, 0x0042, 0x0042, 0x0042, 0x0042, 0x0042, 0x0062, 0x0042, 0x0042, 0x0042,
    0x0042, 0x0042, 0x0042, 0x0042, 0x0042, 0x0042, 0x0042, 0x0042, 0x0042, 0x0042, 0x0042, 0x0042,
    0x0042, 0x0041, 0x0041, 0x0041, 0x0041, 0x0041, 0x0041, 0x0041, 0x0041, 0x0041, 0x0042, 0x0042,
    0x0042, 0x0042, 0x0042, 0x0042, 0x0041, 0x0042, 0x0042, 0x0042, 0x0041, 0x0042, 0x0042, 0x0041,
    0x0042, 0x0041, 0x0042, 0x0042, 0x0042, 0x0842, 0x0042, 0x0042, 0x0042, 0x0042, 0x0042, 0x0042,
    0x0042, 0x0042, 0x0042, 0x0042, 0x0042, 0x0042, 0x0042, 0x0042, 0x0042, 0x0042, 0x0042, 0x0042,
    0x0042, 0x0042, 0x0042, 0x0042, 0x0062, 0x0062, 0x0042, 0x0062, 0x0062, 0x0062, 0x0063, 0x0063,
    0x0063, 0x0063, 0x0083, 0x0063, 0x0063, 0x0083, 0x0083, 0x0084, 0x0084, 0x00A4, 0x00A4, 0x0106,
    0x00E6, 0x00E6, 0x0969, 0x0108, 0x00E7, 0x0107, 0x00E6, 0x0989, 0x0927, 0x0107, 0x0107, 0x0969,
    0x098A, 0x0107, 0x11CB, 0x09AA, 0x09AA, 0x11CB, 0x0969, 0x09AB, 0x22EF, 0x1AD0, 0x0A90, 0x1AD1,
    0x12F2, 0x1B33, 0x2353, 0x0A90, 0x1B53, 0x3436, 0x2C15, 0x1B53, 0x0A8F, 0x1B31, 0x1AD0, 0x09AA,
    0x0989, 0x124D, 0x0107, 0x1A8D, 0x0128, 0x00E6, 0x0969, 0x1A8D, 0x0968, 0x00A4, 0x0128, 0x00E6,
    0x00A5, 0x00A4, 0x00A4, 0x0906, 0x00A4, 0x0084, 0x0083, 0x0083, 0x0042, 0x0022, 0x0021, 0x0001,
    0x0021, 0x0021, 0x0022, 0x0063, 0x0083, 0x0083, 0x0063, 0x08E6, 0x0968, 0x0063, 0x00C4, 0x00C5,
    0x00A4, 0x0989, 0x1A2B, 0x0988, 0x0927, 0x0989, 0x0169, 0x00E7, 0x22AD, 0x126C, 0x0128, 0x1A6D,
    0x098A, 0x01AC, 0x1AF0, 0x33B3, 0x33F4, 0x1AD0, 0x3C56, 0x2394, 0x0A90, 0x3456, 0x12D0, 0x12AF,
    0x1B11, 0x2352, 0x124E, 0x098A, 0x096A, 0x11CB, 0x0169, 0x098A, 0x098A, 0x0128, 0x09AB, 0x0989,
    0x00E6, 0x0107, 0x0107, 0x0106, 0x0107, 0x0107, 0x00E6, 0x00E6, 0x0107, 0x00E7, 0x00E6, 0x0107,
    0x00A4, 0x00A4, 0x0084, 0x0084, 0x0083, 0x0083, 0x0083, 0x0083, 0x0084, 0x0083, 0x0063, 0x0063,
    0x0063, 0x0063, 0x0062, 0x0062, 0x0062, 0x0062, 0x0062, 0x0062, 0x0062, 0x0062, 0x0062, 0x0062,
    0x0042, 0x0062, 0x0042, 0x0042, 0x0062, 0x0042, 0x0042, 0x0062, 0x0042, 0x0042, 0x0042, 0x0042,
    0x0042, 0x0042, 0x0042, 0x0042, 0x0042, 0x0042, 0x0042, 0x0042, 0x0042, 0x0042, 0x0042, 0x0042,
    0x0042, 0x0041, 0x0042, 0x0041, 0x0041, 0x0041, 0x0042, 0x0042, 0x0042, 0x0042, 0x0042, 0x0042,
    0x0042, 0x0042, 0x0042, 0x0042, 0x0042, 0x0042, 0x0042, 0x0042, 0x0042, 0x0041, 0x0042, 0x0042,
    0x0042, 0x0042, 0x0041, 0x0042, 0x0042, 0x0042, 0x0042, 0x0042, 0x0042, 0x0042, 0x0042, 0x0042,
    0x0042, 0x0042, 0x0042, 0x0042, 0x0042, 0x0042, 0x0042, 0x0042, 0x0042, 0x0042, 0x0042, 0x0042,
    0x0042, 0x0042, 0x0042, 0x0042, 0x0062, 0x0062, 0x0062, 0x0062, 0x0062, 0x0063, 0x0063, 0x0063,
    0x0063, 0x0063, 0x0083, 0x0063, 0x0063, 0x0083, 0x0084, 0x0084, 0x0084, 0x0084, 0x00A4, 0x00C5,
    0x0107, 0x00C5, 0x0907, 0x0107, 0x00E6, 0x0107, 0x00E6, 0x0948, 0x0107, 0x00E6, 0x0106, 0x00E6,
    0x09AA, 0x098A, 0x0128, 0x11AA, 0x0969, 0x098A, 0x098A, 0x0169, 0x01CC, 0x1AAF, 0x1B11, 0x1AF0,
    0x12D1, 0x2394, 0x3415, 0x0A2E, 0x1B93, 0x23F5, 0x1B73, 0x2353, 0x1B32, 0x12B0, 0x0A0C, 0x09CB,
    0x124C, 0x0107, 0x1B0F, 0x122C, 0x0948, 0x0989, 0x0989, 0x00E6, 0x11EA, 0x122C, 0x0127, 0x0084,
    0x00C5, 0x00A4, 0x0084, 0x0968, 0x0084, 0x0084, 0x0083, 0x0083, 0x0042, 0x0021, 0x0021, 0x0001,
    0x0021, 0x0021, 0x0022, 0x0063, 0x0063, 0x0063, 0x0083, 0x00A4, 0x00A5, 0x0083, 0x00A4, 0x0084,
    0x0968, 0x122B, 0x0927, 0x00C5, 0x00C5, 0x1188, 0x0947, 0x0127, 0x00E7, 0x1AEF, 0x120B, 0x00C6,
    0x1A4C, 0x122D, 0x01AB, 0x014A, 0x22D0, 0x3C35, 0x2393, 0x2373, 0x1B11, 0x3435, 0x2331, 0x1A8E,
    0x11EC, 0x096A, 0x09CB, 0x11CB, 0x11CA, 0x0969, 0x09AA, 0x09CB, 0x0107, 0x0149, 0x098A, 0x0107,
    0x0107, 0x0107, 0x00E6, 0x00C5, 0x00E6, 0x00E6, 0x0928, 0x0127, 0x00E6, 0x00C5, 0x00C6, 0x00E6,
    0x0084, 0x0084, 0x0083, 0x0083, 0x0083, 0x0083, 0x0063, 0x0063, 0x0083, 0x0063, 0x0062, 0x0062,
    0x0063, 0x0062, 0x0062, 0x0062, 0x0062, 0x0062, 0x0062, 0x0062, 0x0062, 0x0062, 0x0042, 0x0042,
    0x0042, 0x0042, 0x0042, 0x0042, 0x0042, 0x0042, 0x0062, 0x0042, 0x0042, 0x0042, 0x0042, 0x0042,
    0x0042, 0x0042, 0x0042, 0x0042, 0x0042, 0x0042, 0x0042, 0x0042, 0x0042, 0x0042, 0x0042, 0x0042,
    0x0041, 0x0041, 0x0041, 0x0041, 0x0041, 0x0041, 0x0041, 0x0041, 0x0041, 0x0042, 0x0042, 0x0042,
    0x0042, 0x0042, 0x0042, 0x0042, 0x0042, 0x0042, 0x0041, 0x0042, 0x0042, 0x0041, 0x0041, 0x0041,
    0x0042, 0x0041, 0x0041, 0x0041, 0x0041, 0x0042, 0x0042, 0x0042, 0x0042, 0x0042, 0x0042, 0x0042,
    0x0042, 0x0042, 0x0042, 0x0042, 0x0042, 0x0042, 0x0042, 0x0042, 0x0042, 0x0042, 0x0042, 0x0042,
    0x0042, 0x0042, 0x0042, 0x0042, 0x0042, 0x0042, 0x0062, 0x0062, 0x0062, 0x0062, 0x0063, 0x0063,
    0x0062, 0x0062, 0x0063, 0x0083, 0x0063, 0x0063, 0x0083, 0x0083, 0x0083, 0x0084, 0x00A4, 0x00A4,
    0x0907, 0x00C5, 0x00C5, 0x00E6, 0x0107, 0x00E6, 0x00C5, 0x00A5, 0x00E6, 0x00E6, 0x00E6, 0x00E6,
    0x0107, 0x09AA, 0x0128, 0x0107, 0x11AA, 0x0949, 0x09AA, 0x11EC, 0x09AB, 0x018A, 0x01AB, 0x124D,
    0x1AAF, 0x2B92, 0x3496, 0x1A8F, 0x2373, 0x1B73, 0x2BF5, 0x1290, 0x018A, 0x09EC, 0x124D, 0x09EB,
    0x00C6, 0x1ACE, 0x124C, 0x00E7, 0x0947, 0x0968, 0x0927, 0x00C5, 0x00A5, 0x0989, 0x120B, 0x0906,
    0x0063, 0x00A4, 0x0084, 0x00C5, 0x0083, 0x0063, 0x0063, 0x0063, 0x0042, 0x0021, 0x0021, 0x0001,
    0x0021, 0x0021, 0x0022, 0x0043, 0x0063, 0x0063, 0x0063, 0x0084, 0x00C5, 0x0083, 0x0083, 0x11A8,
    0x0988, 0x0084, 0x0927, 0x00E6, 0x00C5, 0x00C5, 0x11CA, 0x0969, 0x0969, 0x0128, 0x1A6D, 0x226C,
    0x0107, 0x120C, 0x128E, 0x124D, 0x09CB, 0x09AB, 0x09CC, 0x0A0D, 0x09EC, 0x1ACF, 0x09EC, 0x016A,
    0x098A, 0x098A, 0x11EB, 0x09CB, 0x0189, 0x098A, 0x09AA, 0x0128, 0x0969, 0x09AA, 0x0107, 0x00E6,
    0x00E6, 0x0106, 0x00E6, 0x00C5, 0x00A5, 0x00E6, 0x0128, 0x0107, 0x00E6, 0x00A5, 0x00E6, 0x0084,
    0x0084, 0x0083, 0x0083, 0x0083, 0x0083, 0x0063, 0x0063, 0x0063, 0x0063, 0x0063, 0x0063, 0x0062,
    0x0062, 0x0062, 0x0062, 0x0062, 0x0062, 0x0062, 0x0062, 0x0062, 0x0062, 0x0042, 0x0042, 0x0042,
    0x0042, 0x0042, 0x0042, 0x0042, 0x0042, 0x0042, 0x0042, 0x0042, 0x0042, 0x0062, 0x0042, 0x0042,
    0x0042, 0x0042, 0x0042, 0x0042, 0x0042, 0x0042, 0x0042, 0x0042, 0x0042, 0x0042, 0x0042, 0x0041,
    0x0041, 0x0041, 0x0042, 0x0041, 0x0041, 0x0041, 0x0041, 0x0042, 0x0041, 0x0041, 0x0041, 0x0042,
    0x0042, 0x0042, 0x0042, 0x0042, 0x0042, 0x0042, 0x0042, 0x0042, 0x0041, 0x0041, 0x0041, 0x0041,
    0x0041, 0x0041, 0x0041, 0x0041, 0x0041, 0x0042, 0x0042, 0x0042, 0x0042, 0x0042, 0x0042, 0x0042,
    0x0042, 0x0042, 0x0042, 0x0042, 0x0042, 0x0042, 0x0042, 0x0042, 0x0042, 0x0042, 0x0042, 0x0042,
    0x0042, 0x0042, 0x0042, 0x0042, 0x0042, 0x0042, 0x0062, 0x0062, 0x0062, 0x0062, 0x0062, 0x0062,
    0x0062, 0x0062, 0x0063, 0x0063, 0x0063, 0x0063, 0x0063, 0x0063, 0x0083, 0x0083, 0x0084, 0x0084,
    0x00A5, 0x00E6, 0x00A5, 0x0107, 0x00E6, 0x0907, 0x00E6, 0x00A4, 0x00C6, 0x00E6, 0x00E6, 0x00E6,
    0x00E6, 0x0907, 0x09AA, 0x0127, 0x0107, 0x09AA, 0x09AA, 0x018A, 0x0989, 0x09CB, 0x09EC, 0x098B,
    0x00E7, 0x122C, 0x1AF0, 0x018B, 0x0A0D, 0x01AB, 0x09CC, 0x09AB, 0x120C, 0x122D, 0x018B, 0x0169,
    0x1ACE, 0x09EB, 0x0128, 0x09A9, 0x0948, 0x0989, 0x00A4, 0x00A5, 0x0907, 0x00E6, 0x0084, 0x11C9,
    0x0947, 0x0063, 0x00A4, 0x08E6, 0x0063, 0x0063, 0x0063, 0x0063, 0x0042, 0x0021, 0x0021, 0x0001,
    0x0001, 0x0021, 0x0021, 0x0042, 0x0063, 0x0063, 0x0063, 0x0084, 0x00C5, 0x0083, 0x11A8, 0x0906,
    0x0084, 0x00C5, 0x00E5, 0x0927, 0x00C5, 0x00C5, 0x0927, 0x11EB, 0x0969, 0x098A, 0x0107, 0x224C,
    0x3BD2, 0x122C, 0x0128, 0x11EB, 0x1A6D, 0x124E, 0x122D, 0x122D, 0x09EB, 0x22EF, 0x124D, 0x09EC,
    0x09CB, 0x0989, 0x0148, 0x0969, 0x09AA, 0x0948, 0x0107, 0x0948, 0x09AA, 0x0107, 0x00E6, 0x00E6,
    0x00E6, 0x00E6, 0x00E6, 0x00C5, 0x08E6, 0x0107, 0x00E6, 0x00E6, 0x00C5, 0x00E6, 0x00C5, 0x0084,
    0x0084, 0x0083, 0x0083, 0x0083, 0x0083, 0x0063, 0x0063, 0x0063, 0x0063, 0x0063, 0x0062, 0x0062,
    0x0062, 0x0062, 0x0062, 0x0062, 0x0062, 0x0062, 0x0042, 0x0062, 0x0062, 0x0042, 0x0042, 0x0042,
    0x0042, 0x0042, 0x0042, 0x0042, 0x0042, 0x0042, 0x0042, 0x0042, 0x0062, 0x0042, 0x0042, 0x0042,
    0x0042, 0x0042, 0x0042, 0x0042, 0x0042, 0x0042, 0x0042, 0x0042, 0x0042, 0x0042, 0x0041, 0x0041,
    0x0041, 0x0041, 0x0042, 0x0041, 0x0041, 0x0041, 0x0041, 0x0041, 0x0041, 0x0041, 0x0041, 0x0042,
    0x0042, 0x0042, 0x0042, 0x0042, 0x0041, 0x0041, 0x0041, 0x0042, 0x0042, 0x0042, 0x0042, 0x0041,
    0x0041, 0x0041, 0x0041, 0x0041, 0x0041, 0x0041, 0x0041, 0x0042, 0x0042, 0x0042, 0x0042, 0x0042,
    0x0042, 0x0042, 0x0042, 0x0042, 0x0042, 0x0042, 0x0042, 0x0042, 0x0042, 0x0042, 0x0042, 0x0042,
    0x0042, 0x0042, 0x0042, 0x0042, 0x0042, 0x0042, 0x0062, 0x0062, 0x0062, 0x0062, 0x0062, 0x0042,
    0x0062, 0x0062, 0x0063, 0x0063, 0x0063, 0x0063, 0x0083, 0x0083, 0x0083, 0x0083, 0x0083, 0x0084,
    0x0083, 0x00E6, 0x00C5, 0x00E6, 0x00E6, 0x00C5, 0x0968, 0x00A5, 0x00C5, 0x00E6, 0x00C5, 0x00C5,
    0x00E6, 0x00E6, 0x0928, 0x09AA, 0x0128, 0x00E7, 0x0968, 0x098A, 0x098A, 0x0948, 0x098A, 0x11AB,
    0x0969, 0x1A8E, 0x122D, 0x09AB, 0x124D, 0x124D, 0x122C, 0x122C, 0x098A, 0x0148, 0x1ACE, 0x2371,
    0x0989, 0x0127, 0x0169, 0x0969, 0x11EA, 0x00E5, 0x00C5, 0x00E5, 0x0948, 0x00A4, 0x00A4, 0x0083,
    0x1188, 0x0947, 0x0083, 0x08E6, 0x0063, 0x0063, 0x0063, 0x0063, 0x0042, 0x0021, 0x0021, 0x0001,
    0x0001, 0x0021, 0x0021, 0x0042, 0x0063, 0x0063, 0x0063, 0x0084, 0x00A4, 0x0905, 0x1188, 0x0043,
    0x00A4, 0x00A4, 0x00A4, 0x0906, 0x0927, 0x00C5, 0x00E5, 0x0947, 0x11CA, 0x0948, 0x0968, 0x00E7,
    0x09AA, 0x2B70, 0x2B30, 0x1A8E, 0x018A, 0x09AA, 0x09AA, 0x0989, 0x09AA, 0x1ACF, 0x122C, 0x0128,
    0x0948, 0x0928, 0x0968, 0x0947, 0x0107, 0x0107, 0x0969, 0x098A, 0x0106, 0x00E6, 0x00E6, 0x00E6,
    0x0907, 0x00E6, 0x00C5, 0x00E6, 0x0969, 0x00C5, 0x00C5, 0x00C5, 0x00C5, 0x00E7, 0x0084, 0x0084,
    0x0083, 0x0083, 0x0083, 0x0083, 0x0083, 0x0063, 0x0063, 0x0063, 0x0063, 0x0063, 0x0062, 0x0062,
    0x0062, 0x0062, 0x0062, 0x0062, 0x0062, 0x0062, 0x0042, 0x0062, 0x0042, 0x0042, 0x0042, 0x0042,
    0x0042, 0x0042, 0x0042, 0x0042, 0x0042, 0x0042, 0x0042, 0x0042, 0x0042, 0x0042, 0x0042, 0x0042,
    0x0042, 0x0042, 0x0042, 0x0042, 0x0042, 0x0042, 0x0042, 0x0042, 0x0042, 0x0042, 0x0042, 0x0041,
    0x0041, 0x0042, 0x0042, 0x0042, 0x0041, 0x0041, 0x0041, 0x0042, 0x0041, 0x0041, 0x0042, 0x0042,
    0x0042, 0x0042, 0x0042, 0x0041, 0x0041, 0x0041, 0x0042, 0x0042, 0x0042, 0x0042, 0x0041, 0x0041,
    0x0042, 0x0042, 0x0042, 0x0042, 0x0042, 0x0042, 0x0042, 0x0042, 0x0042, 0x0042, 0x0042, 0x0042,
    0x0042, 0x0042, 0x0042, 0x0042, 0x0042, 0x0042, 0x0042, 0x0042, 0x0042, 0x0042, 0x0042, 0x0042,
    0x0042, 0x0042, 0x0042, 0x0042, 0x0042, 0x0042, 0x0062, 0x0042, 0x0062, 0x0062, 0x0062, 0x0062,
    0x0062, 0x0062, 0x0063, 0x0063, 0x0063, 0x0063, 0x0083, 0x0083, 0x0063, 0x0083, 0x0083, 0x0083,
    0x0084, 0x00A4, 0x0907, 0x00A5, 0x00E6, 0x0084, 0x08E6, 0x098A, 0x00C5, 0x00E6, 0x0906, 0x00C5,
    0x00E6, 0x00E6, 0x00E6, 0x0907, 0x09AA, 0x0948, 0x00E6, 0x0107, 0x09AA, 0x0969, 0x0907, 0x0907,
    0x0948, 0x1AAE, 0x120B, 0x0969, 0x09CB, 0x09CB, 0x0169, 0x09EB, 0x1B0F, 0x23B1, 0x1AEF, 0x0969,
    0x0149, 0x11AA, 0x11CA, 0x11EB, 0x00E6, 0x00C5, 0x00C5, 0x0948, 0x00C5, 0x00A4, 0x00A4, 0x00A4,
    0x0063, 0x1189, 0x0084, 0x00C5, 0x0063, 0x0063, 0x0063, 0x0063, 0x0042, 0x0021, 0x0001, 0x0001,
    0x0001, 0x0021, 0x0021, 0x0042, 0x0042, 0x0042, 0x0042, 0x0084, 0x00A4, 0x08E5, 0x1167, 0x0063,
    0x00A4, 0x00A4, 0x00A4, 0x00A4, 0x0106, 0x0907, 0x00C5, 0x00E6, 0x0907, 0x11CA, 0x0989, 0x1A0B,
    0x11AA, 0x0108, 0x09A9, 0x2351, 0x09AA, 0x0948, 0x1189, 0x0127, 0x0969, 0x22F0, 0x120B, 0x00E6,
    0x0927, 0x0927, 0x0948, 0x0906, 0x0106, 0x0989, 0x0969, 0x00E6, 0x00E6, 0x00E6, 0x00E6, 0x00E6,
    0x00C6, 0x00C5, 0x00C5, 0x0969, 0x00C5, 0x00A5, 0x00E6, 0x00A4, 0x00E6, 0x0084, 0x0083, 0x0083,
    0x0083, 0x0083, 0x0063, 0x0063, 0x0063, 0x0063, 0x0063, 0x0062, 0x0063, 0x0062, 0x0062, 0x0062,
    0x0062, 0x0062, 0x0042, 0x0042, 0x0062, 0x0062, 0x0042, 0x0042, 0x0042, 0x0042, 0x0042, 0x0042,
    0x0042, 0x0042, 0x0042, 0x0042, 0x0042, 0x0042, 0x0042, 0x0042, 0x0042, 0x0042, 0x0042, 0x0042,
    0x0042, 0x0042, 0x0042, 0x0042, 0x0042, 0x0042, 0x0042, 0x0042, 0x0042, 0x0042, 0x0041, 0x0042,
    0x0042, 0x0042, 0x0042, 0x0041, 0x0041, 0x0041, 0x0042, 0x0041, 0x0041, 0x0041, 0x0042, 0x0042,
    0x0042, 0x0042, 0x0042, 0x0042, 0x0041, 0x0041, 0x0042, 0x0042, 0x0042, 0x0042, 0x0041, 0x0041,
    0x0041, 0x0042, 0x0042, 0x0041, 0x0041, 0x0042, 0x0042, 0x0042, 0x0042, 0x0042, 0x0042, 0x0042,
    0x0042, 0x0042, 0x0042, 0x0042, 0x0042, 0x0042, 0x0042, 0x0042, 0x0042, 0x0042, 0x0042, 0x0042,
    0x0042, 0x0042, 0x0042, 0x0042, 0x0042, 0x0042, 0x0042, 0x0042, 0x0042, 0x0042, 0x0062, 0x0062,
    0x0062, 0x0042, 0x0062, 0x0062, 0x0062, 0x0062, 0x0063, 0x0063, 0x0063, 0x0063, 0x0063, 0x0083,
    0x0084, 0x0083, 0x00C5, 0x00C6, 0x0084, 0x0107, 0x00A4, 0x0907, 0x0969, 0x0084, 0x00E6, 0x0907,
    0x00C5, 0x00E5, 0x00E6, 0x00E5, 0x00E6, 0x0969, 0x0948, 0x0107, 0x0927, 0x0927, 0x0906, 0x0927,
    0x0927, 0x22CE, 0x1A6D, 0x0928, 0x11A9, 0x11AA, 0x0127, 0x124D, 0x1AF0, 0x0969, 0x0948, 0x11AA,
    0x1A0B, 0x0989, 0x11A9, 0x00E6, 0x00C5, 0x00C5, 0x0948, 0x00E6, 0x00A4, 0x00A4, 0x0084, 0x0084,
    0x0083, 0x0968, 0x0083, 0x08C5, 0x0063, 0x0062, 0x0042, 0x0063, 0x0022, 0x0021, 0x0001, 0x0001,
    0x0001, 0x0021, 0x0021, 0x0042, 0x0042, 0x0042, 0x0042, 0x0083, 0x00A4, 0x08E5, 0x0947, 0x0043,
    0x0084, 0x00A4, 0x00A4, 0x00C4, 0x00A4, 0x0926, 0x0927, 0x00E5, 0x00E6, 0x0106, 0x11CA, 0x1A2C,
    0x098A, 0x0148, 0x0969, 0x1A6E, 0x0989, 0x0948, 0x0928, 0x0948, 0x0928, 0x0989, 0x122C, 0x0107,
    0x0927, 0x0907, 0x0927, 0x0907, 0x0968, 0x0948, 0x0906, 0x00E6, 0x00E6, 0x00E6, 0x00E6, 0x00E6,
    0x00A4, 0x00C5, 0x0969, 0x00E6, 0x0084, 0x00E6, 0x00A4, 0x00C6, 0x00A5, 0x0083, 0x0083, 0x0083,
    0x0083, 0x0083, 0x0063, 0x0063, 0x0063, 0x0063, 0x0062, 0x0062, 0x0062, 0x0062, 0x0062, 0x0062,
    0x0042, 0x0042, 0x0042, 0x0042, 0x0042, 0x0062, 0x0042, 0x0042, 0x0042, 0x0042, 0x0042, 0x0042,
    0x0042, 0x0042, 0x0042, 0x0042, 0x0042, 0x0042, 0x0042, 0x0042, 0x0042, 0x0042, 0x0042, 0x0042,
    0x0042, 0x0042, 0x0042, 0x0042, 0x0042, 0x0042, 0x0042, 0x0042, 0x0042, 0x0042, 0x0042, 0x0042,
    0x0042, 0x0041, 0x0042, 0x0041, 0x0041, 0x0041, 0x0041, 0x0041, 0x0041, 0x0041, 0x0041, 0x0042,
    0x0042, 0x0042, 0x0042, 0x0042, 0x0042, 0x0042, 0x0042, 0x0042, 0x0042, 0x0041, 0x0042, 0x0042,
    0x0041, 0x0041, 0x0041, 0x0041, 0x0042, 0x0042, 0x0042, 0x0041, 0x0042, 0x0042, 0x0042, 0x0042,
    0x0042, 0x0042, 0x0042, 0x0042, 0x0042, 0x0042, 0x0042, 0x0042, 0x0042, 0x0042, 0x0042, 0x0042,
    0x0042, 0x0042, 0x0042, 0x0042, 0x0042, 0x0042, 0x0042, 0x0042, 0x0042, 0x0062, 0x0042, 0x0042,
    0x0042, 0x0042, 0x0062, 0x0062, 0x0062, 0x0062, 0x0062, 0x0063, 0x0063, 0x0063, 0x0063, 0x0083,
    0x0083, 0x0083, 0x0063, 0x00E5, 0x00A5, 0x00C5, 0x0907, 0x0083, 0x0907, 0x0948, 0x00A4, 0x00E6,
    0x0907, 0x00C5, 0x00E6, 0x00E6, 0x00E6, 0x00E6, 0x0969, 0x0948, 0x00E6, 0x0906, 0x0106, 0x0107,
    0x0968, 0x1A8D, 0x0928, 0x0927, 0x0906, 0x0927, 0x0948, 0x09AA, 0x124D, 0x0969, 0x0948, 0x09AA,
    0x122C, 0x0968, 0x00E6, 0x00E6, 0x00C5, 0x0948, 0x0906, 0x00A4, 0x00A4, 0x00A4, 0x0083, 0x0083,
    0x0063, 0x0947, 0x0063, 0x08C5, 0x0063, 0x0042, 0x0042, 0x0063, 0x0022, 0x0001, 0x0001, 0x0001,
    0x0001, 0x0021, 0x0021, 0x0042, 0x0042, 0x0042, 0x0042, 0x0083, 0x0084, 0x08C4, 0x0947, 0x0042,
    0x0084, 0x0084, 0x00A4, 0x00A4, 0x00C5, 0x00C5, 0x0927, 0x0969, 0x0906, 0x0106, 0x0107, 0x098A,
    0x226D, 0x11EB, 0x09CC, 0x2311, 0x11CB, 0x0989, 0x0969, 0x0948, 0x0948, 0x0968, 0x1A8E, 0x0948,
    0x0927, 0x0947, 0x0927, 0x0948, 0x0969, 0x00E6, 0x0906, 0x00E6, 0x00E6, 0x00E6, 0x00E6, 0x0084,
    0x00C5, 0x0969, 0x00E6, 0x00A4, 0x00E6, 0x00A4, 0x00E6, 0x00C5, 0x0063, 0x0083, 0x0083, 0x0083,
    0x0083, 0x0063, 0x0063, 0x0063, 0x0063, 0x0063, 0x0062, 0x0062, 0x0063, 0x0062, 0x0062, 0x0042,
    0x0062, 0x0042, 0x0042, 0x0042, 0x0042, 0x0062, 0x0042, 0x0042, 0x0042, 0x0042, 0x0042, 0x0042,
    0x0042, 0x0042, 0x0042, 0x0042, 0x0042, 0x0042, 0x0042, 0x0042, 0x0042, 0x0042, 0x0042, 0x0042,
    0x0042, 0x0042, 0x0042, 0x0042, 0x0042, 0x0042, 0x0042, 0x0042, 0x0042, 0x0042, 0x0042, 0x0042,
    0x0042, 0x0041, 0x0042, 0x0041, 0x0041, 0x0042, 0x0042, 0x0042, 0x0041, 0x0042, 0x0042, 0x0042,
    0x0042, 0x0042, 0x0042, 0x0042, 0x0042, 0x0042, 0x0042, 0x0042, 0x0042, 0x0042, 0x0041, 0x0041,
    0x0041, 0x0041, 0x0042, 0x0041, 0x0042, 0x0042, 0x0042, 0x0042, 0x0042, 0x0042, 0x0842, 0x0042,
    0x0042, 0x0042, 0x0042, 0x0042, 0x0042, 0x0042, 0x0042, 0x0042, 0x0042, 0x0042, 0x0042, 0x0042,
    0x0042, 0x0042, 0x0042, 0x0042, 0x0042, 0x0042, 0x0042, 0x0042, 0x0042, 0x0042, 0x0062, 0x0042,
    0x0062, 0x0062, 0x0062, 0x0062, 0x0042, 0x0062, 0x0062, 0x0063, 0x0063, 0x0063, 0x0063, 0x0063,
    0x0083, 0x0083, 0x0083, 0x0083, 0x08E6, 0x00A5, 0x00C5, 0x00E6, 0x0084, 0x0927, 0x1189, 0x00C5,
    0x00C5, 0x0927, 0x0906, 0x00E6, 0x08E6, 0x0906, 0x08E6, 0x0989, 0x0907, 0x0907, 0x0107, 0x00E6,
    0x11CA, 0x126D, 0x0928, 0x0927, 0x0927, 0x0989, 0x09CB, 0x124D, 0x1ACF, 0x098A, 0x11EB, 0x11EB,
    0x0948, 0x00E6, 0x00E6, 0x0907, 0x0969, 0x0106, 0x00A4, 0x00A4, 0x00A4, 0x0084, 0x0083, 0x0083,
    0x0063, 0x0947, 0x0063, 0x08C5, 0x0063, 0x0042, 0x0042, 0x0042, 0x0022, 0x0001, 0x0001, 0x0001,
    0x0001, 0x0021, 0x0021, 0x0042, 0x0042, 0x0042, 0x0042, 0x0083, 0x0084, 0x08C4, 0x1147, 0x0042,
    0x0083, 0x0084, 0x00A4, 0x00A4, 0x00C4, 0x00C5, 0x00C5, 0x0947, 0x098A, 0x0948, 0x0927, 0x0128,
    0x0128, 0x09EC, 0x0A2E, 0x1B11, 0x09AB, 0x0969, 0x0969, 0x0948, 0x0948, 0x11EB, 0x1AAE, 0x0968,
    0x00E6, 0x0906, 0x0907, 0x0989, 0x0107, 0x08E6, 0x00E6, 0x00E6, 0x0906, 0x00A5, 0x0084, 0x0107,
    0x0969, 0x00C6, 0x00A5, 0x0906, 0x00A5, 0x00C5, 0x00C5, 0x0063, 0x0083, 0x0083, 0x0083, 0x0063,
    0x0063, 0x0063, 0x0063, 0x0062, 0x0062, 0x0062, 0x0062, 0x0062, 0x0062, 0x0042, 0x0042, 0x0042,
    0x0042, 0x0042, 0x0042, 0x0042, 0x0042, 0x0042, 0x0042, 0x0042, 0x0042, 0x0042, 0x0042, 0x0042,
    0x0042, 0x0042, 0x0042, 0x0042, 0x0042, 0x0042, 0x0042, 0x0042, 0x0042, 0x0042, 0x0042, 0x0042,
    0x0042, 0x0042, 0x0042, 0x0042, 0x0042, 0x0042, 0x0042, 0x0042, 0x0042, 0x0042, 0x0042, 0x0042,
    0x0042, 0x0042, 0x0042, 0x0042, 0x0042, 0x0042, 0x0042, 0x0042, 0x0042, 0x0042, 0x0042, 0x0042,
    0x0042, 0x0042, 0x0042, 0x0042, 0x0042, 0x0042, 0x0042, 0x0042, 0x0042, 0x0042, 0x0041, 0x0041,
    0x0042, 0x0042, 0x0042, 0x0042, 0x0042, 0x0042, 0x0042, 0x0042, 0x0042, 0x0042, 0x0042, 0x0042,
    0x0042, 0x0042, 0x0042, 0x0042, 0x0042, 0x0042, 0x0042, 0x0042, 0x0042, 0x0042, 0x0042, 0x0042,
    0x0042, 0x0042, 0x0042, 0x0042, 0x0042, 0x0042, 0x0042, 0x0042, 0x0042, 0x0042, 0x0042, 0x0042,
    0x0042, 0x0042, 0x0042, 0x0042, 0x0042, 0x0062, 0x0062, 0x0062, 0x0062, 0x0062, 0x0063, 0x0063,
    0x0063, 0x0063, 0x0063, 0x0083, 0x0083, 0x08E6, 0x00A4, 0x00C5, 0x0906, 0x00A4, 0x0906, 0x0969,
    0x00E6, 0x00A5, 0x0107, 0x0106, 0x08E6, 0x00E6, 0x00E5, 0x08E6, 0x0969, 0x00E6, 0x0927, 0x00C6,
    0x120B, 0x120B, 0x0928, 0x0927, 0x0969, 0x09AA, 0x09AB, 0x120C, 0x1B11, 0x09CC, 0x09AB, 0x0128,
    0x0127, 0x0107, 0x0968, 0x0989, 0x00E6, 0x00C5, 0x00C5, 0x00A4, 0x0084, 0x0083, 0x0083, 0x0083,
    0x0063, 0x0927, 0x0063, 0x08A5, 0x0042, 0x0042, 0x0042, 0x0042, 0x0022, 0x0001, 0x0001, 0x0001,
    0x0001, 0x0001, 0x0021, 0x0022, 0x0042, 0x0042, 0x0042, 0x0063, 0x0084, 0x08C4, 0x1147, 0x0042,
    0x0083, 0x0083, 0x00A4, 0x00A4, 0x00C5, 0x00C5, 0x00E6, 0x0906, 0x0907, 0x0989, 0x11EB, 0x098A,
    0x098A, 0x0A0E, 0x1332, 0x2C76, 0x0A6F, 0x0A0D, 0x098A, 0x0968, 0x0969, 0x098A, 0x122B, 0x11C9,
    0x00C5, 0x0906, 0x0948, 0x0948, 0x00E6, 0x00E6, 0x0907, 0x00E6, 0x0084, 0x08E6, 0x0989, 0x0127,
    0x00A5, 0x00C5, 0x00E6, 0x0084, 0x00C5, 0x00C5, 0x0063, 0x0083, 0x0083, 0x0063, 0x0063, 0x0063,
    0x0063, 0x0063, 0x0062, 0x0062, 0x0062, 0x0062, 0x0062, 0x0042, 0x0062, 0x0042, 0x0042, 0x0042,
    0x0042, 0x0042, 0x0042, 0x0042, 0x0042, 0x0042, 0x0042, 0x0042, 0x0042, 0x0042, 0x0042, 0x0042,
    0x0042, 0x0042, 0x0042, 0x0042, 0x0042, 0x0042, 0x0042, 0x0042, 0x0042, 0x0042, 0x0042, 0x0042,
    0x0042, 0x0042, 0x0042, 0x0042, 0x0042, 0x0042, 0x0042, 0x0042, 0x0042, 0x0042, 0x0042, 0x0042,
    0x0042, 0x0042, 0x0042, 0x0042, 0x0042, 0x0042, 0x0042, 0x0042, 0x0042, 0x0042, 0x0042, 0x0042,
    0x0042, 0x0042, 0x0042, 0x0042, 0x0042, 0x0042, 0x0042, 0x0042, 0x0042, 0x0042, 0x0042, 0x0042,
    0x0042, 0x0042, 0x0042, 0x0042, 0x0042, 0x0042, 0x0041, 0x0042, 0x0042, 0x0042, 0x0042, 0x0042,
    0x0042, 0x0042, 0x0042, 0x0042, 0x0042, 0x0042, 0x0042, 0x0042, 0x0042, 0x0042, 0x0042, 0x0042,
    0x0042, 0x0042, 0x0042, 0x0042, 0x0042, 0x0042, 0x0042, 0x0042, 0x0042, 0x0042, 0x0042, 0x0042,
    0x0042, 0x0042, 0x0062, 0x0042, 0x0042, 0x0062, 0x0062, 0x0062, 0x0062, 0x0062, 0x0062, 0x0063,
    0x0063, 0x0063, 0x0063, 0x0063, 0x0083, 0x0083, 0x0906, 0x00A5, 0x00C6, 0x0906, 0x00A5, 0x00C6,
    0x0969, 0x11CA, 0x00C5, 0x00A5, 0x0907, 0x0907, 0x08E6, 0x00C5, 0x0968, 0x0907, 0x0106, 0x00E6,
    0x1A8D, 0x09AA, 0x0948, 0x0948, 0x09CB, 0x09CB, 0x09ED, 0x1312, 0x3496, 0x024F, 0x09EC, 0x098A,
    0x09AA, 0x09EB, 0x0968, 0x00E6, 0x00E5, 0x00C5, 0x00A4, 0x00A4, 0x0083, 0x0083, 0x0063, 0x0063,
    0x0063, 0x0927, 0x0063, 0x00A4, 0x0042, 0x0042, 0x0042, 0x0042, 0x0022, 0x0001, 0x0001, 0x0001,
    0x0001, 0x0001, 0x0021, 0x0022, 0x0042, 0x0042, 0x0042, 0x0063, 0x0063, 0x00A4, 0x0926, 0x0042,
    0x0083, 0x0083, 0x00A4, 0x00A4, 0x00C5, 0x00E5, 0x00E6, 0x0106, 0x0107, 0x0948, 0x09AA, 0x122D,
    0x126F, 0x0AF2, 0x1CD8, 0x6EFE, 0x0BB5, 0x0A2E, 0x09AA, 0x0948, 0x0948, 0x0989, 0x09A9, 0x120A,
    0x00C5, 0x0906, 0x0927, 0x0927, 0x00E6, 0x08E5, 0x00E6, 0x0108, 0x120B, 0x120B, 0x0107, 0x00A4,
    0x0106, 0x0927, 0x0084, 0x0948, 0x00E5, 0x0063, 0x0063, 0x0063, 0x0063, 0x0063, 0x0063, 0x0062,
    0x0062, 0x0062, 0x0062, 0x0062, 0x0062, 0x0062, 0x0062, 0x0042, 0x0062, 0x0042, 0x0042, 0x0042,
    0x0042, 0x0042, 0x0042, 0x0042, 0x0042, 0x0042, 0x0042, 0x0042, 0x0042, 0x0042, 0x0042, 0x0042,
    0x0042, 0x0042, 0x0042, 0x0042, 0x0042, 0x0042, 0x0042, 0x0042, 0x0042, 0x0042, 0x0042, 0x0042,
    0x0042, 0x0042, 0x0042, 0x0042, 0x0042, 0x0042, 0x0042, 0x0042, 0x0042, 0x0042, 0x0042, 0x0042,
    0x0042, 0x0042, 0x0042, 0x0042, 0x0042, 0x0042, 0x0042, 0x0042, 0x0042, 0x0042, 0x0042, 0x0042,
    0x0042, 0x0042, 0x0042, 0x0042, 0x0042, 0x0042, 0x0041, 0x0042, 0x0042, 0x0042, 0x0042, 0x0042,
    0x0042, 0x0042, 0x0042, 0x0041, 0x0042, 0x0042, 0x0042, 0x0042, 0x0042, 0x0042, 0x0042, 0x0042,
    0x0042, 0x0042, 0x0042, 0x0042, 0x0042, 0x0042, 0x0042, 0x0042, 0x0042, 0x0042, 0x0042, 0x0042,
    0x0042, 0x0042, 0x0042, 0x0042, 0x0042, 0x0042, 0x0042, 0x0042, 0x0042, 0x0042, 0x0042, 0x0042,
    0x0042, 0x0042, 0x0042, 0x0042, 0x0042, 0x0042, 0x0062, 0x0062, 0x0062, 0x0062, 0x0062, 0x0062,
    0x0063, 0x0063, 0x0063, 0x0063, 0x0083, 0x0063, 0x0084, 0x0927, 0x00C5, 0x0084, 0x0907, 0x00C5,
    0x00A4, 0x11A9, 0x1A6D, 0x09A9, 0x0107, 0x0106, 0x08E6, 0x0906, 0x0928, 0x0106, 0x00E6, 0x0906,
    0x1AAD, 0x0928, 0x0968, 0x0948, 0x098A, 0x09CB, 0x024F, 0x24F9, 0x6EDE, 0x0B95, 0x0A90, 0x124E,
    0x09EC, 0x0969, 0x0107, 0x0906, 0x00E6, 0x00C5, 0x00A4, 0x00A4, 0x0083, 0x0083, 0x0063, 0x0063,
    0x0063, 0x0927, 0x0043, 0x00A4, 0x0042, 0x0042, 0x0042, 0x0042, 0x0022, 0x0001, 0x0001, 0x0001,
    0x0001, 0x0001, 0x0001, 0x0022, 0x0022, 0x0042, 0x0042, 0x0063, 0x0063, 0x00A4, 0x0906, 0x0042,
    0x0083, 0x0083, 0x0084, 0x00A4, 0x00C5, 0x00E5, 0x00E6, 0x0948, 0x0948, 0x098A, 0x098A, 0x098A,
    0x09EC, 0x0AF2, 0x35BB, 0xB7DF, 0x1C99, 0x0A4F, 0x09AB, 0x0969, 0x0948, 0x0989, 0x09A9, 0x126C,
    0x0107, 0x0907, 0x0927, 0x0907, 0x08E6, 0x00C5, 0x11CA, 0x3BF3, 0x09AA, 0x00C5, 0x00A5, 0x00E6,
    0x0107, 0x00A5, 0x00C5, 0x08E6, 0x0063, 0x0083, 0x0063, 0x0063, 0x0063, 0x0063, 0x0063, 0x0062,
    0x0062, 0x0062, 0x0062, 0x0062, 0x0042, 0x0042, 0x0042, 0x0042, 0x0062, 0x0042, 0x0042, 0x0042,
    0x0042, 0x0042, 0x0042, 0x0042, 0x0042, 0x0042, 0x0042, 0x0042, 0x0042, 0x0042, 0x0042, 0x0042,
    0x0042, 0x0042, 0x0042, 0x0042, 0x0042, 0x0042, 0x0042, 0x0042, 0x0042, 0x0042, 0x0042, 0x0042,
    0x0042, 0x0042, 0x0042, 0x0042, 0x0042, 0x0042, 0x0042, 0x0042, 0x0042, 0x0042, 0x0042, 0x0042,
    0x0042, 0x0042, 0x0042, 0x0042, 0x0042, 0x0042, 0x0042, 0x0042, 0x0042, 0x0042, 0x0042, 0x0042,
    0x0042, 0x0042, 0x0042, 0x0042, 0x0042, 0x0042, 0x0042, 0x0042, 0x0042, 0x0042, 0x0042, 0x0042,
    0x0042, 0x0042, 0x0042, 0x0042, 0x0042, 0x0041, 0x0042, 0x0042, 0x0041, 0x0042, 0x0042, 0x0042,
    0x0042, 0x0042, 0x0042, 0x0042, 0x0042, 0x0042, 0x0042, 0x0042, 0x0042, 0x0042, 0x0042, 0x0042,
    0x0042, 0x0042, 0x0042, 0x0042, 0x0042, 0x0042, 0x0042, 0x0042, 0x0042, 0x0042, 0x0042, 0x0042,
    0x0042, 0x0042, 0x0042, 0x0042, 0x0042, 0x0042, 0x0042, 0x0062, 0x0042, 0x0062, 0x0062, 0x0062,
    0x0063, 0x0063, 0x0063, 0x0063, 0x0063, 0x0063, 0x0084, 0x0084, 0x08E6, 0x00A4, 0x0083, 0x00E6,
    0x00E6, 0x00C6, 0x00E7, 0x1AAE, 0x4495, 0x0108, 0x0906, 0x0906, 0x0969, 0x0107, 0x0106, 0x0989,
    0x1A8D, 0x0948, 0x0928, 0x0928, 0x098A, 0x0A0C, 0x02F2, 0x461D, 0x9FBF, 0x0C57, 0x0A6F, 0x09EC,
    0x098A, 0x0989, 0x0948, 0x0948, 0x0927, 0x00C5, 0x00C5, 0x00A4, 0x0083, 0x0083, 0x0063, 0x0063,
    0x0042, 0x0906, 0x0042, 0x00A4, 0x0042, 0x0042, 0x0022, 0x0042, 0x0021, 0x0001, 0x0001, 0x0001,
    0x0001, 0x0001, 0x0001, 0x0022, 0x0022, 0x0042, 0x0042, 0x0063, 0x0063, 0x00A4, 0x0906, 0x0042,
    0x0063, 0x0083, 0x00A4, 0x00A4, 0x00C5, 0x08E6, 0x0906, 0x0948, 0x09AA, 0x11EC, 0x09CB, 0x098A,
    0x09AB, 0x0A2E, 0x2497, 0x86FE, 0x0B95, 0x0A2E, 0x09CC, 0x098A, 0x0948, 0x09AA, 0x0969, 0x12AD,
    0x0148, 0x00E6, 0x0107, 0x0106, 0x00E6, 0x00E6, 0x0989, 0x2B50, 0x0085, 0x00E6, 0x0907, 0x00C6,
    0x0948, 0x22CF, 0x0084, 0x00C5, 0x126D, 0x0083, 0x0063, 0x0063, 0x0063, 0x0063, 0x0062, 0x0062,
    0x0062, 0x0062, 0x0042, 0x0062, 0x0042, 0x0042, 0x0042, 0x0042, 0x0042, 0x0042, 0x0042, 0x0042,
    0x0042, 0x0042, 0x0042, 0x0042, 0x0042, 0x0042, 0x0042, 0x0042, 0x0042, 0x0042, 0x0042, 0x0042,
    0x0042, 0x0042, 0x0042, 0x0042, 0x0042, 0x0042, 0x0042, 0x0042, 0x0042, 0x0042, 0x0042, 0x0042,
    0x0042, 0x0042, 0x0042, 0x0042, 0x0042, 0x0042, 0x0042, 0x0042, 0x0042, 0x0042, 0x0042, 0x0042,
    0x0042, 0x0042, 0x0042, 0x0042, 0x0042, 0x0042, 0x0042, 0x0042, 0x0042, 0x0042, 0x0042, 0x0042,
    0x0042, 0x0042, 0x0042, 0x0042, 0x0042, 0x0042, 0x0042, 0x0042, 0x0042, 0x0042, 0x0042, 0x0042,
    0x0042, 0x0042, 0x0042, 0x0041, 0x0041, 0x0042, 0x0042, 0x0042, 0x0042, 0x0041, 0x0042, 0x0042,
    0x0042, 0x0042, 0x0042, 0x0041, 0x0041, 0x0042, 0x0042, 0x0042, 0x0041, 0x0042, 0x0042, 0x0042,
    0x0042, 0x0042, 0x0042, 0x0042, 0x0042, 0x0042, 0x0042, 0x0042, 0x0042, 0x0042, 0x0042, 0x0042,
    0x0042, 0x0042, 0x0042, 0x0042, 0x0042, 0x0042, 0x0042, 0x0042, 0x0042, 0x0062, 0x0062, 0x0062,
    0x0062, 0x0062, 0x0063, 0x0063, 0x0063, 0x0042, 0x0947, 0x1A2C, 0x0063, 0x0927, 0x228D, 0x00A4,
    0x0107, 0x0948, 0x00C6, 0x0968, 0x2BB2, 0x0107, 0x0907, 0x0927, 0x0969, 0x0927, 0x00C6, 0x120B,
    0x124C, 0x09AA, 0x0989, 0x0969, 0x09AB, 0x0A0C, 0x0270, 0x2CF9, 0x6EDD, 0x0333, 0x0A2D, 0x09CB,
    0x09CB, 0x09CB, 0x09CB, 0x0969, 0x0127, 0x00E6, 0x00C5, 0x00A4, 0x0083, 0x0083, 0x0063, 0x0063,
    0x0042, 0x08E6, 0x0042, 0x0084, 0x0042, 0x0042, 0x0042, 0x0042, 0x0021, 0x0001, 0x0001, 0x0000,
    0x0001, 0x0001, 0x0001, 0x0021, 0x0022, 0x0022, 0x0022, 0x0063, 0x0063, 0x0083, 0x08E5, 0x0042,
    0x0063, 0x0083, 0x00A4, 0x00A4, 0x00C5, 0x0906, 0x0927, 0x0969, 0x09CB, 0x0A2D, 0x124E, 0x122D,
    0x09EC, 0x0A0D, 0x0A8F, 0x2415, 0x0A6F, 0x09CB, 0x0969, 0x0128, 0x0127, 0x0969, 0x0928, 0x1ACE,
    0x09EB, 0x00C6, 0x0107, 0x00E6, 0x00C5, 0x08E6, 0x0107, 0x2350, 0x0928, 0x00C6, 0x0107, 0x0928,
    0x00E6, 0x0926, 0x0063, 0x00C5, 0x0927, 0x0042, 0x0062, 0x0063, 0x0062, 0x0062, 0x0062, 0x0062,
    0x0062, 0x0062, 0x0042, 0x0042, 0x0042, 0x0042, 0x0042, 0x0042, 0x0062, 0x0042, 0x0042, 0x0042,
    0x0042, 0x0042, 0x0042, 0x0042, 0x0042, 0x0042, 0x0042, 0x0042, 0x0042, 0x0042, 0x0042, 0x0042,
    0x0042, 0x0042, 0x0042, 0x0042, 0x0042, 0x0042, 0x0042, 0x0042, 0x0042, 0x0042, 0x0042, 0x0042,
    0x0042, 0x0042, 0x0042, 0x0042, 0x0042, 0x0042, 0x0042, 0x0042, 0x0042, 0x0042, 0x0042, 0x0042,
    0x0042, 0x0042, 0x0042, 0x0042, 0x0042, 0x0042, 0x0042, 0x0042, 0x0042, 0x0042, 0x0042, 0x0042,
    0x0042, 0x0042, 0x0042, 0x0042, 0x0042, 0x0042, 0x0042, 0x0042, 0x0042, 0x0042, 0x0042, 0x0042,
    0x0042, 0x0042, 0x0042, 0x0042, 0x0042, 0x0042, 0x0042, 0x0042, 0x0042, 0x0042, 0x0042, 0x0042,
    0x0041, 0x0041, 0x0042, 0x0042, 0x0042, 0x0042, 0x0042, 0x0042, 0x0041, 0x0042, 0x0042, 0x0042,
    0x0042, 0x0042, 0x0042, 0x0042, 0x0042, 0x0042, 0x0042, 0x0042, 0x0042, 0x0042, 0x0042, 0x0042,
    0x0042, 0x0042, 0x0062, 0x0042, 0x0042, 0x0042, 0x0042, 0x0042, 0x0042, 0x0042, 0x0062, 0x0062,
    0x0062, 0x0062, 0x0062, 0x0062, 0x0063, 0x0042, 0x00A4, 0x08E5, 0x0083, 0x00A4, 0x0927, 0x00C5,
    0x0106, 0x0107, 0x0085, 0x1A6C, 0x128D, 0x00C6, 0x00E6, 0x00E6, 0x0948, 0x0927, 0x00C5, 0x1ACE,
    0x11EB, 0x11AA, 0x0969, 0x0928, 0x0948, 0x098A, 0x09AB, 0x1312, 0x1BB4, 0x0A0D, 0x09EC, 0x0A0C,
    0x122D, 0x0A2E, 0x0A0D, 0x098A, 0x0948, 0x0906, 0x00C5, 0x00A4, 0x0083, 0x0083, 0x0063, 0x0062,
    0x0042, 0x08E6, 0x0042, 0x0084, 0x0042, 0x0022, 0x0022, 0x0042, 0x0021, 0x0001, 0x0001, 0x0000,
    0x0001, 0x0001, 0x0001, 0x0021, 0x0022, 0x0022, 0x0022, 0x0042, 0x0063, 0x0083, 0x08E5, 0x0042,
    0x0063, 0x0063, 0x0083, 0x00A4, 0x08E5, 0x0907, 0x0969, 0x09EC, 0x0A8F, 0x0333, 0x0AD1, 0x0A0D,
    0x09EC, 0x09CC, 0x09CC, 0x1B10, 0x09CB, 0x0948, 0x0927, 0x0907, 0x0107, 0x1168, 0x11AA, 0x0A4C,
    0x124C, 0x00C5, 0x00E6, 0x00E6, 0x00C5, 0x00E6, 0x00E7, 0x1AEF, 0x11EA, 0x00A5, 0x00E6, 0x00C5,
    0x0084, 0x0083, 0x00E6, 0x00A4, 0x0063, 0x08E6, 0x0083, 0x0042, 0x0062, 0x0062, 0x0062, 0x0062,
    0x0042, 0x0062, 0x0042, 0x0042, 0x0042, 0x0042, 0x0042, 0x0042, 0x0042, 0x0042, 0x0042, 0x0042,
    0x0042, 0x0042, 0x0042, 0x0042, 0x0042, 0x0042, 0x0042, 0x0042, 0x0042, 0x0042, 0x0042, 0x0042,
    0x0042, 0x0042, 0x0042, 0x0042, 0x0042, 0x0042, 0x0042, 0x0042, 0x0042, 0x0042, 0x0042, 0x0042,
    0x0042, 0x0042, 0x0042, 0x0042, 0x0042, 0x0042, 0x0042, 0x0042, 0x0042, 0x0042, 0x0042, 0x0042,
    0x0042, 0x0042, 0x0042, 0x0042, 0x0042, 0x0042, 0x0042, 0x0042, 0x0042, 0x0042, 0x0042, 0x0042,
    0x0042, 0x0042, 0x0042, 0x0042, 0x0042, 0x0042, 0x0042, 0x0042, 0x0042, 0x0042, 0x0042, 0x0042,
    0x0042, 0x0042, 0x0042, 0x0041, 0x0042, 0x0042, 0x0042, 0x0042, 0x0041, 0x0041, 0x0041, 0x0041,
    0x0041, 0x0041, 0x0041, 0x0041, 0x0042, 0x0042, 0x0042, 0x0041, 0x0042, 0x0042, 0x0042, 0x0042,
    0x0042, 0x0042, 0x0042, 0x0042, 0x0042, 0x0042, 0x0042, 0x0042, 0x0042, 0x0042, 0x0042, 0x0042,
    0x0042, 0x0042, 0x0042, 0x0042, 0x0042, 0x0042, 0x0042, 0x0042, 0x0042, 0x0042, 0x0042, 0x0042,
    0x0062, 0x0062, 0x0062, 0x0062, 0x0042, 0x08C4, 0x0084, 0x0063, 0x0084, 0x0906, 0x0084, 0x00A4,
    0x00C5, 0x00E6, 0x0084, 0x232F, 0x09A9, 0x00C5, 0x00C5, 0x08C5, 0x0927, 0x00E6, 0x00C5, 0x1A8D,
    0x0969, 0x11CB, 0x0948, 0x0927, 0x0927, 0x0928, 0x0928, 0x128E, 0x12AF, 0x018A, 0x09CB, 0x120D,
    0x0A2E, 0x0AD1, 0x02F2, 0x0A2E, 0x098A, 0x0927, 0x00E6, 0x00A4, 0x0083, 0x0063, 0x0062, 0x0062,
    0x0042, 0x08C5, 0x0042, 0x0083, 0x0042, 0x0022, 0x0022, 0x0022, 0x0021, 0x0001, 0x0001, 0x0000,
    0x0001, 0x0001, 0x0001, 0x0021, 0x0021, 0x0022, 0x0022, 0x0042, 0x0043, 0x0083, 0x08E5, 0x0042,
    0x0063, 0x0063, 0x0083, 0x00A4, 0x08E5, 0x0927, 0x09AA, 0x12B0, 0x24B8, 0x5E7D, 0x1C98, 0x0A4E,
    0x098A, 0x098A, 0x0149, 0x1A8D, 0x0989, 0x0107, 0x0106, 0x00E6, 0x00E5, 0x0928, 0x0149, 0x09A9,
    0x128D, 0x00A5, 0x00E6, 0x08E6, 0x08C5, 0x00C5, 0x0906, 0x122B, 0x1A8C, 0x0064, 0x00C5, 0x00A4,
    0x00A4, 0x00C5, 0x0948, 0x0083, 0x0043, 0x11EA, 0x08E5, 0x0022, 0x0062, 0x0062, 0x0062, 0x0062,
    0x0042, 0x0042, 0x0042, 0x0042, 0x0042, 0x0042, 0x0042, 0x0042, 0x0062, 0x0042, 0x0042, 0x0042,
    0x0042, 0x0042, 0x0042, 0x0042, 0x0042, 0x0042, 0x0042, 0x0042, 0x0042, 0x0042, 0x0042, 0x0042,
    0x0042, 0x0042, 0x0042, 0x0042, 0x0042, 0x0042, 0x0042, 0x0042, 0x0042, 0x0042, 0x0042, 0x0042,
    0x0042, 0x0042, 0x0042, 0x0042, 0x0042, 0x0042, 0x0042, 0x0042, 0x0042, 0x0042, 0x0042, 0x0042,
    0x0042, 0x0042, 0x0042, 0x0042, 0x0042, 0x0042, 0x0042, 0x0042, 0x0042, 0x0042, 0x0042, 0x0042,
    0x0042, 0x0042, 0x0042, 0x0042, 0x0042, 0x0042, 0x0042, 0x0042, 0x0042, 0x0042, 0x0042, 0x0042,
    0x0042, 0x0042, 0x0042, 0x0042, 0x0042, 0x0042, 0x0042, 0x0041, 0x0041, 0x0041, 0x0041, 0x0041,
    0x0041, 0x0042, 0x0041, 0x0041, 0x0041, 0x0042, 0x0042, 0x0042, 0x0042, 0x0042, 0x0042, 0x0042,
    0x0042, 0x0042, 0x0042, 0x0042, 0x0042, 0x0042, 0x0042, 0x0042, 0x0042, 0x0042, 0x0042, 0x0042,
    0x0042, 0x0042, 0x0042, 0x0042, 0x0042, 0x0042, 0x0042, 0x0042, 0x0042, 0x0042, 0x0042, 0x0042,
    0x0042, 0x0042, 0x0042, 0x0063, 0x0021, 0x11EA, 0x0947, 0x0063, 0x0084, 0x11A9, 0x00A4, 0x00A4,
    0x00C5, 0x00A5, 0x00C5, 0x1AEE, 0x0107, 0x0906, 0x08C5, 0x08E6, 0x0906, 0x00C5, 0x0906, 0x126C,
    0x00E6, 0x0948, 0x00E6, 0x00E6, 0x0906, 0x0106, 0x0107, 0x124D, 0x120B, 0x0949, 0x09AB, 0x09EC,
    0x0AD1, 0x2D5A, 0x461C, 0x0BB6, 0x09ED, 0x0948, 0x00E6, 0x00A4, 0x0083, 0x0063, 0x0062, 0x0042,
    0x0042, 0x08C5, 0x0042, 0x0083, 0x0022, 0x0022, 0x0021, 0x0022, 0x0021, 0x0001, 0x0001, 0x0000,
    0x0001, 0x0001, 0x0001, 0x0021, 0x0021, 0x0022, 0x0021, 0x0042, 0x0063, 0x0083, 0x08C5, 0x0042,
    0x0062, 0x0063, 0x0083, 0x00A4, 0x08E5, 0x0927, 0x09AA, 0x1353, 0x463D, 0xDFFF, 0x3DFC, 0x0AF2,
    0x09EC, 0x09CB, 0x09AA, 0x126C, 0x11A9, 0x0948, 0x0969, 0x0927, 0x0927, 0x0969, 0x11EB, 0x11CA,
    0x1A8D, 0x00E6, 0x00E6, 0x08E6, 0x08E5, 0x00C5, 0x00E5, 0x0968, 0x232E, 0x00A5, 0x00C5, 0x00C5,
    0x00A4, 0x0084, 0x00A5, 0x08E5, 0x0083, 0x0063, 0x0042, 0x0062, 0x0062, 0x0062, 0x0062, 0x0042,
    0x0042, 0x0042, 0x0042, 0x0042, 0x0042, 0x0042, 0x0042, 0x0042, 0x0062, 0x0042, 0x0042, 0x0042,
    0x0042, 0x0042, 0x0042, 0x0042, 0x0042, 0x0042, 0x0042, 0x0042, 0x0042, 0x0042, 0x0042, 0x0042,
    0x0042, 0x0042, 0x0042, 0x0042, 0x0042, 0x0042, 0x0042, 0x0042, 0x0042, 0x0042, 0x0042, 0x0042,
    0x0042, 0x0042, 0x0042, 0x0042, 0x0042, 0x0042, 0x0042, 0x0042, 0x0042, 0x0042, 0x0042, 0x0042,
    0x0042, 0x0042, 0x0042, 0x0042, 0x0042, 0x0042, 0x0042, 0x0042, 0x0042, 0x0042, 0x0042, 0x0042,
    0x0042, 0x0042, 0x0042, 0x0042, 0x0042, 0x0042, 0x0042, 0x0042, 0x0042, 0x0042, 0x0042, 0x0042,
    0x0042, 0x0042, 0x0042, 0x0042, 0x0042, 0x0042, 0x0042, 0x0041, 0x0041, 0x0041, 0x0041, 0x0041,
    0x0041, 0x0041, 0x0041, 0x0041, 0x0042, 0x0042, 0x0042, 0x0042, 0x0042, 0x0042, 0x0042, 0x0042,
    0x0042, 0x0042, 0x0042, 0x0042, 0x0042, 0x0042, 0x0042, 0x0042, 0x0042, 0x0042, 0x0042, 0x0042,
    0x0042, 0x0042, 0x0042, 0x0042, 0x0042, 0x0042, 0x0042, 0x0042, 0x0042, 0x0042, 0x0042, 0x0042,
    0x0042, 0x0042, 0x0062, 0x0062, 0x0062, 0x0042, 0x0083, 0x08A4, 0x0906, 0x0084, 0x00A5, 0x00A4,
    0x00C5, 0x0084, 0x11CA, 0x1ACE, 0x0085, 0x00E6, 0x08E6, 0x0906, 0x0906, 0x00E6, 0x11EA, 0x1AAD,
    0x0107, 0x0968, 0x0927, 0x0927, 0x0927, 0x0948, 0x0928, 0x124C, 0x09CA, 0x098A, 0x09EC, 0x0A0D,
    0x0354, 0x7F1E, 0xC7FF, 0x14BA, 0x0A4F, 0x0948, 0x00E6, 0x00A4, 0x0083, 0x0063, 0x0062, 0x0042,
    0x0042, 0x08C5, 0x0042, 0x0063, 0x0022, 0x0021, 0x0021, 0x0022, 0x0021, 0x0001, 0x0001, 0x0000,
    0x0000, 0x0001, 0x0001, 0x0021, 0x0021, 0x0021, 0x0021, 0x0042, 0x0063, 0x0083, 0x08C5, 0x0042,
    0x0062, 0x0063, 0x0083, 0x00A4, 0x08C5, 0x0907, 0x0969, 0x12F0, 0x1C37, 0x565D, 0x1C57, 0x0A70,
    0x098A, 0x0948, 0x0928, 0x11EA, 0x09CA, 0x0107, 0x0948, 0x0928, 0x0107, 0x0928, 0x11CA, 0x0968,
    0x1A6C, 0x0947, 0x00C5, 0x00E6, 0x00E6, 0x00C5, 0x0906, 0x00E6, 0x1AEE, 0x0947, 0x00A5, 0x00C5,
    0x00A4, 0x0084, 0x00C5, 0x0927, 0x0062, 0x0083, 0x0063, 0x0062, 0x0062, 0x0042, 0x0042, 0x0042,
    0x0042, 0x0042, 0x0042, 0x0042, 0x0042, 0x0042, 0x0042, 0x0042, 0x0042, 0x0042, 0x0042, 0x0042,
    0x0042, 0x0042, 0x0042, 0x0042, 0x0042, 0x0042, 0x0042, 0x0042, 0x0042, 0x0042, 0x0042, 0x0042,
    0x0042, 0x0042, 0x0042, 0x0042, 0x0042, 0x0042, 0x0042, 0x0042, 0x0042, 0x0042, 0x0042, 0x0042,
    0x0042, 0x0042, 0x0042, 0x0042, 0x0042, 0x0042, 0x0042, 0x0042, 0x0042, 0x0042, 0x0042, 0x0042,
    0x0042, 0x0042, 0x0042, 0x0042, 0x0042, 0x0042, 0x0042, 0x0042, 0x0042, 0x0042, 0x0042, 0x0042,
    0x0042, 0x0042, 0x0042, 0x0042, 0x0042, 0x0042, 0x0042, 0x0042, 0x0042, 0x0042, 0x0042, 0x0042,
    0x0042, 0x0042, 0x0042, 0x0042, 0x0042, 0x0042, 0x0042, 0x0041, 0x0041, 0x0041, 0x0041, 0x0042,
    0x0041, 0x0042, 0x0042, 0x0042, 0x0041, 0x0042, 0x0042, 0x0042, 0x0042, 0x0042, 0x0042, 0x0042,
    0x0042, 0x0042, 0x0041, 0x0042, 0x0042, 0x0042, 0x0042, 0x0042, 0x0042, 0x0042, 0x0042, 0x0042,
    0x0042, 0x0042, 0x0042, 0x0042, 0x0042, 0x0042, 0x0042, 0x0042, 0x0042, 0x0042, 0x0042, 0x0042,
    0x0042, 0x0042, 0x0062, 0x0062, 0x0062, 0x0083, 0x0063, 0x0083, 0x1168, 0x00A5, 0x00A4, 0x00A4,
    0x00C5, 0x0063, 0x1AAD, 0x1A2C, 0x0907, 0x00C5, 0x00C5, 0x0906, 0x00E5, 0x00C5, 0x124C, 0x09A9,
    0x1188, 0x0947, 0x08E6, 0x0907, 0x0927, 0x0948, 0x0106, 0x120A, 0x0948, 0x0948, 0x0969, 0x098A,
    0x0A90, 0x355B, 0x35BB, 0x0B33, 0x122D, 0x0107, 0x08E5, 0x00A4, 0x0083, 0x0063, 0x0062, 0x0042,
    0x0042, 0x08C5, 0x0042, 0x0063, 0x0022, 0x0021, 0x0021, 0x0021, 0x0001, 0x0001, 0x0001, 0x0000,
    0x0001, 0x0001, 0x0001, 0x0021, 0x0021, 0x0021, 0x0022, 0x0042, 0x0021, 0x08A3, 0x10E5, 0x0842,
    0x0862, 0x0862, 0x0883, 0x0883, 0x00C4, 0x08E6, 0x0948, 0x1A6E, 0x0A4F, 0x2C36, 0x0A8F, 0x09CB,
    0x0968, 0x0907, 0x00C5, 0x0988, 0x09EB, 0x00C5, 0x00C5, 0x00C5, 0x00C5, 0x00C5, 0x0927, 0x0948,
    0x11EA, 0x11C9, 0x0084, 0x00E6, 0x00E6, 0x00C5, 0x00A4, 0x00A4, 0x124B, 0x120A, 0x0064, 0x00C4,
    0x00A4, 0x00A4, 0x0063, 0x0042, 0x0083, 0x0083, 0x0062, 0x0062, 0x0062, 0x0042, 0x0042, 0x0042,
    0x0042, 0x0042, 0x0042, 0x0042, 0x0042, 0x0042, 0x0042, 0x0042, 0x0042, 0x0042, 0x0042, 0x0042,
    0x0042, 0x0042, 0x0042, 0x0042, 0x0042, 0x0042, 0x0042, 0x0042, 0x0042, 0x0042, 0x0042, 0x0042,
    0x0042, 0x0042, 0x0042, 0x0042, 0x0042, 0x0042, 0x0042, 0x0042, 0x0042, 0x0042, 0x0042, 0x0042,
    0x0042, 0x0042, 0x0042, 0x0042, 0x0042, 0x0042, 0x0042, 0x0042, 0x0042, 0x0042, 0x0042, 0x0042,
    0x0042, 0x0042, 0x0042, 0x0042, 0x0042, 0x0042, 0x0042, 0x0042, 0x0042, 0x0042, 0x0042, 0x0042,
    0x0042, 0x0042, 0x0042, 0x0042, 0x0042, 0x0042, 0x0042, 0x0042, 0x0042, 0x0042, 0x0042, 0x0042,
    0x0042, 0x0042, 0x0042, 0x0042, 0x0042, 0x0041, 0x0041, 0x0042, 0x0042, 0x0041, 0x0041, 0x0041,
    0x0041, 0x0041, 0x0041, 0x0041, 0x0041, 0x0041, 0x0042, 0x0042, 0x0042, 0x0042, 0x0042, 0x0042,
    0x0042, 0x0042, 0x0042, 0x0042, 0x0042, 0x0041, 0x0042, 0x0042, 0x0042, 0x0042, 0x0042, 0x0042,
    0x0042, 0x0042, 0x0042, 0x0042, 0x0042, 0x0042, 0x0042, 0x0042, 0x0042, 0x0042, 0x0042, 0x0042,
    0x0042, 0x0042, 0x0042, 0x0062, 0x0042, 0x0063, 0x0083, 0x0063, 0x0063, 0x00A4, 0x00A4, 0x00A4,
    0x00A4, 0x0084, 0x22EE, 0x0928, 0x00C5, 0x00C5, 0x00C5, 0x08E6, 0x00C5, 0x00A5, 0x1A8D, 0x0948,
    0x1147, 0x00A5, 0x00A4, 0x00C5, 0x00E5, 0x00E6, 0x00E6, 0x11EA, 0x00C5, 0x0106, 0x0927, 0x0969,
    0x01AB, 0x1B93, 0x1B93, 0x09ED, 0x11EB, 0x00E6, 0x08C5, 0x0083, 0x0083, 0x0062, 0x0862, 0x0862,
    0x0042, 0x08E5, 0x0042, 0x0042, 0x0021, 0x0021, 0x0021, 0x0021, 0x0001, 0x0001, 0x0001, 0x0000,
    0x0001, 0x0001, 0x0001, 0x0021, 0x0021, 0x0021, 0x0022, 0x0021, 0x0862, 0x10E5, 0x0862, 0x0882,
    0x1082, 0x0882, 0x0883, 0x0883, 0x00A4, 0x08C5, 0x08E6, 0x11EB, 0x09AB, 0x2392, 0x11EB, 0x0949,
    0x0948, 0x0906, 0x00C5, 0x0906, 0x122B, 0x00E6, 0x00E6, 0x00C5, 0x00C5, 0x00C5, 0x0907, 0x1189,
    0x0947, 0x1A4C, 0x0084, 0x00E6, 0x00E5, 0x00C5, 0x00C5, 0x08E6, 0x0948, 0x22CD, 0x0084, 0x00C5,
    0x00A4, 0x0083, 0x0083, 0x0084, 0x0043, 0x0063, 0x0063, 0x0062, 0x0062, 0x0042, 0x0042, 0x0062,
    0x0062, 0x0042, 0x0042, 0x0042, 0x0042, 0x0042, 0x0042, 0x0042, 0x0042, 0x0042, 0x0042, 0x0042,
    0x0042, 0x0042, 0x0042, 0x0042, 0x0042, 0x0042, 0x0042, 0x0042, 0x0042, 0x0042, 0x0042, 0x0042,
    0x0042, 0x0042, 0x0042, 0x0042, 0x0042, 0x0042, 0x0042, 0x0042, 0x0042, 0x0042, 0x0042, 0x0042,
    0x0042, 0x0042, 0x0042, 0x0042, 0x0042, 0x0042, 0x0042, 0x0042, 0x0042, 0x0042, 0x0042, 0x0042,
    0x0042, 0x0042, 0x0042, 0x0042, 0x0042, 0x0042, 0x0042, 0x0042, 0x0042, 0x0042, 0x0042, 0x0042,
    0x0042, 0x0042, 0x0042, 0x0042, 0x0042, 0x0042, 0x0042, 0x0042, 0x0042, 0x0042, 0x0042, 0x0042,
    0x0042, 0x0042, 0x0042, 0x0042, 0x0042, 0x0042, 0x0041, 0x0042, 0x0042, 0x0041, 0x0041, 0x0041,
    0x0041, 0x0041, 0x0041, 0x0041, 0x0041, 0x0041, 0x0042, 0x0042, 0x0042, 0x0042, 0x0042, 0x0042,
    0x0042, 0x0042, 0x0042, 0x0042, 0x0042, 0x0041, 0x0042, 0x0041, 0x0042, 0x0042, 0x0042, 0x0042,
    0x0042, 0x0042, 0x0042, 0x0042, 0x0042, 0x0042, 0x0042, 0x0042, 0x0042, 0x0042, 0x0042, 0x0042,
    0x0042, 0x0042, 0x0062, 0x0062, 0x0062, 0x0063, 0x0062, 0x0063, 0x0084, 0x0083, 0x0084, 0x00A4,
    0x0084, 0x0988, 0x1A8C, 0x00C5, 0x00C5, 0x00A5, 0x00E5, 0x0906, 0x00A5, 0x0906, 0x124B, 0x0107,
    0x1168, 0x00E6, 0x00C5, 0x00C5, 0x00C5, 0x00E5, 0x0948, 0x11EA, 0x00A4, 0x00E6, 0x0906, 0x0927,
    0x0949, 0x1AF0, 0x1AAF, 0x0149, 0x0969, 0x00A5, 0x00A4, 0x0083, 0x0863, 0x0862, 0x0862, 0x0882,
    0x0862, 0x08A3, 0x10E5, 0x0021, 0x0021, 0x0021, 0x0021, 0x0021, 0x0001, 0x0001, 0x0001, 0x0000,
    0x0001, 0x0001, 0x0001, 0x0021, 0x0021, 0x0021, 0x0021, 0x0862, 0x1105, 0x0882, 0x1082, 0x10A2,
    0x18A3, 0x10A2, 0x0882, 0x0883, 0x0883, 0x00A4, 0x00C5, 0x1168, 0x0948, 0x2350, 0x120B, 0x0948,
    0x0927, 0x0907, 0x00E6, 0x00C5, 0x120B, 0x0128, 0x0106, 0x00E6, 0x00E6, 0x00E6, 0x00C5, 0x11A9,
    0x1189, 0x12AE, 0x0127, 0x00E6, 0x00E6, 0x00C5, 0x08E6, 0x00C5, 0x0969, 0x2350, 0x0906, 0x0084,
    0x00A4, 0x0084, 0x0083, 0x00A4, 0x11EB, 0x00A4, 0x0063, 0x0063, 0x0062, 0x0062, 0x0062, 0x0062,
    0x0062, 0x0062, 0x0062, 0x0042, 0x0042, 0x0042, 0x0062, 0x0042, 0x0062, 0x0042, 0x0042, 0x0042,
    0x0042, 0x0042, 0x0042, 0x0042, 0x0042, 0x0042, 0x0042, 0x0042, 0x0042, 0x0042, 0x0042, 0x0042,
    0x0042, 0x0042, 0x0042, 0x0042, 0x0042, 0x0042, 0x0042, 0x0042, 0x0042, 0x0042, 0x0042, 0x0042,
    0x0042, 0x0042, 0x0042, 0x0042, 0x0042, 0x0042, 0x0042, 0x0042, 0x0042, 0x0042, 0x0042, 0x0042,
    0x0042, 0x0042, 0x0042, 0x0042, 0x0042, 0x0042, 0x0042, 0x0042, 0x0042, 0x0042, 0x0042, 0x0042,
    0x0042, 0x0042, 0x0042, 0x0042, 0x0042, 0x0042, 0x0042, 0x0042, 0x0042, 0x0042, 0x0042, 0x0042,
    0x0042, 0x0042, 0x0042, 0x0042, 0x0042, 0x0042, 0x0042, 0x0042, 0x0042, 0x0041, 0x0041, 0x0041,
    0x0041, 0x0041, 0x0041, 0x0041, 0x0041, 0x0041, 0x0042, 0x0041, 0x0042, 0x0042, 0x0042, 0x0042,
    0x0042, 0x0042, 0x0041, 0x0041, 0x0041, 0x0042, 0x0042, 0x0042, 0x0041, 0x0042, 0x0042, 0x0042,
    0x0042, 0x0042, 0x0042, 0x0042, 0x0042, 0x0042, 0x0042, 0x0062, 0x0062, 0x0042, 0x0062, 0x0042,
    0x0042, 0x0062, 0x0062, 0x0063, 0x0063, 0x0042, 0x11A9, 0x1189, 0x0063, 0x0083, 0x0083, 0x00A4,
    0x0063, 0x1A8C, 0x1AAD, 0x00A5, 0x00A4, 0x00C5, 0x08E5, 0x0906, 0x00A5, 0x11E9, 0x11C9, 0x0947,
    0x0928, 0x0907, 0x00E5, 0x00E5, 0x00E6, 0x00C5, 0x09A9, 0x09CA, 0x00A5, 0x00E6, 0x0106, 0x0907,
    0x0128, 0x128E, 0x120B, 0x08E6, 0x0947, 0x0084, 0x0083, 0x0083, 0x0862, 0x0882, 0x1082, 0x10A2,
    0x1082, 0x0841, 0x08A3, 0x08E5, 0x0021, 0x0021, 0x0021, 0x0021, 0x0001, 0x0001, 0x0001, 0x0000,
    0x0000, 0x0001, 0x0001, 0x0001, 0x0021, 0x0001, 0x0042, 0x10E5, 0x0862, 0x0862, 0x18A2, 0x20C2,
    0x28C2, 0x20C3, 0x10A2, 0x0882, 0x0883, 0x08A3, 0x00A4, 0x0947, 0x00E5, 0x1A4C, 0x11EB, 0x00E6,
    0x08E6, 0x08E5, 0x00E5, 0x00A4, 0x09A9, 0x0927, 0x00E5, 0x00E5, 0x00E5, 0x00C5, 0x00C5, 0x0906,
    0x0906, 0x124C, 0x09CA, 0x00A5, 0x08E6, 0x00C5, 0x00C5, 0x08E5, 0x00C6, 0x124B, 0x120A, 0x0043,
    0x00A4, 0x0084, 0x0083, 0x0084, 0x11EB, 0x0084, 0x0062, 0x0062, 0x0062, 0x0062, 0x0062, 0x0042,
    0x0042, 0x0042, 0x0042, 0x0042, 0x0042, 0x0042, 0x0042, 0x0042, 0x0042, 0x0042, 0x0042, 0x0042,
    0x0042, 0x0042, 0x0042, 0x0042, 0x0042, 0x0042, 0x0042, 0x0042, 0x0042, 0x0042, 0x0042, 0x0042,
    0x0042, 0x0042, 0x0042, 0x0042, 0x0042, 0x0042, 0x0042, 0x0042, 0x0042, 0x0042, 0x0042, 0x0042,
    0x0042, 0x0042, 0x0042, 0x0042, 0x0042, 0x0042, 0x0042, 0x0042, 0x0042, 0x0042, 0x0042, 0x0042,
    0x0042, 0x0042, 0x0042, 0x0042, 0x0042, 0x0042, 0x0042, 0x0042, 0x0042, 0x0042, 0x0042, 0x0042,
    0x0042, 0x0042, 0x0042, 0x0042, 0x0042, 0x0042, 0x0042, 0x0042, 0x0042, 0x0042, 0x0042, 0x0042,
    0x0042, 0x0042, 0x0042, 0x0042, 0x0042, 0x0042, 0x0042, 0x0041, 0x0041, 0x0041, 0x0041, 0x0041,
    0x0041, 0x0041, 0x0041, 0x0041, 0x0041, 0x0041, 0x0042, 0x0042, 0x0042, 0x0041, 0x0042, 0x0042,
    0x0042, 0x0042, 0x0042, 0x0041, 0x0042, 0x0042, 0x0042, 0x0041, 0x0041, 0x0041, 0x0042, 0x0042,
    0x0042, 0x0042, 0x0042, 0x0042, 0x0042, 0x0042, 0x0042, 0x0042, 0x0042, 0x0042, 0x0042, 0x0042,
    0x0042, 0x0042, 0x0062, 0x0062, 0x0063, 0x0042, 0x0968, 0x0989, 0x0063, 0x0083, 0x0083, 0x00A4,
    0x0063, 0x232E, 0x0927, 0x08C5, 0x00A4, 0x00A4, 0x00C5, 0x00C5, 0x00A5, 0x1AAD, 0x0906, 0x08E5,
    0x08E5, 0x00E6, 0x00C5, 0x00C5, 0x00C5, 0x00A5, 0x11A9, 0x0968, 0x00A5, 0x00C5, 0x00C5, 0x00E5,
    0x00E6, 0x124C, 0x09A9, 0x08C5, 0x0926, 0x0083, 0x0083, 0x0862, 0x0862, 0x1082, 0x20C2, 0x20A1,
    0x18A2, 0x1082, 0x0841, 0x0883, 0x08C5, 0x0001, 0x0021, 0x0021, 0x0001, 0x0001, 0x0001, 0x0000,
    0x0000, 0x0001, 0x0001, 0x0001, 0x0001, 0x0022, 0x08C4, 0x0842, 0x0841, 0x10A2, 0x1061, 0x83AB,
    0xC572, 0x28C1, 0x18A3, 0x0882, 0x0883, 0x0883, 0x0083, 0x0947, 0x0906, 0x1A4C, 0x11CA, 0x00E5,
    0x00C5, 0x08C5, 0x08E6, 0x00E6, 0x0968, 0x0928, 0x00E6, 0x0127, 0x08E6, 0x00E5, 0x00E6, 0x00C5,
    0x00C6, 0x0988, 0x122B, 0x0084, 0x08E6, 0x00C5, 0x08E5, 0x00C5, 0x00A4, 0x08E5, 0x22AD, 0x0064,
    0x00A4, 0x0084, 0x0083, 0x0083, 0x0042, 0x0083, 0x0083, 0x0063, 0x0063, 0x0062, 0x0062, 0x0042,
    0x0042, 0x0042, 0x0042, 0x0042, 0x0042, 0x0042, 0x0042, 0x0042, 0x0042, 0x0042, 0x0042, 0x0042,
    0x0042, 0x0042, 0x0042, 0x0042, 0x0042, 0x0042, 0x0042, 0x0042, 0x0042, 0x0042, 0x0042, 0x0042,
    0x0042, 0x0042, 0x0042, 0x0042, 0x0042, 0x0042, 0x0042, 0x0042, 0x0042, 0x0042, 0x0042, 0x0042,
    0x0042, 0x0042, 0x0042, 0x0042, 0x0042, 0x0042, 0x0042, 0x0042, 0x0042, 0x0042, 0x0042, 0x0042,
    0x0042, 0x0042, 0x0042, 0x0042, 0x0042, 0x0042, 0x0042, 0x0042, 0x0042, 0x0042, 0x0042, 0x0042,
    0x0042, 0x0042, 0x0042, 0x0042, 0x0042, 0x0042, 0x0042, 0x0042, 0x0042, 0x0042, 0x0042, 0x0042,
    0x0042, 0x0042, 0x0042, 0x0042, 0x0042, 0x0042, 0x0041, 0x0041, 0x0041, 0x0041, 0x0041, 0x0041,
    0x0041, 0x0041, 0x0041, 0x0041, 0x0041, 0x0041, 0x0042, 0x0042, 0x0042, 0x0042, 0x0042, 0x0042,
    0x0042, 0x0042, 0x0041, 0x0041, 0x0042, 0x0042, 0x0042, 0x0041, 0x0041, 0x0042, 0x0042, 0x0042,
    0x0042, 0x0042, 0x0042, 0x0042, 0x0042, 0x0042, 0x0042, 0x0042, 0x0042, 0x0042, 0x0042, 0x0042,
    0x0042, 0x0062, 0x0062, 0x0062, 0x0063, 0x0083, 0x0063, 0x0063, 0x0084, 0x0083, 0x0084, 0x0063,
    0x1188, 0x228C, 0x0043, 0x00C5, 0x00C5, 0x00C5, 0x00E5, 0x00A4, 0x0927, 0x12AE, 0x00C5, 0x08E6,
    0x00A4, 0x00C5, 0x00C5, 0x00C5, 0x0927, 0x00C6, 0x098A, 0x0907, 0x00E6, 0x00C5, 0x00C5, 0x00A4,
    0x00E5, 0x122B, 0x0989, 0x08E6, 0x08E6, 0x0062, 0x0063, 0x0862, 0x0862, 0x1061, 0x49E5, 0xD5F3,
    0x3943, 0x1082, 0x0862, 0x0021, 0x0863, 0x08A4, 0x0021, 0x0021, 0x0001, 0x0001, 0x0001, 0x0000,
    0x0000, 0x0001, 0x0001, 0x0001, 0x0022, 0x08A4, 0x0042, 0x0041, 0x0862, 0x0841, 0x1881, 0x6267,
    0x7B6A, 0x28C2, 0x18A2, 0x0882, 0x0862, 0x0063, 0x0083, 0x0926, 0x08E5, 0x224B, 0x1188, 0x00E6,
    0x08E5, 0x08E5, 0x08E6, 0x0928, 0x122C, 0x23B3, 0x0A2D, 0x0148, 0x0906, 0x00C5, 0x0906, 0x0989,
    0x11CA, 0x00A4, 0x122B, 0x00C5, 0x00E5, 0x0906, 0x08E5, 0x00C5, 0x00A4, 0x00C5, 0x2B70, 0x0927,
    0x0063, 0x0084, 0x0083, 0x0083, 0x00A4, 0x00A4, 0x0043, 0x0083, 0x0063, 0x0062, 0x0062, 0x0062,
    0x0042, 0x0042, 0x0042, 0x0042, 0x0042, 0x0042, 0x0042, 0x0042, 0x0042, 0x0042, 0x0042, 0x0042,
    0x0042, 0x0042, 0x0042, 0x0042, 0x0042, 0x0042, 0x0042, 0x0042, 0x0042, 0x0042, 0x0042, 0x0042,
    0x0042, 0x0042, 0x0042, 0x0042, 0x0042, 0x0042, 0x0042, 0x0042, 0x0042, 0x0042, 0x0042, 0x0042,
    0x0042, 0x0042, 0x0042, 0x0042, 0x0042, 0x0042, 0x0042, 0x0042, 0x0042, 0x0042, 0x0042, 0x0042,
    0x0042, 0x0042, 0x0042, 0x0042, 0x0042, 0x0042, 0x0042, 0x0042, 0x0042, 0x0042, 0x0042, 0x0042,
    0x0042, 0x0042, 0x0042, 0x0042, 0x0042, 0x0042, 0x0042, 0x0042, 0x0042, 0x0042, 0x0042, 0x0042,
    0x0042, 0x0042, 0x0042, 0x0042, 0x0041, 0x0041, 0x0041, 0x0041, 0x0041, 0x0041, 0x0041, 0x0041,
    0x0041, 0x0041, 0x0042, 0x0041, 0x0041, 0x0041, 0x0042, 0x0042, 0x0042, 0x0042, 0x0042, 0x0041,
    0x0041, 0x0042, 0x0041, 0x0042, 0x0042, 0x0042, 0x0042, 0x0041, 0x0042, 0x0041, 0x0042, 0x0042,
    0x0042, 0x0042, 0x0042, 0x0042, 0x0042, 0x0042, 0x0042, 0x0042, 0x0042, 0x0042, 0x0042, 0x0042,
    0x0042, 0x0062, 0x0062, 0x0083, 0x0064, 0x0064, 0x00A4, 0x0083, 0x0083, 0x0083, 0x00A4, 0x0043,
    0x22ED, 0x11E9, 0x0063, 0x00A4, 0x00A4, 0x08E6, 0x08E6, 0x00A4, 0x11C9, 0x09CA, 0x0907, 0x11CA,
    0x0907, 0x00A4, 0x00C5, 0x0106, 0x0969, 0x1B30, 0x1B51, 0x0149, 0x00E6, 0x00E5, 0x00C5, 0x00A4,
    0x0906, 0x11CA, 0x1A2B, 0x00A5, 0x08E5, 0x0042, 0x0062, 0x0862, 0x0862, 0x1082, 0x3943, 0x838A,
    0x3123, 0x0841, 0x0021, 0x0842, 0x0021, 0x0063, 0x08A4, 0x0001, 0x0001, 0x0001, 0x0001, 0x0000,
    0x0000, 0x0001, 0x0001, 0x0021, 0x08A4, 0x0042, 0x0021, 0x0842, 0x0841, 0x5226, 0x3144, 0x1861,
    0x18A1, 0x18C2, 0x1082, 0x0862, 0x0862, 0x0062, 0x0083, 0x1126, 0x1988, 0x00A4, 0x0947, 0x00E5,
    0x0948, 0x0927, 0x00E6, 0x00C7, 0x2475, 0x8FFF, 0x2CB7, 0x0149, 0x0906, 0x00E5, 0x0106, 0x0948,
    0x11AA, 0x0084, 0x11C9, 0x0988, 0x00A5, 0x0906, 0x08E6, 0x08C5, 0x00A4, 0x0106, 0x1A8D, 0x22AC,
    0x0043, 0x00A4, 0x0083, 0x0083, 0x0083, 0x0907, 0x33B2, 0x00A5, 0x0063, 0x0062, 0x0042, 0x0062,
    0x0062, 0x0042, 0x0042, 0x0042, 0x0042, 0x0042, 0x0042, 0x0042, 0x0042, 0x0042, 0x0042, 0x0042,
    0x0042, 0x0042, 0x0042, 0x0042, 0x0042, 0x0042, 0x0042, 0x0042, 0x0042, 0x0042, 0x0042, 0x0042,
    0x0042, 0x0042, 0x0042, 0x0042, 0x0042, 0x0042, 0x0042, 0x0042, 0x0042, 0x0042, 0x0042, 0x0042,
    0x0042, 0x0042, 0x0042, 0x0042, 0x0042, 0x0042, 0x0042, 0x0042, 0x0042, 0x0042, 0x0042, 0x0042,
    0x0042, 0x0042, 0x0042, 0x0042, 0x0042, 0x0042, 0x0042, 0x0042, 0x0042, 0x0042, 0x0042, 0x0042,
    0x0042, 0x0042, 0x0042, 0x0042, 0x0042, 0x0042, 0x0042, 0x0042, 0x0042, 0x0042, 0x0042, 0x0042,
    0x0042, 0x0042, 0x0042, 0x0041, 0x0041, 0x0041, 0x0041, 0x0041, 0x0041, 0x0041, 0x0041, 0x0041,
    0x0041, 0x0041, 0x0041, 0x0041, 0x0042, 0x0041, 0x0041, 0x0042, 0x0042, 0x0042, 0x0041, 0x0041,
    0x0041, 0x0041, 0x0041, 0x0042, 0x0042, 0x0042, 0x0042, 0x0042, 0x0041, 0x0041, 0x0042, 0x0042,
    0x0042, 0x0042, 0x0042, 0x0042, 0x0042, 0x0042, 0x0042, 0x0042, 0x0042, 0x0042, 0x0042, 0x0042,
    0x0062, 0x0062, 0x0063, 0x0042, 0x1A0B, 0x3330, 0x0043, 0x00A4, 0x0083, 0x0083, 0x0083, 0x08E5,
    0x234F, 0x0107, 0x00C5, 0x00A4, 0x00C5, 0x08E5, 0x0927, 0x00C6, 0x126C, 0x00C5, 0x0947, 0x0968,
    0x0907, 0x00C5, 0x00C5, 0x0107, 0x01AB, 0x671D, 0x87FF, 0x0AAF, 0x00C6, 0x00E5, 0x0906, 0x00C5,
    0x0948, 0x0947, 0x0926, 0x08C5, 0x08C5, 0x0042, 0x0062, 0x0062, 0x0862, 0x1082, 0x18A2, 0x1861,
    0x1061, 0x41C5, 0x2944, 0x0021, 0x0041, 0x0001, 0x0062, 0x0063, 0x0001, 0x0001, 0x0001, 0x0000,
    0x0000, 0x0001, 0x0001, 0x0022, 0x0063, 0x0021, 0x0021, 0x0841, 0x0021, 0x4A26, 0x2103, 0x1061,
    0x18C3, 0x1082, 0x0862, 0x0862, 0x0062, 0x0062, 0x0063, 0x1947, 0x08C5, 0x0063, 0x08E5, 0x08E6,
    0x0107, 0x0989, 0x0906, 0x0907, 0x0AF0, 0x6F7E, 0x2C96, 0x0128, 0x00E6, 0x00C5, 0x00A5, 0x00C5,
    0x00A5, 0x00A4, 0x0947, 0x1A4C, 0x00A5, 0x00C5, 0x08E5, 0x08C5, 0x00C5, 0x00A5, 0x00A5, 0x230E,
    0x00C5, 0x00A4, 0x0084, 0x0083, 0x0083, 0x08C5, 0x19EB, 0x0084, 0x0063, 0x0062, 0x0042, 0x0042,
    0x0042, 0x0042, 0x0042, 0x0042, 0x0042, 0x0042, 0x0042, 0x0042, 0x0042, 0x0042, 0x0042, 0x0042,
    0x0042, 0x0042, 0x0042, 0x0042, 0x0042, 0x0042, 0x0042, 0x0042, 0x0042, 0x0042, 0x0042, 0x0042,
    0x0042, 0x0042, 0x0042, 0x0042, 0x0042, 0x0042, 0x0042, 0x0042, 0x0042, 0x0042, 0x0042, 0x0042,
    0x0042, 0x0042, 0x0042, 0x0042, 0x0042, 0x0042, 0x0042, 0x0042, 0x0042, 0x0042, 0x0042, 0x0042,
    0x0042, 0x0042, 0x0042, 0x0042, 0x0042, 0x0042, 0x0042, 0x0042, 0x0042, 0x0042, 0x0042, 0x0042,
    0x0042, 0x0042, 0x0042, 0x0042, 0x0042, 0x0042, 0x0042, 0x0042, 0x0042, 0x0042, 0x0042, 0x0042,
    0x0042, 0x0042, 0x0041, 0x0041, 0x0042, 0x0042, 0x0041, 0x0041, 0x0041, 0x0041, 0x0041, 0x0041,
    0x0041, 0x0041, 0x0041, 0x0041, 0x0041, 0x0041, 0x0041, 0x0042, 0x0041, 0x0042, 0x0041, 0x0041,
    0x0041, 0x0041, 0x0041, 0x0042, 0x0042, 0x0042, 0x0042, 0x0041, 0x0041, 0x0042, 0x0042, 0x0042,
    0x0042, 0x0042, 0x0042, 0x0042, 0x0042, 0x0042, 0x0042, 0x0042, 0x0042, 0x0042, 0x0042, 0x0042,
    0x0062, 0x0062, 0x0063, 0x0063, 0x0927, 0x11AA, 0x0084, 0x0084, 0x0083, 0x00A4, 0x0042, 0x1A2A,
    0x1A0A, 0x0063, 0x00C5, 0x00C5, 0x00C5, 0x00E6, 0x00E6, 0x0968, 0x128D, 0x0064, 0x00C4, 0x00A4,
    0x00A5, 0x00C5, 0x00C5, 0x00C5, 0x018A, 0x565B, 0x66FE, 0x01ED, 0x00E6, 0x00C5, 0x1189, 0x0085,
    0x0107, 0x00A4, 0x0042, 0x08C5, 0x08C5, 0x0042, 0x0062, 0x0042, 0x0842, 0x0862, 0x0862, 0x18A2,
    0x0841, 0x41C5, 0x2944, 0x0021, 0x0041, 0x0021, 0x0021, 0x0063, 0x0001, 0x0001, 0x0001, 0x0000,
    0x0000, 0x0001, 0x0001, 0x0022, 0x0063, 0x0021, 0x0021, 0x0041, 0x0841, 0x18C3, 0x1062, 0x0862,
    0x0882, 0x0862, 0x0842, 0x0062, 0x0062, 0x0062, 0x08A4, 0x1106, 0x0063, 0x0063, 0x00A3, 0x0947,
    0x00A5, 0x0989, 0x0968, 0x0969, 0x0149, 0x020C, 0x09EC, 0x0107, 0x00E6, 0x00C5, 0x00A4, 0x00A4,
    0x00A4, 0x00C5, 0x00C5, 0x1A6C, 0x11AA, 0x0926, 0x00C5, 0x08E5, 0x08C5, 0x08E5, 0x0084, 0x22AD,
    0x1A2B, 0x0063, 0x00A4, 0x0084, 0x0084, 0x0083, 0x0043, 0x0083, 0x0063, 0x0062, 0x0062, 0x0062,
    0x0042, 0x0042, 0x0042, 0x0042, 0x0042, 0x0042, 0x0042, 0x0042, 0x0042, 0x0042, 0x0042, 0x0042,
    0x0042, 0x0042, 0x0042, 0x0042, 0x0042, 0x0042, 0x0042, 0x0042, 0x0042, 0x0042, 0x0042, 0x0042,
    0x0042, 0x0042, 0x0042, 0x0042, 0x0042, 0x0042, 0x0042, 0x0042, 0x0042, 0x0042, 0x0042, 0x0042,
    0x0042, 0x0042, 0x0042, 0x0042, 0x0042, 0x0042, 0x0042, 0x0042, 0x0042, 0x0042, 0x0042, 0x0042,
    0x0042, 0x0042, 0x0042, 0x0042, 0x0042, 0x0042, 0x0042, 0x0042, 0x0042, 0x0042, 0x0042, 0x0042,
    0x0042, 0x0042, 0x0042, 0x0042, 0x0042, 0x0042, 0x0042, 0x0042, 0x0042, 0x0042, 0x0042, 0x0042,
    0x0042, 0x0042, 0x0042, 0x0042, 0x0042, 0x0042, 0x0041, 0x0042, 0x0041, 0x0041, 0x0041, 0x0041,
    0x0041, 0x0041, 0x0041, 0x0041, 0x0041, 0x0041, 0x0041, 0x0041, 0x0042, 0x0042, 0x0041, 0x0041,
    0x0041, 0x0041, 0x0041, 0x0041, 0x0042, 0x0042, 0x0042, 0x0042, 0x0041, 0x0042, 0x0042, 0x0042,
    0x0042, 0x0042, 0x0042, 0x0042, 0x0042, 0x0042, 0x0042, 0x0042, 0x0042, 0x0042, 0x0042, 0x0042,
    0x0062, 0x0062, 0x0062, 0x0063, 0x0063, 0x0063, 0x0084, 0x0083, 0x0083, 0x00A4, 0x0084, 0x2B4F,
    0x1168, 0x00A5, 0x00C5, 0x00C5, 0x00C5, 0x00E6, 0x08E6, 0x1A6D, 0x09CA, 0x0084, 0x00A4, 0x00A4,
    0x00A4, 0x00A4, 0x00A5, 0x00E5, 0x0107, 0x124D, 0x01EC, 0x016A, 0x0907, 0x0926, 0x0927, 0x00C5,
    0x00C5, 0x0063, 0x0062, 0x08A4, 0x08E5, 0x0042, 0x0042, 0x0042, 0x0042, 0x0841, 0x0842, 0x0862,
    0x0841, 0x10A2, 0x0862, 0x0021, 0x0021, 0x0021, 0x0021, 0x0063, 0x0001, 0x0001, 0x0001, 0x0000,
    0x0000, 0x0001, 0x0001, 0x0022, 0x0063, 0x0001, 0x0021, 0x0041, 0x0021, 0x2103, 0x1082, 0x0841,
    0x0862, 0x0842, 0x0042, 0x0042, 0x0042, 0x0883, 0x0083, 0x08C5, 0x0063, 0x0083, 0x0083, 0x0947,
    0x00C5, 0x0948, 0x09A9, 0x00E6, 0x00E6, 0x0927, 0x11A9, 0x0927, 0x0927, 0x00A4, 0x00A4, 0x00A4,
    0x00C5, 0x00C5, 0x00A5, 0x11EB, 0x120B, 0x00A5, 0x0927, 0x0906, 0x08C5, 0x08C5, 0x00A4, 0x11EB,
    0x3390, 0x0084, 0x00A4, 0x0084, 0x0083, 0x0083, 0x0083, 0x0063, 0x0063, 0x0062, 0x0062, 0x0062,
    0x0042, 0x0042, 0x0042, 0x0042, 0x0042, 0x0042, 0x0042, 0x0042, 0x0042, 0x0042, 0x0042, 0x0042,
    0x0042, 0x0042, 0x0042, 0x0042, 0x0042, 0x0042, 0x0042, 0x0042, 0x0042, 0x0042, 0x0042, 0x0042,
    0x0042, 0x0042, 0x0042, 0x0042, 0x0042, 0x0042, 0x0042, 0x0042, 0x0042, 0x0042, 0x0042, 0x0042,
    0x0042, 0x0042, 0x0042, 0x0042, 0x0042, 0x0042, 0x0042, 0x0042, 0x0042, 0x0042, 0x0042, 0x0042,
    0x0042, 0x0042, 0x0042, 0x0042, 0x0042, 0x0042, 0x0042, 0x0042, 0x0042, 0x0042, 0x0042, 0x0042,
    0x0042, 0x0042, 0x0042, 0x0042, 0x0042, 0x0042, 0x0042, 0x0042, 0x0042, 0x0042, 0x0042, 0x0042,
    0x0042, 0x0042, 0x0042, 0x0042, 0x0042, 0x0042, 0x0041, 0x0041, 0x0041, 0x0041, 0x0041, 0x0041,
    0x0041, 0x0041, 0x0041, 0x0041, 0x0041, 0x0041, 0x0041, 0x0041, 0x0042, 0x0041, 0x0041, 0x0041,
    0x0041, 0x0041, 0x0041, 0x0041, 0x0041, 0x0041, 0x0042, 0x0042, 0x0041, 0x0042, 0x0042, 0x0042,
    0x0042, 0x0042, 0x0042, 0x0042, 0x0042, 0x0042, 0x0042, 0x0042, 0x0042, 0x0042, 0x0042, 0x0062,
    0x0062, 0x0062, 0x0063, 0x0063, 0x0083, 0x0083, 0x0083, 0x0083, 0x08A4, 0x0063, 0x19E9, 0x2AEE,
    0x0128, 0x00A4, 0x00C5, 0x00C5, 0x0927, 0x0107, 0x0128, 0x1AAE, 0x00E6, 0x00C5, 0x00C4, 0x00A4,
    0x0084, 0x0084, 0x00C5, 0x0927, 0x0947, 0x11CA, 0x00A4, 0x00E6, 0x00C6, 0x09AA, 0x0927, 0x0906,
    0x00A4, 0x0063, 0x0063, 0x08A4, 0x08C4, 0x0063, 0x0042, 0x0042, 0x0042, 0x0041, 0x0041, 0x0862,
    0x0021, 0x18C3, 0x1082, 0x0021, 0x0021, 0x0021, 0x0021, 0x0063, 0x0001, 0x0001, 0x0000, 0x0000,
    0x0000, 0x0000, 0x0001, 0x0022, 0x0063, 0x0001, 0x0021, 0x0021, 0x0021, 0x20E3, 0x0862, 0x0041,
    0x0842, 0x0042, 0x0042, 0x0042, 0x0883, 0x0083, 0x0042, 0x08C5, 0x0063, 0x0083, 0x0083, 0x0947,
    0x00C5, 0x00A4, 0x1A0A, 0x00C5, 0x00A5, 0x1A6C, 0x0968, 0x08E6, 0x08C4, 0x0083, 0x00A4, 0x00A4,
    0x00C5, 0x00C5, 0x00E6, 0x0127, 0x22AE, 0x1A2C, 0x0148, 0x0928, 0x00C5, 0x08E5, 0x08E5, 0x0064,
    0x432E, 0x324B, 0x0063, 0x08A4, 0x0083, 0x0083, 0x0083, 0x0083, 0x0063, 0x0062, 0x0062, 0x0062,
    0x0062, 0x0042, 0x0042, 0x0042, 0x0042, 0x0042, 0x0042, 0x0042, 0x0042, 0x0042, 0x0042, 0x0042,
    0x0042, 0x0042, 0x0042, 0x0042, 0x0042, 0x0042, 0x0042, 0x0042, 0x0042, 0x0042, 0x0042, 0x0042,
    0x0042, 0x0042, 0x0042, 0x0042, 0x0042, 0x0042, 0x0042, 0x0042, 0x0042, 0x0042, 0x0042, 0x0042,
    0x0042, 0x0042, 0x0042, 0x0042, 0x0042, 0x0042, 0x0042, 0x0042, 0x0042, 0x0042, 0x0042, 0x0042,
    0x0042, 0x0042, 0x0042, 0x0042, 0x0042, 0x0042, 0x0042, 0x0042, 0x0042, 0x0042, 0x0042, 0x0042,
    0x0042, 0x0042, 0x0042, 0x0042, 0x0042, 0x0042, 0x0042, 0x0042, 0x0042, 0x0042, 0x0042, 0x0042,
    0x0042, 0x0042, 0x0042, 0x0042, 0x0042, 0x0042, 0x0041, 0x0041, 0x0041, 0x0041, 0x0041, 0x0041,
    0x0041, 0x0041, 0x0041, 0x0041, 0x0041, 0x0041, 0x0041, 0x0041, 0x0042, 0x0041, 0x0041, 0x0041,
    0x0041, 0x0041, 0x0041, 0x0041, 0x0041, 0x0041, 0x0042, 0x0041, 0x0042, 0x0041, 0x0042, 0x0042,
    0x0042, 0x0042, 0x0042, 0x0042, 0x0042, 0x0042, 0x0042, 0x0042, 0x0042, 0x0042, 0x0042, 0x0062,
    0x0062, 0x0062, 0x0063, 0x0063, 0x0063, 0x0083, 0x0083, 0x0083, 0x08C4, 0x0083, 0x5C31, 0x19A8,
    0x0084, 0x08C5, 0x00C5, 0x08C5, 0x0148, 0x0989, 0x22EF, 0x11EB, 0x00A5, 0x00C5, 0x00C5, 0x00A5,
    0x0083, 0x0083, 0x00A4, 0x08C5, 0x0927, 0x11CA, 0x11C9, 0x0084, 0x1188, 0x11A9, 0x00E5, 0x0906,
    0x00C5, 0x0063, 0x0063, 0x08A4, 0x08A4, 0x0022, 0x0063, 0x0042, 0x0021, 0x0042, 0x0041, 0x0042,
    0x0021, 0x18C3, 0x1082, 0x0001, 0x0021, 0x0021, 0x0021, 0x0062, 0x0001, 0x0001, 0x0000, 0x0000,
    0x0000, 0x0000, 0x0001, 0x0021, 0x0063, 0x0001, 0x0021, 0x0021, 0x0021, 0x20E3, 0x0862, 0x0021,
    0x0042, 0x0042, 0x0042, 0x0883, 0x0083, 0x0042, 0x0062, 0x08C5, 0x0063, 0x0083, 0x0083, 0x00A5,
    0x0947, 0x00C5, 0x1A2B, 0x0927, 0x0084, 0x22AD, 0x1168, 0x00A4, 0x1189, 0x08C5, 0x0084, 0x00A4,
    0x08C5, 0x08E6, 0x00C5, 0x11CA, 0x2B92, 0x2311, 0x09AA, 0x0128, 0x00E6, 0x00E6, 0x08E6, 0x0084,
    0x324A, 0x9D34, 0x0084, 0x08C4, 0x00A4, 0x0083, 0x0083, 0x0083, 0x0063, 0x0063, 0x0062, 0x0062,
    0x0062, 0x0042, 0x0042, 0x0042, 0x0042, 0x0042, 0x0042, 0x0042, 0x0042, 0x0042, 0x0042, 0x0042,
    0x0042, 0x0042, 0x0042, 0x0042, 0x0042, 0x0042, 0x0042, 0x0042, 0x0042, 0x0042, 0x0042, 0x0042,
    0x0042, 0x0042, 0x0042, 0x0042, 0x0042, 0x0042, 0x0042, 0x0042, 0x0042, 0x0042, 0x0042, 0x0042,
    0x0042, 0x0042, 0x0042, 0x0042, 0x0042, 0x0042, 0x0042, 0x0042, 0x0042, 0x0042, 0x0042, 0x0042,
    0x0042, 0x0042, 0x0042, 0x0042, 0x0042, 0x0042, 0x0042, 0x0042, 0x0042, 0x0042, 0x0042, 0x0042,
    0x0042, 0x0042, 0x0042, 0x0042, 0x0042, 0x0042, 0x0042, 0x0042, 0x0042, 0x0042, 0x0042, 0x0042,
    0x0042, 0x0042, 0x0042, 0x0042, 0x0042, 0x0042, 0x0041, 0x0042, 0x0042, 0x0042, 0x0041, 0x0041,
    0x0041, 0x0041, 0x0041, 0x0041, 0x0041, 0x0041, 0x0041, 0x0041, 0x0041, 0x0041, 0x0041, 0x0041,
    0x0041, 0x0041, 0x0041, 0x0041, 0x0041, 0x0041, 0x0041, 0x0041, 0x0041, 0x0041, 0x0042, 0x0042,
    0x0042, 0x0042, 0x0042, 0x0042, 0x0042, 0x0042, 0x0042, 0x0042, 0x0042, 0x0042, 0x0042, 0x0062,
    0x0062, 0x0062, 0x0063, 0x0063, 0x0083, 0x0083, 0x0083, 0x08A4, 0x0063, 0x4249, 0x9513, 0x00A5,
    0x08E5, 0x08E5, 0x00C5, 0x0927, 0x0128, 0x11EB, 0x1B31, 0x2B30, 0x00E6, 0x00C5, 0x08E5, 0x00A4,
    0x0084, 0x0083, 0x0906, 0x08C5, 0x08C5, 0x09A9, 0x0169, 0x1147, 0x11A9, 0x0926, 0x08E5, 0x0927,
    0x00A4, 0x0063, 0x0063, 0x0883, 0x08A4, 0x0021, 0x0042, 0x0063, 0x0062, 0x0022, 0x0021, 0x0042,
    0x0021, 0x18C3, 0x1082, 0x0001, 0x0021, 0x0001, 0x0021, 0x0062, 0x0001, 0x0001, 0x0000, 0x0000,
    0x0000, 0x0000, 0x0001, 0x0021, 0x0062, 0x0001, 0x0021, 0x0041, 0x0001, 0x3144, 0x1082, 0x0021,
    0x0042, 0x0042, 0x0042, 0x0883, 0x0042, 0x0042, 0x0062, 0x08E5, 0x0063, 0x0083, 0x0083, 0x00A4,
    0x0947, 0x1189, 0x0968, 0x11A9, 0x0084, 0x0968, 0x11C9, 0x08E6, 0x08C5, 0x0083, 0x00A4, 0x00A4,
    0x00A4, 0x00E5, 0x00C6, 0x098B, 0x44B6, 0x12D1, 0x1A6E, 0x0107, 0x0927, 0x00E5, 0x0906, 0x08C5,
    0x00C5, 0x428A, 0x1126, 0x00A4, 0x08A4, 0x08A4, 0x0883, 0x0083, 0x0063, 0x0063, 0x0062, 0x0062,
    0x0062, 0x0062, 0x0042, 0x0042, 0x0042, 0x0042, 0x0042, 0x0042, 0x0042, 0x0042, 0x0042, 0x0042,
    0x0042, 0x0042, 0x0042, 0x0042, 0x0042, 0x0042, 0x0042, 0x0042, 0x0042, 0x0042, 0x0042, 0x0042,
    0x0042, 0x0042, 0x0042, 0x0042, 0x0042, 0x0042, 0x0042, 0x0042, 0x0042, 0x0042, 0x0042, 0x0042,
    0x0042, 0x0042, 0x0042, 0x0042, 0x0042, 0x0042, 0x0042, 0x0042, 0x0042, 0x0842, 0x0042, 0x0042,
    0x0042, 0x0042, 0x0042, 0x0042, 0x0042, 0x0042, 0x0042, 0x0042, 0x0042, 0x0042, 0x0042, 0x0042,
    0x0042, 0x0042, 0x0042, 0x0042, 0x0042, 0x0042, 0x0042, 0x0042, 0x0042, 0x0042, 0x0042, 0x0042,
    0x0042, 0x0042, 0x0042, 0x0041, 0x0042, 0x0042, 0x0042, 0x0042, 0x0042, 0x0042, 0x0041, 0x0041,
    0x0041, 0x0041, 0x0041, 0x0041, 0x0041, 0x0041, 0x0041, 0x0041, 0x0041, 0x0041, 0x0041, 0x0041,
    0x0041, 0x0041, 0x0041, 0x0041, 0x0041, 0x0041, 0x0041, 0x0041, 0x0041, 0x0042, 0x0042, 0x0042,
    0x0042, 0x0042, 0x0042, 0x0042, 0x0042, 0x0042, 0x0042, 0x0042, 0x0042, 0x0042, 0x0042, 0x0062,
    0x0062, 0x0062, 0x0063, 0x0063, 0x0083, 0x0083, 0x0883, 0x08A4, 0x00A4, 0x4228, 0x2187, 0x0084,
    0x08E5, 0x08E6, 0x08E6, 0x0969, 0x0948, 0x1AF0, 0x1B93, 0x2BB3, 0x00C6, 0x08E6, 0x00C5, 0x0083,
    0x0084, 0x0083, 0x0063, 0x08C4, 0x08C4, 0x11EB, 0x00C5, 0x11EA, 0x0989, 0x00E6, 0x0927, 0x0906,
    0x00A4, 0x0083, 0x0063, 0x0884, 0x08A4, 0x0022, 0x0041, 0x0042, 0x0883, 0x0021, 0x0021, 0x0042,
    0x0001, 0x2103, 0x10A2, 0x0001, 0x0021, 0x0001, 0x0021, 0x0062, 0x0001, 0x0001, 0x0000, 0x0000,
    0x0000, 0x0000, 0x0001, 0x0021, 0x0062, 0x0001, 0x0021, 0x0021, 0x0021, 0x18A2, 0x0862, 0x0041,
    0x0042, 0x0042, 0x0022, 0x0063, 0x0042, 0x0062, 0x0063, 0x08E5, 0x0083, 0x0083, 0x0083, 0x00A4,
    0x00E6, 0x11CA, 0x0106, 0x1188, 0x0063, 0x0926, 0x1A4C, 0x08E6, 0x08C4, 0x0967, 0x0084, 0x00A4,
    0x00A4, 0x00E6, 0x0927, 0x00E8, 0x3393, 0x2BB3, 0x1AB0, 0x098A, 0x0969, 0x0906, 0x0906, 0x08E5,
    0x00A4, 0x1125, 0x31C7, 0x0084, 0x08C4, 0x08A4, 0x0883, 0x0883, 0x0883, 0x0063, 0x0062, 0x0062,
    0x0062, 0x0062, 0x0042, 0x0042, 0x0042, 0x0042, 0x0042, 0x0042, 0x0042, 0x0042, 0x0042, 0x0042,
    0x0042, 0x0042, 0x0042, 0x0042, 0x0042, 0x0042, 0x0042, 0x0042, 0x0042, 0x0042, 0x0042, 0x0042,
    0x0042, 0x0042, 0x0042, 0x0042, 0x0042, 0x0042, 0x0042, 0x0042, 0x0042, 0x0042, 0x0042, 0x0042,
    0x0042, 0x0042, 0x0042, 0x0042, 0x0042, 0x0042, 0x0042, 0x0042, 0x0042, 0x0042, 0x0042, 0x0042,
    0x0042, 0x0042, 0x0042, 0x0042, 0x0042, 0x0042, 0x0042, 0x0042, 0x0042, 0x0042, 0x0042, 0x0042,
    0x0042, 0x0042, 0x0042, 0x0042, 0x0042, 0x0042, 0x0042, 0x0042, 0x0042, 0x0042, 0x0042, 0x0042,
    0x0042, 0x0042, 0x0041, 0x0041, 0x0042, 0x0042, 0x0042, 0x0042, 0x0042, 0x0042, 0x0041, 0x0041,
    0x0041, 0x0041, 0x0041, 0x0041, 0x0042, 0x0041, 0x0041, 0x0041, 0x0041, 0x0041, 0x0041, 0x0041,
    0x0041, 0x0041, 0x0041, 0x0041, 0x0041, 0x0041, 0x0042, 0x0041, 0x0042, 0x0042, 0x0042, 0x0042,
    0x0042, 0x0042, 0x0042, 0x0042, 0x0042, 0x0042, 0x0042, 0x0042, 0x0042, 0x0042, 0x0062, 0x0062,
    0x0062, 0x0062, 0x0063, 0x0883, 0x0883, 0x0883, 0x08A4, 0x00A4, 0x1105, 0x39E7, 0x0084, 0x08C5,
    0x0927, 0x00E6, 0x0927, 0x0128, 0x1A4D, 0x1AF1, 0x2C14, 0x0A0C, 0x00E6, 0x00E6, 0x00A5, 0x0083,
    0x0063, 0x08A4, 0x0926, 0x08E5, 0x0927, 0x1189, 0x0084, 0x1168, 0x0927, 0x00E6, 0x0948, 0x00E5,
    0x0084, 0x0083, 0x0063, 0x08A4, 0x08A4, 0x0042, 0x0042, 0x0042, 0x0062, 0x0021, 0x0021, 0x0042,
    0x0021, 0x0862, 0x0041, 0x0021, 0x0021, 0x0021, 0x0021, 0x0062, 0x0001, 0x0001, 0x0000, 0x0000,
    0x0000, 0x0000, 0x0001, 0x0021, 0x0062, 0x0021, 0x0001, 0x10A3, 0x0842, 0x3164, 0x18C3, 0x0021,
    0x0042, 0x0021, 0x0041, 0x0063, 0x0042, 0x0062, 0x0083, 0x08E5, 0x0083, 0x0084, 0x00A4, 0x00E6,
    0x00E6, 0x0947, 0x0926, 0x0947, 0x00E5, 0x00A4, 0x11EA, 0x00A4, 0x08E5, 0x00C5, 0x0084, 0x00A4,
    0x00A4, 0x08E6, 0x0927, 0x0107, 0x0A0D, 0x44D7, 0x12F2, 0x1A8E, 0x0969, 0x0969, 0x08E5, 0x0907,
    0x08E5, 0x00C5, 0x31A7, 0x1905, 0x00A4, 0x08A4, 0x08A3, 0x0883, 0x0883, 0x0883, 0x0863, 0x0062,
    0x0062, 0x0062, 0x0062, 0x0042, 0x0042, 0x0042, 0x0042, 0x0042, 0x0042, 0x0042, 0x0042, 0x0042,
    0x0042, 0x0042, 0x0042, 0x0042, 0x0042, 0x0042, 0x0042, 0x0042, 0x0042, 0x0042, 0x0042, 0x0042,
    0x0042, 0x0042, 0x0042, 0x0042, 0x0042, 0x0042, 0x0042, 0x0042, 0x0042, 0x0042, 0x0042, 0x0042,
    0x0042, 0x0042, 0x0042, 0x0042, 0x0042, 0x0042, 0x0042, 0x0042, 0x0042, 0x0042, 0x0042, 0x0042,
    0x0042, 0x0042, 0x0042, 0x0042, 0x0042, 0x0042, 0x0042, 0x0842, 0x0042, 0x0042, 0x0042, 0x0042,
    0x0042, 0x0042, 0x0042, 0x0042, 0x0042, 0x0042, 0x0042, 0x0042, 0x0042, 0x0042, 0x0042, 0x0042,
    0x0042, 0x0042, 0x0041, 0x0042, 0x0042, 0x0042, 0x0042, 0x0042, 0x0042, 0x0042, 0x0042, 0x0042,
    0x0041, 0x0041, 0x0041, 0x0041, 0x0042, 0x0041, 0x0041, 0x0041, 0x0041, 0x0041, 0x0041, 0x0041,
    0x0041, 0x0041, 0x0041, 0x0041, 0x0041, 0x0041, 0x0042, 0x0042, 0x0042, 0x0042, 0x0042, 0x0042,
    0x0042, 0x0042, 0x0042, 0x0042, 0x0042, 0x0042, 0x0042, 0x0042, 0x0042, 0x0042, 0x0062, 0x0062,
    0x0862, 0x0862, 0x0883, 0x0883, 0x0883, 0x08A3, 0x08A4, 0x0084, 0x31A6, 0x1925, 0x00C5, 0x0906,
    0x0927, 0x08C5, 0x0948, 0x0127, 0x1ACF, 0x1B32, 0x3435, 0x0109, 0x0906, 0x00E6, 0x00A4, 0x0083,
    0x0063, 0x0063, 0x08C5, 0x0906, 0x00A5, 0x0927, 0x00C5, 0x00A4, 0x0906, 0x0106, 0x0127, 0x00A5,
    0x00A4, 0x0084, 0x0083, 0x08A4, 0x08A4, 0x0042, 0x0042, 0x0042, 0x0062, 0x0021, 0x0021, 0x0042,
    0x0001, 0x3165, 0x2103, 0x0062, 0x0041, 0x0021, 0x0021, 0x0042, 0x0001, 0x0001, 0x0000, 0x0000,
    0x0000, 0x0000, 0x0001, 0x0021, 0x0062, 0x0001, 0x0021, 0x0862, 0x0841, 0x3165, 0x18A2, 0x0021,
    0x0042, 0x0042, 0x0041, 0x0063, 0x0042, 0x0062, 0x0063, 0x08E5, 0x0084, 0x00C5, 0x11CA, 0x096A,
    0x098A, 0x0927, 0x09A9, 0x00E6, 0x0968, 0x00A4, 0x0946, 0x1988, 0x08E5, 0x0084, 0x00A4, 0x0084,
    0x00A4, 0x00A4, 0x00E6, 0x0907, 0x0109, 0x3C35, 0x2B93, 0x1AAE, 0x0969, 0x0969, 0x08E5, 0x0906,
    0x0906, 0x08C5, 0x1105, 0x39C7, 0x00A4, 0x08C4, 0x08A3, 0x0883, 0x0883, 0x0883, 0x0863, 0x0862,
    0x0862, 0x0062, 0x0062, 0x0042, 0x0042, 0x0042, 0x0042, 0x0042, 0x0042, 0x0042, 0x0042, 0x0042,
    0x0042, 0x0042, 0x0042, 0x0042, 0x0042, 0x0042, 0x0042, 0x0042, 0x0042, 0x0042, 0x0042, 0x0042,
    0x0042, 0x0042, 0x0042, 0x0042, 0x0042, 0x0042, 0x0042, 0x0042, 0x0042, 0x0042, 0x0042, 0x0042,
    0x0042, 0x0042, 0x0042, 0x0042, 0x0042, 0x0042, 0x0042, 0x0042, 0x0042, 0x0042, 0x0042, 0x0042,
    0x0042, 0x0042, 0x0042, 0x0042, 0x0042, 0x0042, 0x0042, 0x0042, 0x0042, 0x0042, 0x0042, 0x0042,
    0x0042, 0x0042, 0x0042, 0x0042, 0x0042, 0x0042, 0x0042, 0x0042, 0x0042, 0x0042, 0x0042, 0x0042,
    0x0042, 0x0042, 0x0041, 0x0042, 0x0042, 0x0042, 0x0041, 0x0042, 0x0042, 0x0042, 0x0042, 0x0042,
    0x0042, 0x0042, 0x0042, 0x0042, 0x0041, 0x0042, 0x0041, 0x0041, 0x0041, 0x0041, 0x0041, 0x0041,
    0x0041, 0x0041, 0x0041, 0x0041, 0x0041, 0x0041, 0x0041, 0x0041, 0x0042, 0x0041, 0x0042, 0x0042,
    0x0042, 0x0042, 0x0042, 0x0042, 0x0042, 0x0042, 0x0042, 0x0042, 0x0062, 0x0062, 0x0062, 0x0862,
    0x0862, 0x0863, 0x0883, 0x0883, 0x0883, 0x08A4, 0x00A4, 0x1925, 0x39C7, 0x00A4, 0x08C5, 0x0927,
    0x08C5, 0x08E6, 0x00E6, 0x11A9, 0x12AF, 0x4496, 0x1290, 0x0108, 0x0907, 0x00C5, 0x0084, 0x0083,
    0x0083, 0x0083, 0x0063, 0x0947, 0x11CA, 0x0907, 0x00C5, 0x0927, 0x0106, 0x0969, 0x0107, 0x0107,
    0x0948, 0x0948, 0x00A5, 0x08A4, 0x08A4, 0x0042, 0x0042, 0x0042, 0x0062, 0x0021, 0x0021, 0x0041,
    0x0021, 0x2923, 0x18C3, 0x0042, 0x0021, 0x0021, 0x0021, 0x0042, 0x0001, 0x0001, 0x0000, 0x0000,
    0x0000, 0x0000, 0x0001, 0x0021, 0x0062, 0x0001, 0x0021, 0x0841, 0x0841, 0x41E6, 0x20C2, 0x0841,
    0x0862, 0x0042, 0x0042, 0x0063, 0x0062, 0x0063, 0x0063, 0x0906, 0x00E5, 0x0128, 0x5538, 0x126F,
    0x018B, 0x0107, 0x120A, 0x0948, 0x0907, 0x00A4, 0x0042, 0x1147, 0x08E5, 0x0906, 0x09A9, 0x0084,
    0x00A4, 0x00A4, 0x00A4, 0x00C5, 0x00E6, 0x09CB, 0x1A4D, 0x098A, 0x11CB, 0x0927, 0x0927, 0x08C5,
    0x0927, 0x08E5, 0x00A4, 0x31A6, 0x2145, 0x00A4, 0x08A4, 0x08A3, 0x0883, 0x0883, 0x0883, 0x0882,
    0x0862, 0x0862, 0x0062, 0x0062, 0x0042, 0x0042, 0x0042, 0x0042, 0x0042, 0x0042, 0x0042, 0x0042,
    0x0042, 0x0042, 0x0042, 0x0042, 0x0042, 0x0042, 0x0042, 0x0042, 0x0042, 0x0042, 0x0042, 0x0042,
    0x0042, 0x0042, 0x0042, 0x0042, 0x0042, 0x0042, 0x0042, 0x0042, 0x0042, 0x0042, 0x0042, 0x0042,
    0x0041, 0x0042, 0x0042, 0x0042, 0x0042, 0x0042, 0x0042, 0x0042, 0x0042, 0x0042, 0x0042, 0x0042,
    0x0042, 0x0042, 0x0042, 0x0042, 0x0042, 0x0042, 0x0042, 0x0042, 0x0042, 0x0042, 0x0042, 0x0042,
    0x0042, 0x0042, 0x0042, 0x0042, 0x0042, 0x0042, 0x0042, 0x0042, 0x0042, 0x0042, 0x0042, 0x0042,
    0x0042, 0x0042, 0x0042, 0x0042, 0x0042, 0x0042, 0x0042, 0x0042, 0x0042, 0x0042, 0x0842, 0x0042,
    0x0042, 0x0042, 0x0042, 0x0041, 0x0041, 0x0041, 0x0042, 0x0041, 0x0041, 0x0041, 0x0041, 0x0041,
    0x0041, 0x0041, 0x0041, 0x0041, 0x0041, 0x0041, 0x0041, 0x0041, 0x0041, 0x0041, 0x0041, 0x0041,
    0x0042, 0x0042, 0x0042, 0x0042, 0x0042, 0x0042, 0x0042, 0x0062, 0x0062, 0x0862, 0x0862, 0x0862,
    0x0862, 0x0883, 0x0883, 0x0883, 0x08A3, 0x08A4, 0x00A4, 0x39E7, 0x1105, 0x08A4, 0x08E5, 0x0906,
    0x08A4, 0x0927, 0x0107, 0x120C, 0x016A, 0x1A6E, 0x0128, 0x00E6, 0x00C5, 0x00A4, 0x0083, 0x0083,
    0x08A4, 0x19A9, 0x0063, 0x1167, 0x0926, 0x0063, 0x00A4, 0x11CA, 0x0127, 0x098A, 0x0949, 0x012A,
    0x23B3, 0x33D3, 0x00A6, 0x08E6, 0x00A4, 0x0042, 0x0042, 0x0042, 0x0063, 0x0021, 0x0021, 0x0862,
    0x0821, 0x3164, 0x2923, 0x0821, 0x0841, 0x0021, 0x0021, 0x0062, 0x0001, 0x0001, 0x0000, 0x0000,
    0x0000, 0x0000, 0x0001, 0x0021, 0x0062, 0x0021, 0x0021, 0x3164, 0x1041, 0xA4AE, 0x4A06, 0x1061,
    0x2924, 0x0021, 0x0042, 0x0063, 0x0062, 0x0063, 0x0042, 0x11A8, 0x1168, 0x0108, 0x2BF4, 0x2C35,
    0x01AC, 0x0989, 0x09CA, 0x09EA, 0x1168, 0x08E5, 0x0083, 0x0083, 0x0907, 0x00C5, 0x0084, 0x0063,
    0x0083, 0x0084, 0x00A4, 0x0906, 0x00C5, 0x0107, 0x0107, 0x0928, 0x124D, 0x0948, 0x0928, 0x08E6,
    0x0906, 0x0906, 0x08C4, 0x08E5, 0x4207, 0x08C4, 0x08C4, 0x08A3, 0x08A3, 0x0883, 0x0883, 0x0883,
    0x0862, 0x0862, 0x0862, 0x0062, 0x0062, 0x0042, 0x0042, 0x0042, 0x0042, 0x0042, 0x0042, 0x0042,
    0x0042, 0x0042, 0x0042, 0x0042, 0x0042, 0x0042, 0x0042, 0x0042, 0x0042, 0x0042, 0x0042, 0x0042,
    0x0042, 0x0042, 0x0042, 0x0042, 0x0042, 0x0042, 0x0042, 0x0042, 0x0042, 0x0042, 0x0042, 0x0042,
    0x0041, 0x0042, 0x0042, 0x0042, 0x0042, 0x0042, 0x0042, 0x0042, 0x0042, 0x0042, 0x0042, 0x0042,
    0x0042, 0x0042, 0x0042, 0x0042, 0x0042, 0x0042, 0x0042, 0x0042, 0x0042, 0x0042, 0x0042, 0x0042,
    0x0042, 0x0042, 0x0042, 0x0042, 0x0042, 0x0042, 0x0042, 0x0042, 0x0042, 0x0042, 0x0042, 0x0042,
    0x0042, 0x0042, 0x0042, 0x0041, 0x0042, 0x0042, 0x0042, 0x0042, 0x0042, 0x0042, 0x0042, 0x0042,
    0x0042, 0x0042, 0x0042, 0x0042, 0x0042, 0x0041, 0x0042, 0x0041, 0x0041, 0x0042, 0x0041, 0x0041,
    0x0041, 0x0041, 0x0041, 0x0042, 0x0042, 0x0041, 0x0041, 0x0041, 0x0041, 0x0041, 0x0042, 0x0042,
    0x0042, 0x0042, 0x0042, 0x0042, 0x0042, 0x0042, 0x0042, 0x0862, 0x0862, 0x0862, 0x0862, 0x0862,
    0x0882, 0x0883, 0x0883, 0x08A3, 0x08A4, 0x0083, 0x2965, 0x31A6, 0x00A4, 0x08C5, 0x0927, 0x08E5,
    0x0906, 0x0107, 0x11AA, 0x11EB, 0x00E6, 0x00C6, 0x00C5, 0x08E5, 0x08E6, 0x0083, 0x0083, 0x0083,
    0x0042, 0x00A4, 0x08C5, 0x00A4, 0x0062, 0x0084, 0x0927, 0x09AA, 0x09A9, 0x0969, 0x098A, 0x020E,
    0x4518, 0x124F, 0x00C7, 0x11CA, 0x08E5, 0x0042, 0x0042, 0x0042, 0x0062, 0x0021, 0x0021, 0x3985,
    0x0000, 0x8BEB, 0x62E8, 0x1061, 0x18C3, 0x0001, 0x0021, 0x0042, 0x0001, 0x0001, 0x0000, 0x0000,
    0x0000, 0x0000, 0x0001, 0x0021, 0x0042, 0x0001, 0x0041, 0x0001, 0x0021, 0x0000, 0x0841, 0x0021,
    0x0001, 0x0042, 0x0042, 0x0063, 0x0042, 0x0063, 0x0063, 0x11C9, 0x0968, 0x00E7, 0x128F, 0x4D59,
    0x024F, 0x120C, 0x0169, 0x09CA, 0x0947, 0x1168, 0x0063, 0x0084, 0x0906, 0x1127, 0x08C5, 0x1167,
    0x0062, 0x00A4, 0x0084, 0x0907, 0x0927, 0x08E6, 0x0907, 0x0107, 0x11EB, 0x1A0B, 0x00E6, 0x0948,
    0x08E5, 0x0947, 0x1105, 0x08A4, 0x2986, 0x31A6, 0x0883, 0x10C4, 0x10A3, 0x10A3, 0x0883, 0x0883,
    0x0883, 0x0862, 0x0862, 0x0862, 0x0862, 0x0862, 0x0042, 0x0042, 0x0042, 0x0042, 0x0042, 0x0042,
    0x0042, 0x0042, 0x0042, 0x0042, 0x0042, 0x0042, 0x0042, 0x0042, 0x0042, 0x0042, 0x0042, 0x0042,
    0x0042, 0x0042, 0x0042, 0x0042, 0x0042, 0x0042, 0x0042, 0x0042, 0x0042, 0x0042, 0x0042, 0x0041,
    0x0042, 0x0042, 0x0042, 0x0041, 0x0042, 0x0042, 0x0042, 0x0042, 0x0042, 0x0042, 0x0842, 0x0842,
    0x0042, 0x0042, 0x0042, 0x0042, 0x0042, 0x0042, 0x0042, 0x0042, 0x0042, 0x0042, 0x0042, 0x0042,
    0x0042, 0x0042, 0x0042, 0x0042, 0x0042, 0x0042, 0x0042, 0x0042, 0x0042, 0x0042, 0x0042, 0x0042,
    0x0042, 0x0042, 0x0042, 0x0042, 0x0042, 0x0042, 0x0042, 0x0042, 0x0042, 0x0842, 0x0042, 0x0042,
    0x0042, 0x0042, 0x0042, 0x0042, 0x0042, 0x0041, 0x0042, 0x0042, 0x0042, 0x0041, 0x0042, 0x0042,
    0x0041, 0x0042, 0x0042, 0x0041, 0x0042, 0x0042, 0x0042, 0x0041, 0x0042, 0x0042, 0x0042, 0x0042,
    0x0042, 0x0042, 0x0042, 0x0042, 0x0042, 0x0042, 0x0062, 0x0862, 0x0862, 0x0862, 0x0862, 0x0882,
    0x0883, 0x0883, 0x08A3, 0x10A3, 0x10A4, 0x10C4, 0x4227, 0x08C4, 0x08C4, 0x1126, 0x0906, 0x08E5,
    0x0947, 0x00E6, 0x120B, 0x0107, 0x00E6, 0x08E6, 0x00C5, 0x0907, 0x00A4, 0x0083, 0x0063, 0x08C5,
    0x0947, 0x08A4, 0x0927, 0x0084, 0x0083, 0x0042, 0x11CA, 0x098A, 0x09A9, 0x0948, 0x09ED, 0x1B73,
    0x4D18, 0x014B, 0x00C6, 0x11EA, 0x0906, 0x0042, 0x0042, 0x0042, 0x0062, 0x0021, 0x0021, 0x0001,
    0x0841, 0x0841, 0x0841, 0x0001, 0x0001, 0x0021, 0x0021, 0x0062, 0x0001, 0x0001, 0x0000, 0x0000,
    0x0000, 0x0000, 0x0001, 0x0021, 0x0062, 0x0021, 0x0021, 0x2104, 0x1082, 0x2924, 0x18A2, 0x1082,
    0x20E3, 0x0021, 0x0042, 0x0063, 0x0042, 0x0063, 0x0062, 0x11C9, 0x0948, 0x00C5, 0x0149, 0x4496,
    0x1311, 0x01AC, 0x0948, 0x0969, 0x0107, 0x122B, 0x0906, 0x0083, 0x08A4, 0x1146, 0x08C4, 0x0905,
    0x0042, 0x0084, 0x00A4, 0x08E5, 0x0927, 0x0906, 0x0927, 0x120C, 0x0A0D, 0x22CF, 0x0948, 0x0969,
    0x0927, 0x0906, 0x1148, 0x10E5, 0x08C4, 0x4207, 0x2125, 0x10A3, 0x10C3, 0x10A3, 0x10A3, 0x1083,
    0x0883, 0x0882, 0x0862, 0x0862, 0x0862, 0x0062, 0x0062, 0x0042, 0x0042, 0x0042, 0x0042, 0x0042,
    0x0042, 0x0042, 0x0042, 0x0042, 0x0042, 0x0042, 0x0042, 0x0042, 0x0042, 0x0042, 0x0042, 0x0042,
    0x0042, 0x0042, 0x0042, 0x0042, 0x0042, 0x0042, 0x0042, 0x0042, 0x0042, 0x0041, 0x0041, 0x0042,
    0x0042, 0x0042, 0x0042, 0x0041, 0x0042, 0x0042, 0x0042, 0x0042, 0x0042, 0x0042, 0x0842, 0x0842,
    0x0062, 0x0042, 0x0042, 0x0042, 0x0042, 0x0042, 0x0042, 0x0042, 0x0042, 0x0042, 0x0042, 0x0042,
    0x0042, 0x0042, 0x0042, 0x0042, 0x0042, 0x0042, 0x0042, 0x0042, 0x0042, 0x0042, 0x0042, 0x0042,
    0x0042, 0x0042, 0x0042, 0x0042, 0x0042, 0x0042, 0x0042, 0x0042, 0x0042, 0x0042, 0x0042, 0x0042,
    0x0042, 0x0042, 0x0042, 0x0042, 0x0042, 0x0042, 0x0042, 0x0042, 0x0042, 0x0042, 0x0042, 0x0042,
    0x0042, 0x0042, 0x0042, 0x0041, 0x0042, 0x0041, 0x0042, 0x0042, 0x0042, 0x0042, 0x0042, 0x0042,
    0x0042, 0x0042, 0x0042, 0x0042, 0x0062, 0x0062, 0x0862, 0x0862, 0x0862, 0x0862, 0x0882, 0x0882,
    0x1083, 0x10A3, 0x10A3, 0x10C4, 0x0883, 0x39E7, 0x2166, 0x08C4, 0x1105, 0x1147, 0x08E5, 0x0947,
    0x0906, 0x11A9, 0x122D, 0x09EC, 0x098A, 0x00E6, 0x00E6, 0x0927, 0x0083, 0x0083, 0x0063, 0x0083,
    0x1147, 0x08C5, 0x08C5, 0x0063, 0x0084, 0x00C4, 0x09A9, 0x0948, 0x0968, 0x0927, 0x016B, 0x2C56,
    0x2352, 0x00E7, 0x00A5, 0x11EA, 0x08E6, 0x0042, 0x0042, 0x0042, 0x0062, 0x0021, 0x0021, 0x2924,
    0x0842, 0x2944, 0x18A2, 0x18C3, 0x18A3, 0x0001, 0x0021, 0x0062, 0x0001, 0x0001, 0x0000, 0x0000,
    0x0000, 0x0000, 0x0001, 0x0021, 0x0863, 0x0021, 0x0021, 0x2904, 0x1083, 0x2104, 0x10A3, 0x10A3,
    0x2104, 0x0021, 0x0042, 0x0063, 0x0042, 0x0063, 0x0042, 0x11A9, 0x0947, 0x00A4, 0x00E7, 0x22F0,
    0x33F3, 0x0129, 0x0968, 0x00E6, 0x00E6, 0x11A9, 0x0989, 0x0084, 0x0063, 0x0063, 0x0084, 0x0084,
    0x0906, 0x0063, 0x00A4, 0x00A4, 0x0947, 0x0948, 0x0129, 0x3C35, 0x3C35, 0x2352, 0x1AAF, 0x098A,
    0x1169, 0x08E6, 0x1147, 0x1147, 0x10C4, 0x1925, 0x4A48, 0x10C3, 0x18C4, 0x10C3, 0x10A3, 0x10A3,
    0x1083, 0x0883, 0x0882, 0x0862, 0x0862, 0x0862, 0x0862, 0x0062, 0x0042, 0x0042, 0x0042, 0x0042,
    0x0042, 0x0042, 0x0042, 0x0042, 0x0042, 0x0042, 0x0042, 0x0042, 0x0042, 0x0042, 0x0042, 0x0042,
    0x0042, 0x0042, 0x0042, 0x0042, 0x0042, 0x0042, 0x0042, 0x0042, 0x0042, 0x0042, 0x0042, 0x0042,
    0x0042, 0x0042, 0x0042, 0x0042, 0x0042, 0x0042, 0x0042, 0x0042, 0x0042, 0x0042, 0x0042, 0x0842,
    0x0842, 0x0042, 0x0042, 0x0042, 0x0042, 0x0042, 0x0042, 0x0042, 0x0042, 0x0042, 0x0042, 0x0042,
    0x0042, 0x0042, 0x0042, 0x0042, 0x0042, 0x0042, 0x0042, 0x0042, 0x0042, 0x0042, 0x0042, 0x0042,
    0x0042, 0x0042, 0x0042, 0x0042, 0x0042, 0x0042, 0x0042, 0x0042, 0x0042, 0x0042, 0x0042, 0x0042,
    0x0042, 0x0042, 0x0042, 0x0042, 0x0042, 0x0042, 0x0042, 0x0042, 0x0042, 0x0042, 0x0042, 0x0042,
    0x0042, 0x0042, 0x0042, 0x0042, 0x0042, 0x0042, 0x0042, 0x0042, 0x0042, 0x0042, 0x0042, 0x0042,
    0x0042, 0x0042, 0x0042, 0x0042, 0x0062, 0x0862, 0x0862, 0x0862, 0x0862, 0x0882, 0x0882, 0x1083,
    0x10A3, 0x10C3, 0x18C3, 0x10A3, 0x2965, 0x4228, 0x08C4, 0x10E5, 0x1148, 0x0906, 0x1126, 0x0989,
    0x0968, 0x2331, 0x1B32, 0x4497, 0x09EC, 0x00E6, 0x0928, 0x00C5, 0x0084, 0x0083, 0x00A4, 0x1147,
    0x0021, 0x00A4, 0x0084, 0x0063, 0x00C5, 0x0948, 0x00C5, 0x11A9, 0x0106, 0x0969, 0x09AB, 0x44B6,
    0x016A, 0x00E6, 0x0084, 0x09C9, 0x08E5, 0x0042, 0x0042, 0x0042, 0x0062, 0x0021, 0x0021, 0x2924,
    0x0042, 0x3144, 0x18A2, 0x18C3, 0x18A3, 0x0021, 0x0021, 0x0863, 0x0001, 0x0001, 0x0000, 0x0000,
    0x0000, 0x0000, 0x0001, 0x0021, 0x0022, 0x0001, 0x0021, 0x0000, 0x0042, 0x2945, 0x0862, 0x0021,
    0x0001, 0x0042, 0x0042, 0x0063, 0x0042, 0x0062, 0x0042, 0x1188, 0x0906, 0x0063, 0x00C5, 0x0928,
    0x128E, 0x0108, 0x0928, 0x00C5, 0x0967, 0x00A4, 0x0927, 0x00A4, 0x0063, 0x0063, 0x08E5, 0x0062,
    0x1A0B, 0x0906, 0x00A4, 0x08A4, 0x08C5, 0x0906, 0x0948, 0x0A2E, 0x44F8, 0x1B32, 0x2B93, 0x120D,
    0x0969, 0x1147, 0x0906, 0x1968, 0x1105, 0x08C4, 0x31C6, 0x39C6, 0x10A3, 0x18E4, 0x18C3, 0x18C3,
    0x10A3, 0x1083, 0x0882, 0x0862, 0x0862, 0x0862, 0x0862, 0x0862, 0x0042, 0x0042, 0x0042, 0x0042,
    0x0042, 0x0042, 0x0042, 0x0042, 0x0042, 0x0042, 0x0042, 0x0042, 0x0042, 0x0042, 0x0042, 0x0042,
    0x0042, 0x0042, 0x0042, 0x0042, 0x0042, 0x0042, 0x0042, 0x0042, 0x0042, 0x0042, 0x0042, 0x0042,
    0x0042, 0x0042, 0x0042, 0x0042, 0x0042, 0x0842, 0x0042, 0x0042, 0x0042, 0x0042, 0x0042, 0x0042,
    0x0042, 0x0042, 0x0042, 0x0042, 0x0042, 0x0042, 0x0042, 0x0042, 0x0042, 0x0042, 0x0042, 0x0042,
    0x0042, 0x0042, 0x0042, 0x0042, 0x0042, 0x0042, 0x0042, 0x0042, 0x0042, 0x0042, 0x0042, 0x0042,
    0x0042, 0x0042, 0x0042, 0x0042, 0x0042, 0x0042, 0x0042, 0x0042, 0x0042, 0x0042, 0x0042, 0x0042,
    0x0042, 0x0042, 0x0042, 0x0042, 0x0042, 0x0042, 0x0042, 0x0042, 0x0042, 0x0042, 0x0042, 0x0042,
    0x0042, 0x0042, 0x0042, 0x0042, 0x0042, 0x0042, 0x0042, 0x0042, 0x0042, 0x0042, 0x0042, 0x0042,
    0x0042, 0x0042, 0x0042, 0x0042, 0x0042, 0x0862, 0x0862, 0x0862, 0x0882, 0x1082, 0x10A3, 0x10A3,
    0x18C3, 0x18C3, 0x18E4, 0x18E4, 0x5289, 0x1905, 0x10E4, 0x1947, 0x1147, 0x0905, 0x1168, 0x0969,
    0x22AE, 0x2332, 0x2C14, 0x2B72, 0x0108, 0x0927, 0x08E6, 0x00A4, 0x00A4, 0x0084, 0x0906, 0x1146,
    0x0063, 0x08A4, 0x0062, 0x0083, 0x0907, 0x00C5, 0x0906, 0x0947, 0x00C5, 0x00E7, 0x0969, 0x1A6D,
    0x00A5, 0x00C5, 0x0083, 0x11A9, 0x08C4, 0x0042, 0x0042, 0x0042, 0x0062, 0x0021, 0x0021, 0x0000,
    0x0021, 0x0862, 0x2924, 0x0000, 0x0000, 0x0042, 0x0021, 0x0022, 0x0001, 0x0001, 0x0000, 0x0000,
    0x0000, 0x0000, 0x0000, 0x18A2, 0x5247, 0x0001, 0x0021, 0x18A2, 0x1061, 0x10C3, 0x0883, 0x1082,
    0x2104, 0x0021, 0x0042, 0x0063, 0x0042, 0x0062, 0x0042, 0x1167, 0x0906, 0x0063, 0x00C4, 0x0084,
    0x0A0B, 0x09CA, 0x00E6, 0x0927, 0x0948, 0x0906, 0x00A4, 0x00A4, 0x0083, 0x0062, 0x08A4, 0x0883,
    0x08C5, 0x08E6, 0x0084, 0x08A4, 0x08A4, 0x0906, 0x0948, 0x016A, 0x2352, 0x3435, 0x2393, 0x2B72,
    0x098A, 0x0968, 0x1127, 0x1126, 0x1967, 0x1905, 0x10E4, 0x4A48, 0x3165, 0x18E3, 0x2104, 0x18E3,
    0x18C3, 0x10A3, 0x1082, 0x0882, 0x0862, 0x0862, 0x0862, 0x0862, 0x0062, 0x0042, 0x0042, 0x0042,
    0x0042, 0x0042, 0x0042, 0x0042, 0x0042, 0x0042, 0x0042, 0x0042, 0x0042, 0x0042, 0x0042, 0x0042,
    0x0042, 0x0042, 0x0042, 0x0042, 0x0042, 0x0042, 0x0042, 0x0042, 0x0042, 0x0042, 0x0042, 0x0042,
    0x0042, 0x0042, 0x0042, 0x0042, 0x0042, 0x0042, 0x0042, 0x0042, 0x0042, 0x0042, 0x0042, 0x0042,
    0x0042, 0x0042, 0x0042, 0x0042, 0x0042, 0x0042, 0x0042, 0x0042, 0x0042, 0x0062, 0x0062, 0x0062,
    0x0042, 0x0042, 0x0042, 0x0042, 0x0042, 0x0042, 0x0042, 0x0042, 0x0042, 0x0042, 0x0042, 0x0042,
    0x0042, 0x0042, 0x0042, 0x0042, 0x0042, 0x0042, 0x0042, 0x0042, 0x0042, 0x0042, 0x0042, 0x0042,
    0x0042, 0x0042, 0x0042, 0x0042, 0x0042, 0x0042, 0x0042, 0x0042, 0x0042, 0x0042, 0x0042, 0x0042,
    0x0042, 0x0042, 0x0042, 0x0042, 0x0042, 0x0042, 0x0042, 0x0042, 0x0042, 0x0042, 0x0042, 0x0042,
    0x0042, 0x0042, 0x0042, 0x0062, 0x0862, 0x0862, 0x0862, 0x0862, 0x0882, 0x1083, 0x10A3, 0x18C3,
    0x20E3, 0x2104, 0x18C3, 0x4A48, 0x31A6, 0x10C4, 0x1926, 0x19A8, 0x1106, 0x1147, 0x0969, 0x120B,
    0x2B51, 0x1B11, 0x3C76, 0x018B, 0x0928, 0x0906, 0x00A4, 0x00A4, 0x00A4, 0x0084, 0x11EA, 0x0042,
    0x08A4, 0x0063, 0x0062, 0x00A4, 0x00C5, 0x0042, 0x0926, 0x00A4, 0x0927, 0x0064, 0x120A, 0x0127,
    0x00A4, 0x00A4, 0x0063, 0x1188, 0x08C4, 0x0022, 0x0042, 0x0042, 0x0062, 0x0021, 0x0021, 0x2924,
    0x0021, 0x18C3, 0x0883, 0x18A2, 0x1081, 0x0001, 0x1082, 0x5268, 0x0000, 0x0001, 0x0000, 0x0000,
    0x0000, 0x0000, 0x0001, 0x0841, 0x18C2, 0x0001, 0x0042, 0x1083, 0x0021, 0x2144, 0x18E3, 0x0042,
    0x10A3, 0x0021, 0x0042, 0x0063, 0x0042, 0x0062, 0x0042, 0x1147, 0x08E5, 0x0062, 0x00A4, 0x0083,
    0x0926, 0x1A8C, 0x0063, 0x00E6, 0x00C6, 0x0989, 0x0063, 0x0083, 0x0084, 0x08A4, 0x0884, 0x08E6,
    0x0084, 0x1167, 0x0905, 0x0063, 0x00A4, 0x08E5, 0x0948, 0x0969, 0x01ED, 0x4C97, 0x2BF5, 0x3C35,
    0x22EF, 0x0969, 0x1168, 0x1126, 0x1967, 0x2187, 0x1904, 0x2145, 0x5AA8, 0x2924, 0x2924, 0x2904,
    0x20E3, 0x18C3, 0x10A3, 0x0882, 0x0862, 0x0862, 0x0862, 0x0862, 0x0062, 0x0042, 0x0042, 0x0042,
    0x0042, 0x0042, 0x0042, 0x0042, 0x0042, 0x0042, 0x0042, 0x0042, 0x0042, 0x0042, 0x0042, 0x0042,
    0x0042, 0x0042, 0x0042, 0x0042, 0x0042, 0x0042, 0x0042, 0x0042, 0x0042, 0x0042, 0x0042, 0x0042,
    0x0042, 0x0042, 0x0042, 0x0042, 0x0042, 0x0042, 0x0042, 0x0042, 0x0042, 0x0042, 0x0042, 0x0042,
    0x0042, 0x0042, 0x0042, 0x0042, 0x0042, 0x0042, 0x0042, 0x0042, 0x0042, 0x0042, 0x0062, 0x0062,
    0x0042, 0x0042, 0x0042, 0x0042, 0x0042, 0x0042, 0x0042, 0x0042, 0x0042, 0x0042, 0x0042, 0x0042,
    0x0042, 0x0042, 0x0042, 0x0042, 0x0042, 0x0042, 0x0042, 0x0042, 0x0042, 0x0042, 0x0042, 0x0042,
    0x0042, 0x0042, 0x0042, 0x0042, 0x0042, 0x0042, 0x0042, 0x0042, 0x0042, 0x0042, 0x0042, 0x0042,
    0x0042, 0x0042, 0x0042, 0x0042, 0x0042, 0x0042, 0x0042, 0x0042, 0x0042, 0x0042, 0x0042, 0x0042,
    0x0042, 0x0042, 0x0042, 0x0042, 0x0862, 0x0862, 0x0862, 0x0882, 0x1082, 0x10A3, 0x18C3, 0x2103,
    0x2924, 0x2903, 0x4A27, 0x5268, 0x18E4, 0x2125, 0x21A8, 0x1126, 0x1146, 0x1189, 0x09AA, 0x2B72,
    0x2372, 0x3C97, 0x1B32, 0x0149, 0x0927, 0x08E5, 0x00A4, 0x0063, 0x0084, 0x08E5, 0x0063, 0x08A4,
    0x08A4, 0x0083, 0x0883, 0x0063, 0x0042, 0x00A4, 0x0927, 0x00A4, 0x00E6, 0x00E6, 0x1A8C, 0x0083,
    0x00A4, 0x0083, 0x0042, 0x1168, 0x08C4, 0x0022, 0x0042, 0x0042, 0x0062, 0x0021, 0x0021, 0x0862,
    0x0021, 0x2924, 0x18E4, 0x0842, 0x0862, 0x0021, 0x0021, 0x18C3, 0x0001, 0x0001, 0x0000, 0x0000,
    0x0000, 0x0000, 0x0001, 0x0001, 0x0000, 0x0001, 0x0042, 0x0042, 0x0042, 0x0841, 0x0020, 0x0042,
    0x0862, 0x0042, 0x0042, 0x0063, 0x0042, 0x0042, 0x0042, 0x1146, 0x08E5, 0x0042, 0x0083, 0x0083,
    0x0062, 0x11E9, 0x00A3, 0x0083, 0x0083, 0x0906, 0x08C5, 0x0062, 0x0083, 0x08A4, 0x08E5, 0x08A4,
    0x08A4, 0x08A4, 0x1A0A, 0x00A4, 0x0906, 0x08C4, 0x0907, 0x0927, 0x09AA, 0x1B33, 0x5D39, 0x23D5,
    0x3C35, 0x1A4D, 0x1189, 0x1167, 0x1126, 0x21A8, 0x2987, 0x2124, 0x4207, 0x6B09, 0x3964, 0x3964,
    0x2924, 0x18E3, 0x10A3, 0x1082, 0x0862, 0x0862, 0x0862, 0x0862, 0x0062, 0x0042, 0x0042, 0x0042,
    0x0042, 0x0042, 0x0042, 0x0042, 0x0042, 0x0042, 0x0042, 0x0042, 0x0042, 0x0042, 0x0042, 0x0042,
    0x0042, 0x0042, 0x0042, 0x0042, 0x0042, 0x0042, 0x0042, 0x0042, 0x0042, 0x0042, 0x0042, 0x0042,
    0x0042, 0x0042, 0x0042, 0x0042, 0x0042, 0x0042, 0x0042, 0x0042, 0x0042, 0x0042, 0x0042, 0x0042,
    0x0042, 0x0042, 0x0042, 0x0042, 0x0042, 0x0042, 0x0062, 0x0042, 0x0062, 0x0042, 0x0062, 0x0062,
    0x0042, 0x0042, 0x0062, 0x0042, 0x0042, 0x0042, 0x0042, 0x0042, 0x0062, 0x0042, 0x0042, 0x0042,
    0x0042, 0x0042, 0x0042, 0x0042, 0x0042, 0x0042, 0x0042, 0x0042, 0x0042, 0x0042, 0x0042, 0x0042,
    0x0042, 0x0042, 0x0042, 0x0042, 0x0042, 0x0042, 0x0042, 0x0042, 0x0042, 0x0042, 0x0042, 0x0042,
    0x0042, 0x0042, 0x0042, 0x0042, 0x0042, 0x0042, 0x0042, 0x0042, 0x0042, 0x0042, 0x0042, 0x0042,
    0x0042, 0x0042, 0x0042, 0x0062, 0x0862, 0x0862, 0x0862, 0x0882, 0x10A2, 0x18C3, 0x20E3, 0x3144,
    0x3964, 0x5205, 0x6B0A, 0x3165, 0x2945, 0x29A8, 0x1967, 0x1126, 0x1988, 0x0968, 0x22AF, 0x33F4,
    0x2C56, 0x3456, 0x01CD, 0x0968, 0x0906, 0x00C5, 0x08A4, 0x1126, 0x00A4, 0x226B, 0x0042, 0x10E5,
    0x0083, 0x08A4, 0x0063, 0x0062, 0x0042, 0x08E5, 0x00A4, 0x00A4, 0x0063, 0x0989, 0x0947, 0x0042,
    0x0083, 0x0063, 0x0042, 0x1167, 0x08C4, 0x0042, 0x0042, 0x0042, 0x0062, 0x0021, 0x0041, 0x0882,
    0x0042, 0x0000, 0x0861, 0x0842, 0x0042, 0x0042, 0x0001, 0x0000, 0x0001, 0x0001, 0x0000, 0x0000,
    0x0000, 0x0000, 0x0000, 0x1082, 0x5247, 0x0001, 0x0022, 0x10A3, 0x0862, 0x18E4, 0x18A2, 0x0883,
    0x2945, 0x0022, 0x0042, 0x0863, 0x0042, 0x0062, 0x0042, 0x1946, 0x10E5, 0x0042, 0x0883, 0x0883,
    0x0063, 0x0926, 0x09C9, 0x1147, 0x0947, 0x0083, 0x0947, 0x0083, 0x0063, 0x0063, 0x08E5, 0x08A4,
    0x08C5, 0x0062, 0x0083, 0x0906, 0x11CA, 0x00A4, 0x00C5, 0x0907, 0x1168, 0x020E, 0x4477, 0x44B7,
    0x2BF5, 0x33B3, 0x11EB, 0x1168, 0x1947, 0x1946, 0x31E8, 0x31A6, 0x3185, 0x7309, 0xA42C, 0x6A66,
    0x3964, 0x2103, 0x18C3, 0x1082, 0x0882, 0x0862, 0x0862, 0x0862, 0x0862, 0x0042, 0x0042, 0x0042,
    0x0042, 0x0042, 0x0042, 0x0042, 0x0042, 0x0042, 0x0042, 0x0042, 0x0042, 0x0042, 0x0042, 0x0042,
    0x0042, 0x0042, 0x0042, 0x0042, 0x0042, 0x0042, 0x0042, 0x0042, 0x0042, 0x0042, 0x0042, 0x0042,
    0x0042, 0x0042, 0x0042, 0x0042, 0x0042, 0x0042, 0x0062, 0x0042, 0x0042, 0x0042, 0x0042, 0x0042,
    0x0042, 0x0042, 0x0042, 0x0042, 0x0042, 0x0042, 0x0062, 0x0042, 0x0062, 0x0062, 0x0042, 0x0042,
    0x0062, 0x0042, 0x0042, 0x0062, 0x0042, 0x0062, 0x0042, 0x0042, 0x0062, 0x0042, 0x0042, 0x0042,
    0x0042, 0x0062, 0x0042, 0x0042, 0x0042, 0x0042, 0x0042, 0x0042, 0x0042, 0x0042, 0x0042, 0x0042,
    0x0042, 0x0042, 0x0042, 0x0042, 0x0042, 0x0042, 0x0042, 0x0042, 0x0042, 0x0042, 0x0042, 0x0042,
    0x0042, 0x0042, 0x0042, 0x0042, 0x0042, 0x0042, 0x0042, 0x0042, 0x0042, 0x0042, 0x0042, 0x0042,
    0x0042, 0x0042, 0x0062, 0x0062, 0x0862, 0x0862, 0x0862, 0x1082, 0x10A3, 0x18C3, 0x2924, 0x49C5,
    0x8328, 0x9C0C, 0x49E6, 0x3165, 0x31C8, 0x29A8, 0x1926, 0x1988, 0x1189, 0x1A4D, 0x33D3, 0x2C36,
    0x4D39, 0x0A4F, 0x0969, 0x0927, 0x08E6, 0x00A4, 0x08E5, 0x2A6C, 0x00A4, 0x0042, 0x08A4, 0x08A3,
    0x0883, 0x08A4, 0x0062, 0x0062, 0x00A4, 0x0906, 0x0042, 0x0906, 0x1189, 0x1A6C, 0x0083, 0x0083,
    0x0062, 0x0062, 0x0042, 0x1988, 0x10C4, 0x0021, 0x0042, 0x0042, 0x0062, 0x0021, 0x0042, 0x2966,
    0x0022, 0x3124, 0x0882, 0x1082, 0x1083, 0x0002, 0x10A2, 0x5247, 0x0000, 0x0001, 0x0000, 0x0000,
    0x0000, 0x0000, 0x0001, 0x0021, 0x0862, 0x0001, 0x0021, 0x0001, 0x0022, 0x0042, 0x0000, 0x0042,
    0x0001, 0x0042, 0x0021, 0x0862, 0x0042, 0x0062, 0x0062, 0x10E5, 0x10A3, 0x0862, 0x0882, 0x0883,
    0x0883, 0x0883, 0x1A8C, 0x00C5, 0x08E6, 0x00A5, 0x08E5, 0x08E6, 0x0083, 0x0063, 0x0083, 0x08C5,
    0x08A4, 0x08C4, 0x0083, 0x19EA, 0x0084, 0x08C5, 0x08C5, 0x0906, 0x0948, 0x11AA, 0x0A70, 0x4CF8,
    0x3497, 0x4476, 0x2331, 0x11AA, 0x1988, 0x1967, 0x2187, 0x3A08, 0x39A5, 0x5A05, 0xE675, 0xBCEF,
    0x3943, 0x2104, 0x18C3, 0x1082, 0x0882, 0x0862, 0x0862, 0x0862, 0x0862, 0x0042, 0x0042, 0x0042,
    0x0042, 0x0042, 0x0042, 0x0042, 0x0042, 0x0042, 0x0042, 0x0042, 0x0042, 0x0042, 0x0042, 0x0042,
    0x0042, 0x0042, 0x0042, 0x0042, 0x0042, 0x0042, 0x0042, 0x0042, 0x0042, 0x0042, 0x0042, 0x0042,
    0x0042, 0x0042, 0x0042, 0x0042, 0x0042, 0x0042, 0x0042, 0x0042, 0x0042, 0x0042, 0x0042, 0x0042,
    0x0042, 0x0042, 0x0042, 0x0042, 0x0042, 0x0042, 0x0042, 0x0042, 0x0062, 0x0042, 0x0062, 0x0062,
    0x0062, 0x0062, 0x0042, 0x0042, 0x0042, 0x0042, 0x0062, 0x0062, 0x0062, 0x0062, 0x0042, 0x0042,
    0x0042, 0x0042, 0x0062, 0x0042, 0x0042, 0x0042, 0x0042, 0x0042, 0x0042, 0x0042, 0x0042, 0x0042,
    0x0042, 0x0042, 0x0042, 0x0042, 0x0042, 0x0042, 0x0042, 0x0042, 0x0042, 0x0042, 0x0042, 0x0042,
    0x0042, 0x0042, 0x0042, 0x0042, 0x0042, 0x0042, 0x0042, 0x0042, 0x0042, 0x0042, 0x0042, 0x0042,
    0x0042, 0x0042, 0x0042, 0x0062, 0x0862, 0x0862, 0x0862, 0x0882, 0x10A3, 0x18E3, 0x2924, 0x51C4,
    0xE696, 0xB4CE, 0x49C4, 0x39C6, 0x3209, 0x2146, 0x1988, 0x1188, 0x1A0B, 0x3BB3, 0x3456, 0x559A,
    0x2BF5, 0x018B, 0x0948, 0x0907, 0x08E6, 0x00C5, 0x00A4, 0x00A4, 0x1167, 0x0042, 0x10C4, 0x0063,
    0x08A4, 0x0062, 0x0062, 0x0083, 0x08C5, 0x0084, 0x00C5, 0x0064, 0x11CA, 0x11C9, 0x0021, 0x0863,
    0x0862, 0x0862, 0x0862, 0x10C4, 0x08A3, 0x0041, 0x0041, 0x0042, 0x0062, 0x0021, 0x0022, 0x0001,
    0x0022, 0x0021, 0x0022, 0x0001, 0x0022, 0x0022, 0x0021, 0x0862, 0x0001, 0x0001, 0x0000, 0x0000,
    0x0000, 0x0000, 0x0001, 0x0001, 0x0001, 0x0001, 0x0021, 0x0001, 0x0021, 0x0042, 0x0001, 0x0883,
    0x08C4, 0x0021, 0x0041, 0x0862, 0x0042, 0x0842, 0x0862, 0x10C3, 0x1082, 0x1082, 0x1082, 0x0882,
    0x0883, 0x0041, 0x0926, 0x09A9, 0x0043, 0x0906, 0x0083, 0x0947, 0x0084, 0x0063, 0x0062, 0x08A4,
    0x0083, 0x10E5, 0x0883, 0x08C4, 0x1168, 0x0926, 0x1A0B, 0x00C5, 0x0927, 0x0948, 0x09AB, 0x1332,
    0x559A, 0x44F8, 0x3C35, 0x2AEF, 0x11AA, 0x19A8, 0x2167, 0x29A7, 0x4A69, 0x5206, 0x6A87, 0x6246,
    0x3164, 0x20E3, 0x18C3, 0x1082, 0x0882, 0x0862, 0x0862, 0x0862, 0x0862, 0x0042, 0x0042, 0x0042,
    0x0042, 0x0042, 0x0042, 0x0042, 0x0042, 0x0042, 0x0042, 0x0042, 0x0042, 0x0042, 0x0042, 0x0042,
    0x0042, 0x0042, 0x0042, 0x0042, 0x0042, 0x0042, 0x0042, 0x0042, 0x0042, 0x0042, 0x0042, 0x0042,
    0x0042, 0x0042, 0x0042, 0x0042, 0x0042, 0x0042, 0x0042, 0x0042, 0x0042, 0x0042, 0x0042, 0x0042,
    0x0042, 0x0042, 0x0042, 0x0042, 0x0042, 0x0042, 0x0042, 0x0042, 0x0042, 0x0042, 0x0042, 0x0042,
    0x0042, 0x0042, 0x0062, 0x0042, 0x0042, 0x0042, 0x0062, 0x0062, 0x0062, 0x0042, 0x0042, 0x0062,
    0x0062, 0x0062, 0x0042, 0x0042, 0x0042, 0x0042, 0x0042, 0x0042, 0x0042, 0x0042, 0x0042, 0x0042,
    0x0042, 0x0042, 0x0042, 0x0042, 0x0042, 0x0042, 0x0042, 0x0042, 0x0042, 0x0042, 0x0042, 0x0042,
    0x0042, 0x0042, 0x0042, 0x0042, 0x0042, 0x0042, 0x0042, 0x0042, 0x0042, 0x0042, 0x0042, 0x0042,
    0x0042, 0x0042, 0x0042, 0x0862, 0x0862, 0x0862, 0x0862, 0x0882, 0x10A3, 0x18C3, 0x2903, 0x4184,
    0x72C7, 0x72A7, 0x5247, 0x4228, 0x2166, 0x21A8, 0x19A9, 0x19CA, 0x2B10, 0x3C35, 0x4D5A, 0x4D39,
    0x024F, 0x09AA, 0x0927, 0x0948, 0x08E6, 0x1A4C, 0x0906, 0x0906, 0x0062, 0x10C4, 0x0883, 0x08A4,
    0x0083, 0x0062, 0x0063, 0x00A4, 0x00A5, 0x0084, 0x08E6, 0x0084, 0x11E9, 0x0042, 0x0062, 0x0862,
    0x0882, 0x0862, 0x0862, 0x1082, 0x10A3, 0x0041, 0x0042, 0x0042, 0x0062, 0x0021, 0x0041, 0x1106,
    0x0021, 0x0001, 0x0063, 0x0001, 0x0001, 0x0021, 0x0001, 0x0001, 0x0001, 0x0001, 0x0000, 0x0000,
    0x0000, 0x0000, 0x0001, 0x0001, 0x08A4, 0x0001, 0x1A2C, 0x0062, 0x0001, 0x0042, 0x0001, 0x0042,
    0x0042, 0x0042, 0x0021, 0x0862, 0x0842, 0x0862, 0x1082, 0x2104, 0x18A2, 0x18C3, 0x18A2, 0x1082,
    0x10C3, 0x0883, 0x0062, 0x126C, 0x00A4, 0x08C4, 0x00A4, 0x08A4, 0x08E5, 0x0083, 0x0063, 0x0062,
    0x08A4, 0x0883, 0x1105, 0x0063, 0x08E5, 0x00A4, 0x0083, 0x00C4, 0x0927, 0x0927, 0x0948, 0x020D,
    0x3457, 0x4CF8, 0x33B3, 0x3392, 0x32EF, 0x11A9, 0x19A8, 0x2167, 0x4229, 0x4A49, 0x2924, 0x3985,
    0x3165, 0x18C3, 0x10A3, 0x1083, 0x0882, 0x0862, 0x0862, 0x0862, 0x0062, 0x0042, 0x0042, 0x0042,
    0x0042, 0x0042, 0x0042, 0x0042, 0x0042, 0x0042, 0x0042, 0x0042, 0x0042, 0x0042, 0x0042, 0x0042,
    0x0042, 0x0042, 0x0042, 0x0042, 0x0042, 0x0042, 0x0042, 0x0042, 0x0042, 0x0042, 0x0042, 0x0042,
    0x0042, 0x0042, 0x0042, 0x0042, 0x0042, 0x0042, 0x0042, 0x0042, 0x0042, 0x0042, 0x0042, 0x0042,
    0x0042, 0x0042, 0x0042, 0x0042, 0x0042, 0x0042, 0x0042, 0x0042, 0x0062, 0x0042, 0x0042, 0x0042,
    0x0042, 0x0042, 0x0062, 0x0042, 0x0042, 0x0062, 0x0042, 0x0062, 0x0062, 0x0062, 0x0062, 0x0042,
    0x0062, 0x0062, 0x0042, 0x0062, 0x0062, 0x0062, 0x0042, 0x0042, 0x0042, 0x0042, 0x0042, 0x0042,
    0x0042, 0x0042, 0x0042, 0x0042, 0x0042, 0x0042, 0x0042, 0x0042, 0x0042, 0x0042, 0x0042, 0x0042,
    0x0042, 0x0042, 0x0042, 0x0042, 0x0042, 0x0042, 0x0042, 0x0042, 0x0042, 0x0042, 0x0042, 0x0042,
    0x0042, 0x0042, 0x0042, 0x0062, 0x0862, 0x0862, 0x0862, 0x0882, 0x10A3, 0x18C3, 0x20E3, 0x39C6,
    0x3144, 0x39A5, 0x5289, 0x39E7, 0x2187, 0x19C9, 0x19EA, 0x3B50, 0x22F0, 0x3415, 0x5539, 0x0A90,
    0x09AB, 0x0948, 0x0948, 0x08E6, 0x08A4, 0x0083, 0x08C5, 0x08C4, 0x08A3, 0x10C4, 0x0083, 0x00A4,
    0x0042, 0x0884, 0x00A4, 0x08C5, 0x0063, 0x00C5, 0x0001, 0x0967, 0x11A8, 0x0021, 0x0883, 0x1082,
    0x1082, 0x10A2, 0x18A2, 0x10A2, 0x10A3, 0x0841, 0x0841, 0x0042, 0x0862, 0x0021, 0x0021, 0x0042,
    0x0021, 0x0001, 0x0063, 0x0000, 0x0905, 0x19A9, 0x0021, 0x08A4, 0x0001, 0x0001, 0x0000, 0x0000,
    0x0000, 0x0000, 0x0001, 0x0001, 0x08A4, 0x0021, 0x0063, 0x0021, 0x0021, 0x0042, 0x0001, 0x0042,
    0x0042, 0x0042, 0x0021, 0x0862, 0x0841, 0x0862, 0x20E3, 0x20C2, 0x28E2, 0x28E2, 0x2903, 0x18C3,
    0x1082, 0x0883, 0x0842, 0x0988, 0x120A, 0x0042, 0x08A4, 0x0063, 0x08C5, 0x00A4, 0x0062, 0x0062,
    0x0883, 0x08A4, 0x10C4, 0x10E5, 0x0063, 0x1A2B, 0x08E5, 0x0083, 0x08E5, 0x0906, 0x0927, 0x1189,
    0x124E, 0x126F, 0x2B52, 0x4435, 0x3C14, 0x22AE, 0x19CB, 0x21A9, 0x2166, 0x31A7, 0x39C7, 0x2104,
    0x2965, 0x2104, 0x10A3, 0x1083, 0x0882, 0x0862, 0x0862, 0x0862, 0x0062, 0x0042, 0x0042, 0x0042,
    0x0042, 0x0042, 0x0042, 0x0042, 0x0042, 0x0042, 0x0042, 0x0042, 0x0042, 0x0042, 0x0042, 0x0042,
    0x0042, 0x0042, 0x0042, 0x0042, 0x0042, 0x0042, 0x0042, 0x0042, 0x0042, 0x0042, 0x0042, 0x0042,
    0x0042, 0x0042, 0x0042, 0x0042, 0x0042, 0x0042, 0x0042, 0x0042, 0x0042, 0x0042, 0x0042, 0x0042,
    0x0042, 0x0042, 0x0042, 0x0042, 0x0042, 0x0042, 0x0042, 0x0042, 0x0042, 0x0042, 0x0042, 0x0042,
    0x0042, 0x0042, 0x0042, 0x0042, 0x0042, 0x0042, 0x0042, 0x0062, 0x0062, 0x0042, 0x0042, 0x0062,
    0x0062, 0x0062, 0x0062, 0x0062, 0x0062, 0x0062, 0x0042, 0x0062, 0x0062, 0x0042, 0x0042, 0x0042,
    0x0042, 0x0042, 0x0042, 0x0042, 0x0042, 0x0042, 0x0042, 0x0042, 0x0042, 0x0042, 0x0042, 0x0042,
    0x0042, 0x0042, 0x0042, 0x0042, 0x0041, 0x0042, 0x0042, 0x0042, 0x0042, 0x0042, 0x0042, 0x0042,
    0x0042, 0x0042, 0x0042, 0x0062, 0x0862, 0x0862, 0x0862, 0x0882, 0x10A3, 0x10A3, 0x2965, 0x2965,
    0x2945, 0x39E7, 0x2986, 0x29A8, 0x21EA, 0x19EB, 0x3371, 0x2393, 0x3BF4, 0x1A8F, 0x124E, 0x09AA,
    0x0948, 0x0927, 0x08E6, 0x00A4, 0x0083, 0x1106, 0x1147, 0x0883, 0x1105, 0x0063, 0x00A4, 0x0062,
    0x0062, 0x0083, 0x08C5, 0x0083, 0x0083, 0x00A4, 0x0042, 0x1A6B, 0x0883, 0x0862, 0x0882, 0x1082,
    0x18C2, 0x20C2, 0x28E2, 0x20E2, 0x18A2, 0x10A2, 0x0841, 0x0862, 0x0862, 0x0021, 0x0021, 0x0042,
    0x0021, 0x0001, 0x0042, 0x0001, 0x0022, 0x0042, 0x0042, 0x08A4, 0x0000, 0x0001, 0x0000, 0x0000,
    0x0000, 0x0000, 0x0001, 0x0001, 0x0000, 0x0001, 0x0001, 0x0001, 0x0022, 0x0042, 0x0001, 0x0042,
    0x0042, 0x0042, 0x0021, 0x1082, 0x0841, 0x1082, 0x20E3, 0x28E2, 0x59E4, 0x8B48, 0x51C4, 0x28E3,
    0x10A2, 0x1082, 0x0883, 0x0042, 0x122A, 0x00A4, 0x08A4, 0x08E5, 0x0063, 0x00A4, 0x00A4, 0x0062,
    0x0062, 0x08E5, 0x0083, 0x1925, 0x08A3, 0x08A4, 0x08A4, 0x00A4, 0x08C5, 0x08E5, 0x0927, 0x0948,
    0x1189, 0x120C, 0x12D1, 0x54F8, 0x4559, 0x44F8, 0x2AF0, 0x19EB, 0x1988, 0x2166, 0x29A7, 0x2986,
    0x10A3, 0x2125, 0x18E4, 0x0882, 0x0882, 0x0862, 0x0862, 0x0862, 0x0062, 0x0042, 0x0042, 0x0042,
    0x0042, 0x0042, 0x0042, 0x0042, 0x0042, 0x0042, 0x0042, 0x0042, 0x0042, 0x0042, 0x0042, 0x0042,
    0x0042, 0x0042, 0x0042, 0x0042, 0x0042, 0x0042, 0x0042, 0x0042, 0x0042, 0x0042, 0x0042, 0x0042,
    0x0042, 0x0042, 0x0042, 0x0042, 0x0042, 0x0042, 0x0042, 0x0042, 0x0042, 0x0042, 0x0042, 0x0042,
    0x0042, 0x0042, 0x0042, 0x0042, 0x0042, 0x0042, 0x0062, 0x0062, 0x0062, 0x0042, 0x0042, 0x0062,
    0x0062, 0x0042, 0x0042, 0x0042, 0x0042, 0x0042, 0x0042, 0x0042, 0x0062, 0x0062, 0x0042, 0x0062,
    0x0062, 0x0062, 0x0062, 0x0062, 0x0062, 0x0042, 0x0042, 0x0042, 0x0042, 0x0042, 0x0042, 0x0042,
    0x0042, 0x0042, 0x0042, 0x0042, 0x0042, 0x0042, 0x0042, 0x0042, 0x0042, 0x0042, 0x0042, 0x0042,
    0x0042, 0x0042, 0x0042, 0x0042, 0x0042, 0x0042, 0x0042, 0x0042, 0x0042, 0x0042, 0x0042, 0x0042,
    0x0042, 0x0042, 0x0062, 0x0062, 0x0862, 0x0862, 0x0862, 0x0882, 0x0882, 0x1925, 0x10E4, 0x1904,
    0x31A7, 0x2167, 0x1967, 0x19A9, 0x120C, 0x3BF4, 0x3D39, 0x4D59, 0x33F5, 0x0A2E, 0x11CB, 0x0969,
    0x0907, 0x0906, 0x08C5, 0x08A4, 0x0063, 0x1126, 0x08A4, 0x10C5, 0x08A4, 0x00A4, 0x0083, 0x0042,
    0x0083, 0x08A4, 0x00A4, 0x0063, 0x0927, 0x0043, 0x1188, 0x11A8, 0x0021, 0x0862, 0x1082, 0x10A2,
    0x28E2, 0x5A25, 0x8B49, 0x49A4, 0x20C2, 0x18C2, 0x0841, 0x0842, 0x0862, 0x0021, 0x0021, 0x0042,
    0x0021, 0x0001, 0x0042, 0x0021, 0x0001, 0x0001, 0x0001, 0x0000, 0x0001, 0x0001, 0x0000, 0x0000,
    0x0000, 0x0000, 0x0001, 0x0001, 0x0042, 0x0021, 0x0021, 0x0001, 0x0022, 0x0042, 0x0001, 0x0042,
    0x0042, 0x0021, 0x0021, 0x1082, 0x0841, 0x1082, 0x20E3, 0x3102, 0x9C0B, 0xFFD9, 0x6245, 0x28E2,
    0x10A2, 0x0882, 0x0883, 0x0862, 0x0926, 0x11E9, 0x0063, 0x08C5, 0x0084, 0x0063, 0x08C5, 0x0083,
    0x0062, 0x0883, 0x08E5, 0x08A3, 0x1905, 0x0042, 0x1947, 0x1126, 0x08A4, 0x08C5, 0x0926, 0x1168,
    0x0968, 0x11AA, 0x1AD0, 0x2477, 0x977E, 0x6E9D, 0x44B7, 0x226D, 0x19A9, 0x1988, 0x2188, 0x2146,
    0x2945, 0x10C4, 0x1926, 0x10C4, 0x0862, 0x0862, 0x0862, 0x0862, 0x0062, 0x0042, 0x0042, 0x0042,
    0x0042, 0x0042, 0x0042, 0x0042, 0x0042, 0x0042, 0x0042, 0x0042, 0x0042, 0x0042, 0x0042, 0x0042,
    0x0042, 0x0042, 0x0042, 0x0042, 0x0042, 0x0042, 0x0042, 0x0042, 0x0042, 0x0042, 0x0042, 0x0042,
    0x0042, 0x0042, 0x0042, 0x0042, 0x0042, 0x0042, 0x0042, 0x0042, 0x0042, 0x0042, 0x0042, 0x0042,
    0x0042, 0x0042, 0x0042, 0x0042, 0x0042, 0x0042, 0x0062, 0x0062, 0x0062, 0x0042, 0x0042, 0x0042,
    0x0042, 0x0042, 0x0042, 0x0042, 0x0062, 0x0062, 0x0042, 0x0062, 0x0062, 0x0062, 0x0042, 0x0042,
    0x0062, 0x0062, 0x0062, 0x0062, 0x0062, 0x0042, 0x0042, 0x0042, 0x0042, 0x0042, 0x0062, 0x0042,
    0x0042, 0x0042, 0x0042, 0x0042, 0x0042, 0x0042, 0x0042, 0x0042, 0x0042, 0x0042, 0x0042, 0x0042,
    0x0042, 0x0042, 0x0042, 0x0042, 0x0042, 0x0042, 0x0042, 0x0042, 0x0042, 0x0042, 0x0042, 0x0042,
    0x0062, 0x0042, 0x0062, 0x0062, 0x0062, 0x0862, 0x0862, 0x0862, 0x1105, 0x10E4, 0x18E4, 0x2965,
    0x1946, 0x1988, 0x1189, 0x11CA, 0x2B10, 0x457A, 0x8F7F, 0x76BD, 0x1374, 0x122D, 0x1189, 0x0948,
    0x1168, 0x08E5, 0x08C4, 0x0883, 0x1126, 0x08C4, 0x0883, 0x10C5, 0x0084, 0x08C4, 0x0062, 0x0063,
    0x0083, 0x08A4, 0x0062, 0x08E5, 0x00C5, 0x0063, 0x1A4B, 0x0062, 0x0062, 0x0862, 0x1082, 0x18C3,
    0x28E2, 0xA46D, 0xFFB9, 0x5A04, 0x20C2, 0x18C2, 0x0841, 0x0842, 0x0862, 0x0021, 0x0021, 0x0042,
    0x0021, 0x0001, 0x0062, 0x0021, 0x0021, 0x0021, 0x0042, 0x0021, 0x0001, 0x0001, 0x0000, 0x0000,
    0x0000, 0x0000, 0x0001, 0x0001, 0x08A4, 0x0063, 0x0001, 0x0001, 0x0022, 0x0063, 0x0001, 0x0042,
    0x0042, 0x0021, 0x0021, 0x1082, 0x0841, 0x1082, 0x20E3, 0x28E3, 0x59E4, 0x72A6, 0x3922, 0x20C2,
    0x1082, 0x0862, 0x0862, 0x0883, 0x0042, 0x122B, 0x08E5, 0x0042, 0x08C5, 0x0083, 0x00A4, 0x08C5,
    0x0083, 0x0862, 0x08C4, 0x08C4, 0x0882, 0x10A3, 0x10E5, 0x1106, 0x08A4, 0x08A4, 0x1188, 0x3C54,
    0x0906, 0x0968, 0x11EC, 0x1BB4, 0x4DFC, 0x7EBD, 0x2C77, 0x3BF4, 0x1A4C, 0x1189, 0x1147, 0x1967,
    0x1946, 0x2145, 0x10A3, 0x10E5, 0x10C4, 0x0862, 0x0862, 0x0062, 0x0062, 0x0042, 0x0042, 0x0042,
    0x0042, 0x0042, 0x0042, 0x0042, 0x0042, 0x0042, 0x0042, 0x0042, 0x0042, 0x0042, 0x0042, 0x0042,
    0x0042, 0x0042, 0x0042, 0x0042, 0x0042, 0x0042, 0x0042, 0x0042, 0x0042, 0x0042, 0x0042, 0x0042,
    0x0042, 0x0042, 0x0042, 0x0042, 0x0042, 0x0042, 0x0042, 0x0042, 0x0042, 0x0042, 0x0042, 0x0042,
    0x0042, 0x0042, 0x0042, 0x0042, 0x0042, 0x0042, 0x0042, 0x0042, 0x0042, 0x0042, 0x0042, 0x0042,
    0x0042, 0x0042, 0x0042, 0x0042, 0x0042, 0x0042, 0x0062, 0x0062, 0x0062, 0x0062, 0x0062, 0x0062,
    0x0062, 0x0062, 0x0062, 0x0062, 0x0062, 0x0062, 0x0042, 0x0042, 0x0042, 0x0042, 0x0042, 0x0042,
    0x0042, 0x0042, 0x0042, 0x0042, 0x0042, 0x0042, 0x0042, 0x0042, 0x0042, 0x0042, 0x0042, 0x0042,
    0x0042, 0x0042, 0x0042, 0x0042, 0x0042, 0x0042, 0x0042, 0x0042, 0x0042, 0x0042, 0x0042, 0x0042,
    0x0042, 0x0042, 0x0042, 0x0062, 0x0062, 0x0862, 0x0862, 0x10C4, 0x08A3, 0x10C3, 0x2965, 0x1926,
    0x1147, 0x1147, 0x118A, 0x22CF, 0x2C16, 0x3D1A, 0x86DD, 0x24FA, 0x12D1, 0x11AA, 0x0107, 0x1A0B,
    0x4432, 0x0084, 0x08C5, 0x08A4, 0x1105, 0x08A4, 0x0883, 0x0083, 0x08E5, 0x0063, 0x0062, 0x0083,
    0x08A4, 0x0083, 0x0084, 0x08E6, 0x0022, 0x11C9, 0x0946, 0x0021, 0x0062, 0x0862, 0x0882, 0x10A2,
    0x20E2, 0x51C4, 0x6A86, 0x3102, 0x18A2, 0x20C2, 0x0841, 0x0841, 0x0862, 0x0021, 0x0021, 0x0042,
    0x0021, 0x0001, 0x0063, 0x0001, 0x0001, 0x0001, 0x08C5, 0x0062, 0x0000, 0x0001, 0x0000, 0x0000,
    0x0000, 0x0000, 0x0001, 0x0001, 0x0001, 0x0001, 0x0001, 0x0001, 0x0042, 0x0883, 0x0001, 0x0042,
    0x0042, 0x0021, 0x0021, 0x18C3, 0x0862, 0x0841, 0x18C3, 0x20E3, 0x20C2, 0x3123, 0x41C5, 0x1082,
    0x1082, 0x0882, 0x0883, 0x0883, 0x0042, 0x08C4, 0x120A, 0x0042, 0x08C5, 0x08C5, 0x0083, 0x08C5,
    0x00A4, 0x0883, 0x0062, 0x08C4, 0x08C4, 0x0883, 0x0883, 0x08A3, 0x0883, 0x08C5, 0x1106, 0x0906,
    0x1A2B, 0x0948, 0x11AA, 0x126F, 0x1BB5, 0x34F9, 0x65BA, 0x23D6, 0x3393, 0x11CA, 0x1168, 0x1147,
    0x1988, 0x1126, 0x1904, 0x10A3, 0x2125, 0x10A3, 0x0062, 0x0862, 0x0042, 0x0042, 0x0062, 0x0042,
    0x0042, 0x0042, 0x0042, 0x0042, 0x0042, 0x0042, 0x0042, 0x0042, 0x0042, 0x0042, 0x0042, 0x0042,
    0x0042, 0x0042, 0x0042, 0x0042, 0x0042, 0x0042, 0x0042, 0x0042, 0x0042, 0x0042, 0x0042, 0x0042,
    0x0042, 0x0042, 0x0042, 0x0042, 0x0042, 0x0042, 0x0042, 0x0042, 0x0042, 0x0042, 0x0042, 0x0042,
    0x0042, 0x0042, 0x0042, 0x0042, 0x0042, 0x0042, 0x0042, 0x0042, 0x0042, 0x0042, 0x0042, 0x0062,
    0x0062, 0x0042, 0x0042, 0x0042, 0x0062, 0x0042, 0x0062, 0x0062, 0x0062, 0x0062, 0x0062, 0x0062,
    0x0062, 0x0062, 0x0062, 0x0062, 0x0062, 0x0062, 0x0042, 0x0042, 0x0042, 0x0042, 0x0042, 0x0042,
    0x0042, 0x0042, 0x0042, 0x0042, 0x0042, 0x0042, 0x0042, 0x0042, 0x0042, 0x0042, 0x0042, 0x0042,
    0x0042, 0x0042, 0x0042, 0x0042, 0x0042, 0x0042, 0x0042, 0x0042, 0x0042, 0x0042, 0x0042, 0x0042,
    0x0042, 0x0042, 0x0062, 0x0062, 0x0062, 0x0042, 0x10C4, 0x18E4, 0x10A3, 0x1904, 0x1126, 0x1147,
    0x0927, 0x0948, 0x1A4C, 0x23D4, 0x2457, 0x5DBB, 0x1C58, 0x1353, 0x120C, 0x0989, 0x11EA, 0x19CA,
    0x1126, 0x1967, 0x0063, 0x0883, 0x0883, 0x0883, 0x0883, 0x1106, 0x0883, 0x0062, 0x0083, 0x00A4,
    0x00A4, 0x0083, 0x08E6, 0x0083, 0x00A4, 0x120A, 0x0022, 0x0063, 0x0062, 0x0842, 0x0862, 0x0861,
    0x18C3, 0x41A5, 0x20A2, 0x18A2, 0x20C2, 0x1082, 0x0021, 0x1082, 0x0862, 0x0021, 0x0021, 0x0042,
    0x0021, 0x0001, 0x0883, 0x0021, 0x0001, 0x0001, 0x0001, 0x0001, 0x0001, 0x0001, 0x0000, 0x0000,
    0x0000, 0x0000, 0x0001, 0x0001, 0x0021, 0x0001, 0x0001, 0x0001, 0x0022, 0x0063, 0x0001, 0x0042,
    0x0042, 0x0021, 0x0021, 0x0842, 0x18E3, 0x0862, 0x0841, 0x18C2, 0x18C2, 0x1082, 0x39A5, 0x2103,
    0x0862, 0x0862, 0x0862, 0x0062, 0x0083, 0x0022, 0x09C9, 0x0988, 0x0063, 0x0906, 0x08C5, 0x0883,
    0x08E5, 0x0083, 0x0863, 0x0862, 0x1126, 0x08A4, 0x0883, 0x0062, 0x21E9, 0x1988, 0x08C4, 0x08C4,
    0x4391, 0x11EB, 0x0948, 0x09CB, 0x120D, 0x1B73, 0x3CD9, 0x5D59, 0x1312, 0x2B11, 0x11CB, 0x1168,
    0x1126, 0x1147, 0x1105, 0x18E4, 0x0882, 0x0883, 0x0883, 0x0062, 0x0862, 0x0042, 0x0042, 0x0042,
    0x0042, 0x0042, 0x0042, 0x0042, 0x0042, 0x0042, 0x0042, 0x0042, 0x0042, 0x0042, 0x0042, 0x0042,
    0x0042, 0x0042, 0x0042, 0x0042, 0x0042, 0x0042, 0x0042, 0x0042, 0x0042, 0x0042, 0x0042, 0x0042,
    0x0042, 0x0042, 0x0042, 0x0042, 0x0042, 0x0042, 0x0042, 0x0042, 0x0042, 0x0042, 0x0042, 0x0042,
    0x0042, 0x0042, 0x0042, 0x0042, 0x0042, 0x0042, 0x0042, 0x0042, 0x0062, 0x0042, 0x0042, 0x0042,
    0x0042, 0x0042, 0x0042, 0x0042, 0x0062, 0x0062, 0x0062, 0x0062, 0x0062, 0x0062, 0x0042, 0x0042,
    0x0042, 0x0062, 0x0062, 0x0062, 0x0042, 0x0042, 0x0062, 0x0042, 0x0042, 0x0042, 0x0042, 0x0042,
    0x0042, 0x0042, 0x0042, 0x0042, 0x0042, 0x0042, 0x0042, 0x0042, 0x0042, 0x0042, 0x0042, 0x0042,
    0x0042, 0x0042, 0x0042, 0x0042, 0x0042, 0x0042, 0x0042, 0x0042, 0x0042, 0x0042, 0x0042, 0x0042,
    0x0042, 0x0042, 0x0042, 0x0062, 0x0062, 0x08A4, 0x0883, 0x10A3, 0x1904, 0x0906, 0x0906, 0x0927,
    0x0948, 0x1A2C, 0x1B11, 0x1BB4, 0x65BB, 0x13D6, 0x12D1, 0x120C, 0x09AA, 0x0149, 0x4C54, 0x220A,
    0x08A3, 0x1106, 0x21E9, 0x1946, 0x0883, 0x0883, 0x1106, 0x10E5, 0x0062, 0x0883, 0x08A4, 0x08C5,
    0x0083, 0x08E5, 0x08E6, 0x0043, 0x122B, 0x08E5, 0x0042, 0x0062, 0x0062, 0x0042, 0x0862, 0x0021,
    0x2924, 0x2944, 0x1061, 0x20C2, 0x1082, 0x0021, 0x1082, 0x1082, 0x0021, 0x0021, 0x0001, 0x0062,
    0x0021, 0x0001, 0x0063, 0x0021, 0x0001, 0x0001, 0x0021, 0x0021, 0x0001, 0x0001, 0x0000, 0x0000,
    0x0000, 0x0000, 0x0001, 0x0001, 0x08A4, 0x0062, 0x0001, 0x0001, 0x0042, 0x0883, 0x0001, 0x0042,
    0x0042, 0x0021, 0x0021, 0x0021, 0x0842, 0x18E3, 0x0862, 0x0841, 0x18C3, 0x10A2, 0x0841, 0x20E3,
    0x10A3, 0x0042, 0x0862, 0x0062, 0x0062, 0x0083, 0x0084, 0x1AAD, 0x00E5, 0x00C5, 0x0927, 0x00A4,
    0x08A4, 0x08A4, 0x0883, 0x0883, 0x08A4, 0x1126, 0x0883, 0x0042, 0x21C8, 0x1967, 0x0042, 0x08C4,
    0x0883, 0x228D, 0x226D, 0x00E6, 0x0989, 0x11EC, 0x1B33, 0x2C77, 0x54F8, 0x12D1, 0x2311, 0x11AA,
    0x0927, 0x08E6, 0x1127, 0x08E5, 0x0883, 0x0883, 0x08A3, 0x0883, 0x0062, 0x0042, 0x0042, 0x0042,
    0x0042, 0x0042, 0x0042, 0x0042, 0x0042, 0x0042, 0x0042, 0x0042, 0x0042, 0x0042, 0x0042, 0x0042,
    0x0042, 0x0042, 0x0042, 0x0042, 0x0042, 0x0042, 0x0042, 0x0042, 0x0042, 0x0042, 0x0042, 0x0042,
    0x0042, 0x0042, 0x0042, 0x0042, 0x0042, 0x0042, 0x0042, 0x0042, 0x0042, 0x0042, 0x0042, 0x0042,
    0x0042, 0x0042, 0x0042, 0x0042, 0x0042, 0x0042, 0x0042, 0x0042, 0x0042, 0x0042, 0x0042, 0x0042,
    0x0042, 0x0042, 0x0042, 0x0042, 0x0062, 0x0062, 0x0062, 0x0062, 0x0062, 0x0062, 0x0042, 0x0042,
    0x0042, 0x0062, 0x0042, 0x0042, 0x0042, 0x0042, 0x0042, 0x0042, 0x0042, 0x0042, 0x0042, 0x0042,
    0x0042, 0x0042, 0x0042, 0x0042, 0x0042, 0x0042, 0x0042, 0x0042, 0x0042, 0x0042, 0x0042, 0x0042,
    0x0042, 0x0042, 0x0042, 0x0042, 0x0042, 0x0042, 0x0042, 0x0042, 0x0042, 0x0042, 0x0042, 0x0042,
    0x0042, 0x0042, 0x0042, 0x0062, 0x08A4, 0x08A3, 0x08A3, 0x08A4, 0x0906, 0x08E6, 0x08E6, 0x0107,
    0x120C, 0x1B32, 0x1332, 0x6559, 0x1BB5, 0x0AB0, 0x11CB, 0x0989, 0x0969, 0x2AEF, 0x0907, 0x08E5,
    0x08C4, 0x0063, 0x220A, 0x1946, 0x0062, 0x08C4, 0x1126, 0x0062, 0x0883, 0x0883, 0x08C5, 0x00A4,
    0x08E5, 0x0906, 0x0063, 0x11A9, 0x122B, 0x0022, 0x0063, 0x0042, 0x0042, 0x0042, 0x0041, 0x18E4,
    0x1082, 0x0021, 0x18A2, 0x1082, 0x0021, 0x0862, 0x1082, 0x0021, 0x0021, 0x0021, 0x0001, 0x0062,
    0x0021, 0x0001, 0x0063, 0x0021, 0x0001, 0x0001, 0x08A4, 0x0062, 0x0000, 0x0001, 0x0000, 0x0000,
    0x0000, 0x0000, 0x0001, 0x0001, 0x0021, 0x0022, 0x0021, 0x0001, 0x0062, 0x08A4, 0x0021, 0x0042,
    0x0042, 0x0021, 0x0021, 0x0042, 0x0021, 0x0842, 0x10C3, 0x0842, 0x0841, 0x20E3, 0x18C3, 0x0841,
    0x18E4, 0x10A3, 0x0042, 0x0062, 0x0062, 0x0083, 0x0063, 0x0988, 0x126D, 0x00C6, 0x0949, 0x0928,
    0x0083, 0x08A4, 0x08A4, 0x08A3, 0x0883, 0x10C4, 0x2145, 0x0883, 0x0863, 0x10C4, 0x2A4A, 0x08C4,
    0x10E5, 0x2AAD, 0x1A4C, 0x11A9, 0x0907, 0x1189, 0x11CB, 0x0AB1, 0x2C37, 0x54D8, 0x0A70, 0x22AF,
    0x0989, 0x0907, 0x08E5, 0x08E5, 0x08C5, 0x10C4, 0x10A3, 0x0083, 0x0884, 0x0062, 0x0042, 0x0042,
    0x0042, 0x0042, 0x0042, 0x0042, 0x0042, 0x0042, 0x0042, 0x0042, 0x0042, 0x0042, 0x0042, 0x0042,
    0x0042, 0x0042, 0x0042, 0x0042, 0x0042, 0x0042, 0x0042, 0x0042, 0x0042, 0x0042, 0x0042, 0x0042,
    0x0042, 0x0042, 0x0042, 0x0042, 0x0042, 0x0042, 0x0042, 0x0042, 0x0042, 0x0042, 0x0042, 0x0042,
    0x0042, 0x0042, 0x0042, 0x0042, 0x0042, 0x0042, 0x0042, 0x0042, 0x0042, 0x0042, 0x0042, 0x0042,
    0x0042, 0x0042, 0x0042, 0x0042, 0x0042, 0x0062, 0x0062, 0x0062, 0x0062, 0x0062, 0x0062, 0x0062,
    0x0062, 0x0062, 0x0042, 0x0042, 0x0042, 0x0042, 0x0042, 0x0042, 0x0042, 0x0062, 0x0042, 0x0042,
    0x0042, 0x0042, 0x0042, 0x0042, 0x0042, 0x0042, 0x0042, 0x0042, 0x0042, 0x0042, 0x0042, 0x0042,
    0x0042, 0x0042, 0x0042, 0x0042, 0x0042, 0x0042, 0x0042, 0x0042, 0x0042, 0x0042, 0x0042, 0x0042,
    0x0042, 0x0042, 0x0063, 0x08A3, 0x0063, 0x08A3, 0x10C4, 0x08E5, 0x08C5, 0x08E6, 0x0107, 0x11CB,
    0x126F, 0x1312, 0x5D18, 0x1333, 0x0A2E, 0x11AA, 0x0969, 0x0948, 0x19EA, 0x332F, 0x19A9, 0x08C4,
    0x1947, 0x2A4A, 0x0863, 0x08A3, 0x10A4, 0x2187, 0x0063, 0x0883, 0x0883, 0x08C5, 0x08A4, 0x00A4,
    0x0948, 0x0127, 0x00E7, 0x12AE, 0x00C5, 0x0083, 0x0062, 0x0042, 0x0042, 0x0021, 0x1105, 0x10A3,
    0x0041, 0x18A2, 0x10A3, 0x0021, 0x0862, 0x1083, 0x0021, 0x0021, 0x0021, 0x0021, 0x0021, 0x0042,
    0x0022, 0x0021, 0x0084, 0x0021, 0x0021, 0x0001, 0x0021, 0x0021, 0x0001, 0x0001, 0x0000, 0x0000,
    0x0000, 0x0000, 0x0001, 0x0001, 0x0001, 0x0001, 0x0021, 0x0001, 0x0062, 0x08A4, 0x0001, 0x0042,
    0x0063, 0x0022, 0x0022, 0x0021, 0x0041, 0x0021, 0x0042, 0x08A4, 0x0042, 0x0862, 0x18C3, 0x0862,
    0x0021, 0x10E5, 0x0863, 0x0042, 0x0063, 0x0083, 0x08A4, 0x0085, 0x4474, 0x3455, 0x0129, 0x0928,
    0x0906, 0x08A4, 0x08C5, 0x0883, 0x0883, 0x0062, 0x2985, 0x2966, 0x08C4, 0x10E4, 0x2A4B, 0x08C4,
    0x08A3, 0x1105, 0x08C5, 0x19EA, 0x11A9, 0x0906, 0x1169, 0x11AA, 0x0A70, 0x2BD5, 0x4C76, 0x0A2E,
    0x126F, 0x0989, 0x00E5, 0x08C5, 0x08C5, 0x08C5, 0x0883, 0x0862, 0x0063, 0x0083, 0x0063, 0x0042,
    0x0042, 0x0042, 0x0042, 0x0042, 0x0042, 0x0042, 0x0042, 0x0042, 0x0042, 0x0042, 0x0042, 0x0042,
    0x0042, 0x0042, 0x0042, 0x0042, 0x0042, 0x0042, 0x0042, 0x0042, 0x0042, 0x0042, 0x0042, 0x0042,
    0x0042, 0x0042, 0x0042, 0x0042, 0x0042, 0x0042, 0x0042, 0x0042, 0x0042, 0x0042, 0x0042, 0x0042,
    0x0042, 0x0042, 0x0062, 0x0042, 0x0042, 0x0042, 0x0042, 0x0042, 0x0042, 0x0042, 0x0062, 0x0062,
    0x0042, 0x0042, 0x0042, 0x0042, 0x0042, 0x0042, 0x0042, 0x0042, 0x0062, 0x0062, 0x0062, 0x0062,
    0x0062, 0x0062, 0x0062, 0x0062, 0x0062, 0x0042, 0x0062, 0x0042, 0x0042, 0x0062, 0x0042, 0x0042,
    0x0042, 0x0042, 0x0042, 0x0042, 0x0042, 0x0042, 0x0042, 0x0042, 0x0042, 0x0042, 0x0042, 0x0042,
    0x0042, 0x0042, 0x0042, 0x0042, 0x0042, 0x0042, 0x0042, 0x0042, 0x0042, 0x0042, 0x0042, 0x0042,
    0x0042, 0x0083, 0x0083, 0x0062, 0x0062, 0x08A4, 0x08E6, 0x08C5, 0x08C5, 0x00E6, 0x11EB, 0x0A2E,
    0x1AAF, 0x5497, 0x0AB1, 0x09ED, 0x0969, 0x0948, 0x0906, 0x1A2B, 0x0926, 0x08A4, 0x1105, 0x0883,
    0x1106, 0x19A8, 0x0883, 0x0883, 0x39E7, 0x10E4, 0x0062, 0x0883, 0x0883, 0x08C4, 0x00A4, 0x0906,
    0x0928, 0x018B, 0x4D59, 0x124D, 0x0063, 0x0083, 0x0062, 0x0062, 0x0042, 0x08C4, 0x10C4, 0x0021,
    0x0862, 0x1083, 0x0042, 0x0042, 0x08A3, 0x0021, 0x0021, 0x0021, 0x0021, 0x0021, 0x0021, 0x0043,
    0x0022, 0x0021, 0x08C5, 0x0022, 0x0001, 0x0001, 0x0001, 0x0001, 0x0001, 0x0001, 0x0000, 0x0000,
    0x0000, 0x0000, 0x0001, 0x0001, 0x0042, 0x0022, 0x0001, 0x0001, 0x0062, 0x08A4, 0x0021, 0x0042,
    0x0083, 0x0022, 0x0042, 0x0021, 0x0021, 0x0042, 0x0041, 0x0042, 0x08A3, 0x0042, 0x0021, 0x10C3,
    0x18E4, 0x0042, 0x08C4, 0x0883, 0x0062, 0x0883, 0x00A4, 0x00C6, 0x2310, 0x669D, 0x09CB, 0x00A5,
    0x0906, 0x08A4, 0x08A4, 0x08E5, 0x08A4, 0x0883, 0x0883, 0x4207, 0x2125, 0x08A3, 0x0862, 0x1987,
    0x19A8, 0x0883, 0x10E5, 0x1967, 0x19EA, 0x1189, 0x0907, 0x0968, 0x1189, 0x0A0E, 0x2333, 0x4C76,
    0x0A2E, 0x09ED, 0x0989, 0x00C5, 0x00A4, 0x08A4, 0x08A4, 0x0083, 0x0042, 0x0042, 0x0063, 0x0083,
    0x0042, 0x0042, 0x0042, 0x0042, 0x0042, 0x0042, 0x0042, 0x0042, 0x0042, 0x0042, 0x0042, 0x0042,
    0x0042, 0x0042, 0x0042, 0x0042, 0x0042, 0x0042, 0x0042, 0x0042, 0x0042, 0x0042, 0x0042, 0x0042,
    0x0042, 0x0042, 0x0042, 0x0042, 0x0042, 0x0042, 0x0042, 0x0042, 0x0042, 0x0042, 0x0042, 0x0042,
    0x0042, 0x0042, 0x0062, 0x0042, 0x0042, 0x0042, 0x0042, 0x0042, 0x0042, 0x0042, 0x0062, 0x0062,
    0x0042, 0x0042, 0x0042, 0x0042, 0x0042, 0x0042, 0x0042, 0x0042, 0x0042, 0x0062, 0x0062, 0x0062,
    0x0062, 0x0062, 0x0062, 0x0062, 0x0062, 0x0042, 0x0042, 0x0042, 0x0042, 0x0042, 0x0042, 0x0042,
    0x0042, 0x0042, 0x0042, 0x0042, 0x0042, 0x0042, 0x0042, 0x0042, 0x0042, 0x0042, 0x0042, 0x0042,
    0x0042, 0x0042, 0x0042, 0x0042, 0x0042, 0x0042, 0x0042, 0x0042, 0x0042, 0x0042, 0x0042, 0x0062,
    0x0083, 0x0063, 0x0042, 0x0062, 0x08A4, 0x08C5, 0x00A4, 0x00C5, 0x00E6, 0x11AA, 0x01CD, 0x2332,
    0x4C96, 0x0A4F, 0x09AB, 0x0969, 0x0948, 0x0906, 0x1A0B, 0x1187, 0x1126, 0x1105, 0x0883, 0x324B,
    0x1946, 0x0862, 0x0083, 0x39C6, 0x2145, 0x0062, 0x08A3, 0x08A3, 0x08A4, 0x0083, 0x08A4, 0x08E6,
    0x0064, 0x2330, 0x5E1B, 0x016B, 0x00A5, 0x0084, 0x0063, 0x0042, 0x0883, 0x0883, 0x0021, 0x0042,
    0x0862, 0x0883, 0x0042, 0x08A4, 0x0021, 0x0042, 0x0021, 0x0021, 0x0021, 0x0062, 0x0022, 0x0063,
    0x0042, 0x0042, 0x08A5, 0x0021, 0x0001, 0x0021, 0x0062, 0x0022, 0x0001, 0x0001, 0x0000, 0x0000,
    0x0000, 0x0000, 0x0001, 0x0001, 0x0884, 0x0063, 0x0021, 0x0021, 0x0063, 0x08E6, 0x0001, 0x0062,
    0x0063, 0x0083, 0x0021, 0x0062, 0x0021, 0x0021, 0x0042, 0x0021, 0x0042, 0x0883, 0x0042, 0x0042,
    0x10C4, 0x10A3, 0x0042, 0x08A4, 0x0063, 0x0883, 0x08C4, 0x08C5, 0x0128, 0x09AA, 0x1A0B, 0x00A5,
    0x1147, 0x1126, 0x08C4, 0x1147, 0x10E4, 0x08A3, 0x08A3, 0x10C4, 0x39E7, 0x10E4, 0x08A4, 0x1987,
    0x224B, 0x08A4, 0x10E5, 0x1127, 0x08E5, 0x19A9, 0x1189, 0x08E6, 0x0927, 0x0948, 0x018B, 0x126F,
    0x4456, 0x124E, 0x018B, 0x0969, 0x00A4, 0x0084, 0x0083, 0x08A4, 0x0083, 0x0062, 0x0042, 0x0062,
    0x0083, 0x0042, 0x0042, 0x0042, 0x0042, 0x0042, 0x0042, 0x0042, 0x0042, 0x0042, 0x0042, 0x0042,
    0x0042, 0x0042, 0x0042, 0x0042, 0x0042, 0x0042, 0x0042, 0x0042, 0x0042, 0x0042, 0x0042, 0x0042,
    0x0042, 0x0042, 0x0042, 0x0042, 0x0042, 0x0042, 0x0042, 0x0042, 0x0042, 0x0042, 0x0042, 0x0042,
    0x0042, 0x0042, 0x0042, 0x0042, 0x0042, 0x0042, 0x0042, 0x0042, 0x0062, 0x0042, 0x0062, 0x0042,
    0x0042, 0x0042, 0x0042, 0x0042, 0x0042, 0x0042, 0x0042, 0x0042, 0x0062, 0x0062, 0x0062, 0x0062,
    0x0062, 0x0062, 0x0062, 0x0062, 0x0062, 0x0062, 0x0042, 0x0042, 0x0042, 0x0042, 0x0042, 0x0042,
    0x0042, 0x0042, 0x0042, 0x0042, 0x0042, 0x0042, 0x0042, 0x0042, 0x0042, 0x0042, 0x0042, 0x0042,
    0x0042, 0x0042, 0x0042, 0x0042, 0x0042, 0x0042, 0x0042, 0x0042, 0x0042, 0x0042, 0x0062, 0x0083,
    0x0042, 0x0042, 0x0062, 0x0084, 0x00A4, 0x0083, 0x0083, 0x08E6, 0x09AB, 0x014A, 0x3352, 0x4435,
    0x020E, 0x0969, 0x0927, 0x0907, 0x08E6, 0x1A0A, 0x1147, 0x08C4, 0x1126, 0x10E5, 0x08C4, 0x324A,
    0x1967, 0x0083, 0x31C7, 0x39C7, 0x0063, 0x08A3, 0x08C4, 0x1105, 0x08C4, 0x0084, 0x1188, 0x0926,
    0x00C5, 0x11EB, 0x0129, 0x0107, 0x08E6, 0x08A4, 0x0042, 0x0063, 0x08A4, 0x0042, 0x0062, 0x0062,
    0x08A4, 0x0042, 0x0883, 0x0022, 0x0042, 0x0062, 0x0021, 0x0021, 0x0863, 0x0022, 0x0022, 0x0062,
    0x0862, 0x0021, 0x08E6, 0x0021, 0x0021, 0x0021, 0x0063, 0x0042, 0x0001, 0x0001, 0x0000, 0x0000,
    0x0000, 0x0000, 0x0001, 0x0001, 0x0001, 0x0001, 0x0021, 0x0042, 0x0001, 0x0906, 0x08E6, 0x0000,
    0x0042, 0x0063, 0x0063, 0x0021, 0x0042, 0x0021, 0x0883, 0x0063, 0x0021, 0x0062, 0x0883, 0x0021,
    0x0862, 0x0042, 0x0062, 0x0883, 0x0062, 0x0062, 0x0083, 0x08A4, 0x08C5, 0x0084, 0x08E5, 0x0968,
    0x0927, 0x1168, 0x0083, 0x1905, 0x1926, 0x08A3, 0x10C4, 0x08A3, 0x10C4, 0x530C, 0x2A2A, 0x0883,
    0x10A4, 0x10E5, 0x10C4, 0x10C4, 0x19A8, 0x08C4, 0x11A9, 0x1189, 0x08C5, 0x0906, 0x0927, 0x0149,
    0x09CC, 0x3C35, 0x1AF1, 0x0109, 0x0928, 0x00A4, 0x0083, 0x0063, 0x0083, 0x0884, 0x0062, 0x0042,
    0x0042, 0x0042, 0x0042, 0x0042, 0x0042, 0x0042, 0x0042, 0x0042, 0x0042, 0x0042, 0x0042, 0x0042,
    0x0042, 0x0042, 0x0042, 0x0042, 0x0042, 0x0042, 0x0042, 0x0042, 0x0042, 0x0042, 0x0042, 0x0042,
    0x0042, 0x0042, 0x0042, 0x0042, 0x0042, 0x0042, 0x0042, 0x0042, 0x0042, 0x0042, 0x0042, 0x0042,
    0x0042, 0x0042, 0x0042, 0x0042, 0x0042, 0x0042, 0x0042, 0x0042, 0x0062, 0x0062, 0x0062, 0x0062,
    0x0062, 0x0062, 0x0042, 0x0042, 0x0042, 0x0042, 0x0042, 0x0042, 0x0062, 0x0062, 0x0062, 0x0062,
    0x0062, 0x0062, 0x0062, 0x0062, 0x0062, 0x0062, 0x0042, 0x0042, 0x0042, 0x0062, 0x0042, 0x0042,
    0x0042, 0x0042, 0x0042, 0x0042, 0x0042, 0x0042, 0x0042, 0x0042, 0x0042, 0x0042, 0x0042, 0x0042,
    0x0042, 0x0042, 0x0042, 0x0042, 0x0042, 0x0042, 0x0042, 0x0042, 0x0042, 0x0042, 0x0042, 0x0042,
    0x0042, 0x0063, 0x0083, 0x0063, 0x0063, 0x0083, 0x08C5, 0x0949, 0x012A, 0x3BD3, 0x3372, 0x0129,
    0x0969, 0x0927, 0x0906, 0x08E5, 0x19EA, 0x1106, 0x10C4, 0x1126, 0x08A3, 0x10E5, 0x1105, 0x0883,
    0x1105, 0x31E8, 0x39C7, 0x0883, 0x08A3, 0x08C4, 0x0883, 0x1105, 0x08A3, 0x0083, 0x11C9, 0x0968,
    0x0927, 0x00A5, 0x00A4, 0x00A4, 0x08E5, 0x0022, 0x0063, 0x08A4, 0x0042, 0x0062, 0x0042, 0x08A4,
    0x0063, 0x0083, 0x0042, 0x0021, 0x08E5, 0x0042, 0x0021, 0x0063, 0x0042, 0x0022, 0x0863, 0x0042,
    0x0001, 0x0927, 0x0084, 0x0021, 0x0022, 0x0001, 0x0001, 0x0001, 0x0001, 0x0000, 0x0000, 0x0000,
    0x0000, 0x0000, 0x0001, 0x0001, 0x0001, 0x0021, 0x0021, 0x0021, 0x0042, 0x0001, 0x0947, 0x08E5,
    0x0001, 0x0022, 0x0884, 0x0063, 0x0021, 0x0021, 0x0022, 0x0063, 0x0042, 0x0021, 0x0042, 0x0863,
    0x0042, 0x0063, 0x0042, 0x0883, 0x0883, 0x10C3, 0x18E4, 0x0063, 0x08A4, 0x0084, 0x0083, 0x08E6,
    0x22CD, 0x08E5, 0x08C4, 0x0063, 0x10C4, 0x1905, 0x10C4, 0x10A3, 0x0863, 0x1905, 0x39C7, 0x08C4,
    0x10E4, 0x10C4, 0x10C4, 0x10A3, 0x10C4, 0x10E5, 0x08C4, 0x1168, 0x1168, 0x08C5, 0x08E6, 0x0906,
    0x0107, 0x0129, 0x33F5, 0x2B92, 0x00C7, 0x0907, 0x00A4, 0x0062, 0x0062, 0x0062, 0x0083, 0x0063,
    0x0042, 0x0042, 0x0042, 0x0042, 0x0042, 0x0042, 0x0042, 0x0042, 0x0042, 0x0042, 0x0042, 0x0042,
    0x0042, 0x0042, 0x0042, 0x0042, 0x0042, 0x0042, 0x0042, 0x0042, 0x0042, 0x0042, 0x0042, 0x0042,
    0x0042, 0x0042, 0x0042, 0x0042, 0x0042, 0x0042, 0x0042, 0x0042, 0x0042, 0x0042, 0x0042, 0x0042,
    0x0042, 0x0042, 0x0042, 0x0042, 0x0062, 0x0062, 0x0062, 0x0062, 0x0042, 0x0042, 0x0062, 0x0062,
    0x0062, 0x0062, 0x0062, 0x0042, 0x0042, 0x0042, 0x0042, 0x0062, 0x0062, 0x0062, 0x0062, 0x0062,
    0x0062, 0x0062, 0x0062, 0x0042, 0x0062, 0x0062, 0x0062, 0x0042, 0x0042, 0x0042, 0x0042, 0x0042,
    0x0042, 0x0042, 0x0042, 0x0042, 0x0042, 0x0042, 0x0042, 0x0042, 0x0042, 0x0042, 0x0042, 0x0042,
    0x0042, 0x0042, 0x0042, 0x0042, 0x0042, 0x0042, 0x0042, 0x0042, 0x0042, 0x0042, 0x0042, 0x0062,
    0x0083, 0x0083, 0x0062, 0x0062, 0x0063, 0x08E6, 0x0907, 0x096A, 0x4476, 0x22D0, 0x00E7, 0x0927,
    0x0906, 0x08E5, 0x08C5, 0x11AA, 0x1126, 0x10E4, 0x10E4, 0x10C4, 0x10A3, 0x10E5, 0x10E4, 0x10C4,
    0x1905, 0x41E7, 0x0883, 0x08A3, 0x08A3, 0x08A4, 0x1925, 0x08A4, 0x08A3, 0x08C4, 0x0947, 0x11CA,
    0x00A4, 0x0083, 0x0083, 0x08A4, 0x0042, 0x1925, 0x08A3, 0x0042, 0x0062, 0x0021, 0x08A4, 0x0063,
    0x0042, 0x0042, 0x0021, 0x0084, 0x0063, 0x0021, 0x0042, 0x0042, 0x0022, 0x0883, 0x0042, 0x0001,
    0x0948, 0x08C5, 0x0001, 0x0042, 0x0021, 0x0001, 0x0021, 0x0021, 0x0001, 0x0001, 0x0000, 0x0000,
    0x0000, 0x0000, 0x0001, 0x0001, 0x0084, 0x0063, 0x0042, 0x0021, 0x0021, 0x0042, 0x0001, 0x1147,
    0x08C5, 0x0001, 0x0022, 0x0083, 0x0063, 0x0021, 0x0042, 0x0042, 0x08A4, 0x0042, 0x0021, 0x0883,
    0x0883, 0x0883, 0x0063, 0x0042, 0x0883, 0x10C4, 0x1905, 0x0042, 0x0884, 0x0083, 0x0083, 0x00A4,
    0x1A4B, 0x1188, 0x0083, 0x1106, 0x08C4, 0x2125, 0x18E4, 0x08A3, 0x10C3, 0x0883, 0x2965, 0x39E7,
    0x0883, 0x10C4, 0x10C4, 0x10E4, 0x10A4, 0x10C4, 0x1126, 0x08A3, 0x1148, 0x0968, 0x08A4, 0x08C5,
    0x08E6, 0x08E6, 0x00E7, 0x1A4D, 0x00C5, 0x0084, 0x08C5, 0x00A4, 0x0062, 0x0042, 0x0042, 0x0062,
    0x0063, 0x0062, 0x0042, 0x0042, 0x0042, 0x0042, 0x0042, 0x0042, 0x0042, 0x0042, 0x0042, 0x0042,
    0x0042, 0x0042, 0x0042, 0x0042, 0x0042, 0x0042, 0x0042, 0x0042, 0x0042, 0x0042, 0x0042, 0x0042,
    0x0042, 0x0042, 0x0042, 0x0042, 0x0042, 0x0042, 0x0042, 0x0042, 0x0042, 0x0062, 0x0042, 0x0042,
    0x0042, 0x0042, 0x0042, 0x0042, 0x0042, 0x0042, 0x0042, 0x0062, 0x0062, 0x0062, 0x0062, 0x0042,
    0x0062, 0x0042, 0x0062, 0x0042, 0x0042, 0x0042, 0x0042, 0x0042, 0x0062, 0x0062, 0x0062, 0x0062,
    0x0062, 0x0062, 0x0042, 0x0042, 0x0042, 0x0062, 0x0042, 0x0042, 0x0042, 0x0042, 0x0042, 0x0042,
    0x0042, 0x0042, 0x0042, 0x0042, 0x0042, 0x0042, 0x0042, 0x0042, 0x0042, 0x0042, 0x0042, 0x0042,
    0x0042, 0x0042, 0x0042, 0x0042, 0x0042, 0x0042, 0x0042, 0x0042, 0x0042, 0x0042, 0x0063, 0x0083,
    0x0062, 0x0042, 0x0042, 0x0063, 0x08E6, 0x08C5, 0x0083, 0x1189, 0x19EB, 0x00A5, 0x0906, 0x08E6,
    0x08C5, 0x08E5, 0x1189, 0x08E5, 0x08A3, 0x10E4, 0x10A3, 0x10A3, 0x10C3, 0x10C3, 0x10C4, 0x18E4,
    0x4A47, 0x10E4, 0x08A3, 0x10C4, 0x08E5, 0x10C4, 0x08C4, 0x08C5, 0x08E5, 0x0084, 0x224C, 0x19A9,
    0x0063, 0x0083, 0x0083, 0x0083, 0x0042, 0x31A7, 0x0883, 0x0083, 0x0021, 0x0883, 0x08A4, 0x0021,
    0x0042, 0x0001, 0x08C5, 0x0084, 0x0021, 0x0022, 0x0022, 0x0022, 0x0883, 0x0062, 0x0001, 0x0948,
    0x08C5, 0x0001, 0x0042, 0x0021, 0x0001, 0x0022, 0x0084, 0x0042, 0x0000, 0x0001, 0x0000, 0x0000,
    0x0000, 0x0000, 0x0001, 0x0001, 0x0021, 0x0021, 0x08A4, 0x0042, 0x0001, 0x0021, 0x0042, 0x0001,
    0x0947, 0x08E5, 0x0001, 0x0042, 0x08A4, 0x0063, 0x0042, 0x0022, 0x0042, 0x08A4, 0x0042, 0x0042,
    0x0883, 0x0062, 0x08C4, 0x0042, 0x0062, 0x08A3, 0x0883, 0x0042, 0x0083, 0x0063, 0x0062, 0x08C4,
    0x0083, 0x1147, 0x08A4, 0x08C4, 0x1146, 0x10C3, 0x2125, 0x10E4, 0x10E4, 0x10C4, 0x08A4, 0x31C7,
    0x39C6, 0x08A3, 0x10E4, 0x10C4, 0x10C4, 0x10A3, 0x10C4, 0x10E5, 0x08A3, 0x0926, 0x0948, 0x08A4,
    0x08C4, 0x08C5, 0x08C5, 0x0084, 0x00A4, 0x0083, 0x0063, 0x00A4, 0x00A4, 0x0063, 0x0042, 0x0042,
    0x0042, 0x0042, 0x0042, 0x0042, 0x0042, 0x0042, 0x0042, 0x0042, 0x0042, 0x0042, 0x0042, 0x0042,
    0x0042, 0x0042, 0x0042, 0x0042, 0x0042, 0x0042, 0x0042, 0x0042, 0x0042, 0x0042, 0x0042, 0x0042,
    0x0042, 0x0042, 0x0042, 0x0042, 0x0042, 0x0042, 0x0062, 0x0042, 0x0042, 0x0062, 0x0062, 0x0042,
    0x0042, 0x0042, 0x0062, 0x0042, 0x0042, 0x0042, 0x0042, 0x0042, 0x0062, 0x0062, 0x0062, 0x0062,
    0x0062, 0x0042, 0x0042, 0x0062, 0x0062, 0x0042, 0x0042, 0x0042, 0x0062, 0x0062, 0x0062, 0x0062,
    0x0062, 0x0062, 0x0042, 0x0042, 0x0042, 0x0042, 0x0042, 0x0042, 0x0042, 0x0042, 0x0042, 0x0042,
    0x0042, 0x0042, 0x0042, 0x0042, 0x0042, 0x0042, 0x0042, 0x0042, 0x0042, 0x0042, 0x0042, 0x0042,
    0x0042, 0x0042, 0x0042, 0x0042, 0x0042, 0x0042, 0x0042, 0x0042, 0x0042, 0x0042, 0x0062, 0x0042,
    0x0042, 0x0042, 0x0083, 0x08C5, 0x0083, 0x0063, 0x00A3, 0x0083, 0x0084, 0x08C5, 0x08A4, 0x08A4,
    0x08E5, 0x1168, 0x08C4, 0x10A3, 0x10E4, 0x10A3, 0x10A3, 0x10C3, 0x10C4, 0x10C3, 0x18E4, 0x5268,
    0x2125, 0x08C4, 0x10C4, 0x0905, 0x10E5, 0x1904, 0x08A4, 0x1106, 0x0083, 0x08C5, 0x08C5, 0x08C5,
    0x0083, 0x0063, 0x0083, 0x0063, 0x0042, 0x18E4, 0x08A4, 0x0062, 0x0062, 0x08C4, 0x0021, 0x0042,
    0x0001, 0x08C5, 0x08C5, 0x0021, 0x0042, 0x0022, 0x0022, 0x0884, 0x0062, 0x0001, 0x0968, 0x08E5,
    0x0000, 0x0862, 0x0021, 0x0001, 0x0062, 0x08A5, 0x0001, 0x0021, 0x0001, 0x0000, 0x0000, 0x0000,
    0x0000, 0x0000, 0x0001, 0x0001, 0x0001, 0x0001, 0x0042, 0x0001, 0x0062, 0x0042, 0x0021, 0x0042,
    0x0001, 0x0967, 0x08E5, 0x0001, 0x0042, 0x08A4, 0x0042, 0x0042, 0x0042, 0x0062, 0x08A4, 0x0042,
    0x0042, 0x0022, 0x08A4, 0x0042, 0x0062, 0x0883, 0x0862, 0x0042, 0x0083, 0x0063, 0x0042, 0x08A4,
    0x0083, 0x0063, 0x0906, 0x00A4, 0x08E5, 0x10C4, 0x0883, 0x2146, 0x1105, 0x1905, 0x10E4, 0x10C4,
    0x39E7, 0x31A6, 0x08A3, 0x10C3, 0x10C3, 0x10A3, 0x10C3, 0x10A3, 0x10E4, 0x08A3, 0x08E5, 0x0927,
    0x08A4, 0x0883, 0x08A4, 0x08A4, 0x0083, 0x0083, 0x0063, 0x0062, 0x0063, 0x00A4, 0x0084, 0x0042,
    0x0042, 0x0042, 0x0042, 0x0042, 0x0042, 0x0042, 0x0042, 0x0042, 0x0042, 0x0042, 0x0042, 0x0042,
    0x0042, 0x0042, 0x0042, 0x0042, 0x0042, 0x0042, 0x0042, 0x0042, 0x0042, 0x0042, 0x0042, 0x0042,
    0x0042, 0x0042, 0x0042, 0x0042, 0x0042, 0x0042, 0x0062, 0x0042, 0x0042, 0x0042, 0x0062, 0x0042,
    0x0042, 0x0042, 0x0062, 0x0042, 0x0042, 0x0062, 0x0062, 0x0062, 0x0062, 0x0042, 0x0062, 0x0062,
    0x0062, 0x0062, 0x0062, 0x0042, 0x0062, 0x0062, 0x0042, 0x0042, 0x0062, 0x0062, 0x0062, 0x0062,
    0x0062, 0x0062, 0x0042, 0x0042, 0x0042, 0x0042, 0x0042, 0x0042, 0x0042, 0x0042, 0x0042, 0x0042,
    0x0042, 0x0042, 0x0042, 0x0042, 0x0042, 0x0042, 0x0042, 0x0042, 0x0042, 0x0042, 0x0042, 0x0042,
    0x0042, 0x0042, 0x0042, 0x0042, 0x0042, 0x0042, 0x0042, 0x0042, 0x0042, 0x0042, 0x0042, 0x0042,
    0x0062, 0x00A4, 0x00A4, 0x0062, 0x0062, 0x0063, 0x0063, 0x0083, 0x08A4, 0x00A4, 0x0083, 0x08C5,
    0x0947, 0x08A4, 0x10C3, 0x10C3, 0x10A3, 0x10A3, 0x10A3, 0x10C3, 0x10C3, 0x10C3, 0x4A47, 0x2145,
    0x08A4, 0x10E5, 0x08E5, 0x0905, 0x1946, 0x0083, 0x08E5, 0x08A4, 0x08E5, 0x08E5, 0x0042, 0x00A4,
    0x0062, 0x0062, 0x0083, 0x0083, 0x0042, 0x0042, 0x0883, 0x0042, 0x0863, 0x0063, 0x0021, 0x0022,
    0x0083, 0x08A4, 0x0021, 0x0042, 0x0022, 0x0042, 0x08A4, 0x0063, 0x0001, 0x1168, 0x0906, 0x0001,
    0x0862, 0x0021, 0x0042, 0x0021, 0x0042, 0x0022, 0x0021, 0x0021, 0x0001, 0x0000, 0x0000, 0x0000,
    0x0000, 0x0000, 0x0001, 0x0001, 0x0884, 0x0063, 0x0000, 0x0021, 0x11A9, 0x0063, 0x0001, 0x0041,
    0x0862, 0x0021, 0x0988, 0x08E5, 0x0021, 0x0063, 0x0063, 0x0022, 0x0042, 0x0042, 0x0062, 0x0063,
    0x0063, 0x0021, 0x08A4, 0x0042, 0x0042, 0x08A3, 0x1083, 0x0022, 0x0083, 0x0062, 0x0042, 0x08A4,
    0x08A4, 0x0083, 0x08A4, 0x0926, 0x00A4, 0x1126, 0x1126, 0x1106, 0x2188, 0x1125, 0x1947, 0x1105,
    0x08A4, 0x4207, 0x31A6, 0x0883, 0x18C3, 0x10C3, 0x10C3, 0x10A3, 0x10C3, 0x10C4, 0x10A3, 0x08A4,
    0x0927, 0x00A4, 0x0063, 0x0083, 0x0083, 0x0063, 0x0062, 0x0062, 0x0062, 0x0042, 0x0063, 0x0084,
    0x0063, 0x0042, 0x0042, 0x0042, 0x0042, 0x0042, 0x0042, 0x0042, 0x0042, 0x0042, 0x0042, 0x0042,
    0x0042, 0x0042, 0x0042, 0x0042, 0x0042, 0x0042, 0x0042, 0x0042, 0x0042, 0x0042, 0x0042, 0x0042,
    0x0042, 0x0042, 0x0042, 0x0042, 0x0042, 0x0042, 0x0042, 0x0042, 0x0042, 0x0042, 0x0062, 0x0042,
    0x0042, 0x0042, 0x0062, 0x0042, 0x0042, 0x0042, 0x0062, 0x0062, 0x0062, 0x0062, 0x0062, 0x0062,
    0x0062, 0x0062, 0x0062, 0x0062, 0x0062, 0x0062, 0x0062, 0x0062, 0x0062, 0x0062, 0x0062, 0x0062,
    0x0062, 0x0062, 0x0062, 0x0062, 0x0042, 0x0042, 0x0042, 0x0042, 0x0042, 0x0042, 0x0042, 0x0042,
    0x0042, 0x0042, 0x0042, 0x0042, 0x0042, 0x0042, 0x0042, 0x0042, 0x0042, 0x0042, 0x0042, 0x0042,
    0x0042, 0x0042, 0x0042, 0x0042, 0x0042, 0x0042, 0x0042, 0x0042, 0x0042, 0x0042, 0x0042, 0x0083,
    0x00A4, 0x0063, 0x0042, 0x0062, 0x0062, 0x0063, 0x0063, 0x0083, 0x0083, 0x0063, 0x08E5, 0x0927,
    0x0883, 0x10A3, 0x10C3, 0x10A3, 0x10A3, 0x10A3, 0x10C3, 0x10C3, 0x10C3, 0x4A27, 0x2966, 0x08C4,
    0x1905, 0x1147, 0x1146, 0x19A8, 0x00C5, 0x1126, 0x08A4, 0x08C5, 0x0906, 0x0083, 0x0883, 0x0083,
    0x0062, 0x0042, 0x0063, 0x0063, 0x0042, 0x1904, 0x0063, 0x0042, 0x0063, 0x0063, 0x0021, 0x0042,
    0x0884, 0x0021, 0x0042, 0x0042, 0x0022, 0x0063, 0x0063, 0x0001, 0x0947, 0x0906, 0x0021, 0x0862,
    0x0021, 0x0000, 0x08C5, 0x0968, 0x0000, 0x0001, 0x0083, 0x0042, 0x0000, 0x0001, 0x0000, 0x0000,
    0x0000, 0x0000, 0x0001, 0x0001, 0x0022, 0x0021, 0x0041, 0x0906, 0x0042, 0x0021, 0x0042, 0x0021,
    0x0862, 0x2104, 0x0001, 0x0988, 0x0042, 0x0042, 0x0042, 0x0063, 0x0084, 0x0042, 0x0042, 0x0062,
    0x0062, 0x0022, 0x08A4, 0x0042, 0x0042, 0x0883, 0x0883, 0x0042, 0x0063, 0x0062, 0x0042, 0x0083,
    0x08C5, 0x0905, 0x0083, 0x08C4, 0x08E5, 0x00A4, 0x1147, 0x1189, 0x1168, 0x1168, 0x1167, 0x1147,
    0x10E4, 0x08C4, 0x4207, 0x31A6, 0x10A3, 0x18E4, 0x10C3, 0x10C3, 0x10A3, 0x10A3, 0x18E4, 0x0883,
    0x0883, 0x0906, 0x08C5, 0x0062, 0x0063, 0x0062, 0x0062, 0x0062, 0x0062, 0x0042, 0x0042, 0x0042,
    0x0063, 0x0042, 0x0042, 0x0042, 0x0042, 0x0042, 0x0042, 0x0042, 0x0042, 0x0042, 0x0042, 0x0042,
    0x0042, 0x0042, 0x0042, 0x0042, 0x0042, 0x0042, 0x0042, 0x0042, 0x0042, 0x0042, 0x0042, 0x0042,
    0x0042, 0x0042, 0x0042, 0x0042, 0x0042, 0x0042, 0x0042, 0x0042, 0x0042, 0x0042, 0x0042, 0x0062,
    0x0062, 0x0062, 0x0062, 0x0042, 0x0042, 0x0062, 0x0062, 0x0062, 0x0062, 0x0062, 0x0042, 0x0062,
    0x0062, 0x0062, 0x0062, 0x0062, 0x0042, 0x0062, 0x0062, 0x0042, 0x0062, 0x0062, 0x0062, 0x0062,
    0x0042, 0x0062, 0x0062, 0x0062, 0x0062, 0x0062, 0x0042, 0x0042, 0x0042, 0x0042, 0x0042, 0x0042,
    0x0042, 0x0042, 0x0042, 0x0042, 0x0042, 0x0042, 0x0042, 0x0042, 0x0042, 0x0042, 0x0042, 0x0042,
    0x0042, 0x0042, 0x0042, 0x0022, 0x0042, 0x0022, 0x0042, 0x0042, 0x0042, 0x0042, 0x0042, 0x0063,
    0x0042, 0x0042, 0x0042, 0x0062, 0x0062, 0x0062, 0x0063, 0x0063, 0x0063, 0x08E6, 0x08E6, 0x0882,
    0x10C3, 0x10A3, 0x1083, 0x10A3, 0x10A3, 0x18C3, 0x18C3, 0x10C3, 0x4A48, 0x2986, 0x08C4, 0x1105,
    0x1167, 0x1168, 0x11AA, 0x0947, 0x0927, 0x08E5, 0x08C5, 0x08E5, 0x0083, 0x0083, 0x08E5, 0x0083,
    0x0062, 0x0042, 0x0063, 0x0063, 0x0042, 0x0863, 0x0063, 0x0021, 0x0063, 0x0063, 0x0021, 0x0042,
    0x0063, 0x0022, 0x0042, 0x08C5, 0x0022, 0x0063, 0x0021, 0x00A4, 0x0906, 0x0001, 0x2104, 0x0021,
    0x0021, 0x0042, 0x0001, 0x0084, 0x08E6, 0x0000, 0x0042, 0x0021, 0x0001, 0x0000, 0x0000, 0x0000,
    0x0000, 0x0000, 0x0001, 0x0001, 0x0001, 0x0022, 0x0947, 0x0042, 0x0001, 0x0021, 0x0042, 0x0842,
    0x0041, 0x10A3, 0x0001, 0x0926, 0x0063, 0x0042, 0x0042, 0x0083, 0x08C4, 0x0022, 0x0042, 0x0062,
    0x0062, 0x0022, 0x08A4, 0x0042, 0x0042, 0x0863, 0x0042, 0x0042, 0x0063, 0x0042, 0x0042, 0x0883,
    0x08A4, 0x0063, 0x08A4, 0x08A4, 0x00A4, 0x0927, 0x0969, 0x11CB, 0x11AA, 0x120C, 0x11EB, 0x1188,
    0x1967, 0x1105, 0x10C4, 0x4227, 0x39C6, 0x10C3, 0x18E4, 0x18C3, 0x10C3, 0x10A3, 0x0882, 0x10A3,
    0x10A3, 0x0862, 0x08E5, 0x08C5, 0x0062, 0x0062, 0x0062, 0x0062, 0x0062, 0x0042, 0x0042, 0x0042,
    0x0042, 0x0042, 0x0042, 0x0042, 0x0042, 0x0042, 0x0042, 0x0042, 0x0042, 0x0042, 0x0042, 0x0042,
    0x0042, 0x0042, 0x0042, 0x0042, 0x0042, 0x0042, 0x0042, 0x0042, 0x0042, 0x0042, 0x0042, 0x0042,
    0x0042, 0x0042, 0x0042, 0x0042, 0x0062, 0x0062, 0x0042, 0x0062, 0x0062, 0x0062, 0x0062, 0x0062,
    0x0062, 0x0062, 0x0062, 0x0062, 0x0062, 0x0062, 0x0062, 0x0062, 0x0062, 0x0062, 0x0062, 0x0062,
    0x0062, 0x0062, 0x0062, 0x0062, 0x0062, 0x0042, 0x0062, 0x0062, 0x0062, 0x0062, 0x0062, 0x0062,
    0x0062, 0x0062, 0x0062, 0x0062, 0x0062, 0x0042, 0x0042, 0x0062, 0x0042, 0x0042, 0x0042, 0x0042,
    0x0042, 0x0042, 0x0042, 0x0042, 0x0042, 0x0042, 0x0042, 0x0042, 0x0042, 0x0042, 0x0042, 0x0042,
    0x0042, 0x0042, 0x0042, 0x0022, 0x0042, 0x0022, 0x0021, 0x0042, 0x0022, 0x0042, 0x0042, 0x0042,
    0x0042, 0x0042, 0x0042, 0x0042, 0x0062, 0x0062, 0x0062, 0x0063, 0x08E6, 0x08C4, 0x0882, 0x10A3,
    0x10A3, 0x1083, 0x10A3, 0x10A3, 0x18C3, 0x18C3, 0x18C3, 0x4A68, 0x3186, 0x08C4, 0x1105, 0x1147,
    0x1189, 0x122D, 0x0A0D, 0x11CB, 0x0948, 0x0906, 0x0906, 0x0084, 0x00A4, 0x0083, 0x0042, 0x08C4,
    0x0062, 0x0042, 0x0062, 0x0062, 0x0042, 0x0042, 0x0883, 0x0021, 0x0063, 0x0063, 0x0021, 0x0042,
    0x0063, 0x0022, 0x0042, 0x08E5, 0x0022, 0x0063, 0x0021, 0x00C4, 0x00A4, 0x0042, 0x18C3, 0x0021,
    0x0842, 0x0021, 0x0021, 0x0000, 0x00A4, 0x0906, 0x0001, 0x0001, 0x0001, 0x0000, 0x0000, 0x0000,
    0x0000, 0x0000, 0x0001, 0x0001, 0x0021, 0x0927, 0x0042, 0x0021, 0x0021, 0x0021, 0x0021, 0x0021,
    0x0042, 0x0883, 0x0001, 0x0926, 0x0063, 0x0062, 0x0042, 0x0083, 0x08A4, 0x0042, 0x0042, 0x0042,
    0x0042, 0x0042, 0x0884, 0x0042, 0x0042, 0x0063, 0x0042, 0x0042, 0x0883, 0x0042, 0x0042, 0x0062,
    0x08A4, 0x0083, 0x08A4, 0x08A4, 0x08E5, 0x0927, 0x098A, 0x124E, 0x1B52, 0x1416, 0x1374, 0x120C,
    0x1168, 0x1946, 0x18E4, 0x10A3, 0x4A48, 0x4207, 0x18A3, 0x2104, 0x18C3, 0x10A3, 0x10A3, 0x1083,
    0x1083, 0x10A3, 0x0862, 0x08A4, 0x08C5, 0x0063, 0x0042, 0x0062, 0x0042, 0x0042, 0x0042, 0x0042,
    0x0042, 0x0042, 0x0042, 0x0022, 0x0022, 0x0022, 0x0022, 0x0021, 0x0042, 0x0042, 0x0042, 0x0042,
    0x0042, 0x0042, 0x0042, 0x0042, 0x0042, 0x0042, 0x0042, 0x0042, 0x0042, 0x0042, 0x0042, 0x0042,
    0x0042, 0x0042, 0x0042, 0x0042, 0x0042, 0x0062, 0x0062, 0x0042, 0x0062, 0x0062, 0x0062, 0x0062,
    0x0062, 0x0062, 0x0062, 0x0062, 0x0062, 0x0062, 0x0062, 0x0062, 0x0062, 0x0062, 0x0062, 0x0062,
    0x0062, 0x0062, 0x0062, 0x0062, 0x0062, 0x0062, 0x0062, 0x0062, 0x0062, 0x0062, 0x0062, 0x0062,
    0x0062, 0x0062, 0x0062, 0x0062, 0x0062, 0x0062, 0x0062, 0x0062, 0x0042, 0x0042, 0x0042, 0x0042,
    0x0042, 0x0042, 0x0042, 0x0042, 0x0042, 0x0042, 0x0042, 0x0042, 0x0042, 0x0042, 0x0042, 0x0042,
    0x0042, 0x0042, 0x0022, 0x0022, 0x0021, 0x0022, 0x0022, 0x0022, 0x0042, 0x0042, 0x0042, 0x0042,
    0x0042, 0x0042, 0x0042, 0x0042, 0x0042, 0x0042, 0x0083, 0x08E5, 0x0883, 0x0862, 0x10C3, 0x1082,
    0x1083, 0x10A3, 0x18C3, 0x18E3, 0x18E3, 0x18E3, 0x5288, 0x3186, 0x10A3, 0x1905, 0x1147, 0x1189,
    0x1AAF, 0x13B5, 0x1457, 0x0AD0, 0x09CB, 0x0969, 0x08E6, 0x08C5, 0x0083, 0x0062, 0x00A4, 0x0084,
    0x0062, 0x0042, 0x0062, 0x0062, 0x0042, 0x0042, 0x0063, 0x0021, 0x0063, 0x0063, 0x0021, 0x0062,
    0x0042, 0x0022, 0x0042, 0x08E5, 0x0042, 0x0063, 0x0021, 0x00A4, 0x00A4, 0x0021, 0x0883, 0x0842,
    0x0042, 0x0021, 0x0021, 0x0021, 0x0001, 0x0084, 0x08E5, 0x0001, 0x0001, 0x0000, 0x0000, 0x0000,
    0x0000, 0x0000, 0x0000, 0x0062, 0x1A4C, 0x0021, 0x0001, 0x0041, 0x0842, 0x0001, 0x0021, 0x0021,
    0x0042, 0x0883, 0x0001, 0x0926, 0x0063, 0x0063, 0x0063, 0x0084, 0x08C5, 0x0042, 0x0042, 0x0063,
    0x0063, 0x0022, 0x0884, 0x0042, 0x0042, 0x0063, 0x0021, 0x0042, 0x0083, 0x08C4, 0x0042, 0x0042,
    0x0062, 0x08C5, 0x0083, 0x0083, 0x08A4, 0x0968, 0x098A, 0x0AB1, 0x3D9A, 0xBFDF, 0x2CD9, 0x0A6F,
    0x1168, 0x1126, 0x10E5, 0x18E4, 0x1904, 0x5288, 0x5268, 0x20E3, 0x2103, 0x18C3, 0x10A3, 0x10A3,
    0x1082, 0x0882, 0x10A3, 0x0862, 0x0083, 0x08C5, 0x0083, 0x0042, 0x0042, 0x0042, 0x0042, 0x0042,
    0x0042, 0x0042, 0x0042, 0x0022, 0x0042, 0x0022, 0x0042, 0x0022, 0x0042, 0x0042, 0x0042, 0x0042,
    0x0042, 0x0042, 0x0042, 0x0042, 0x0042, 0x0042, 0x0042, 0x0042, 0x0042, 0x0042, 0x0042, 0x0042,
    0x0042, 0x0042, 0x0042, 0x0042, 0x0042, 0x0042, 0x0042, 0x0042, 0x0042, 0x0062, 0x0062, 0x0062,
    0x0062, 0x0062, 0x0062, 0x0062, 0x0062, 0x0042, 0x0042, 0x0062, 0x0062, 0x0062, 0x0062, 0x0062,
    0x0062, 0x0062, 0x0062, 0x0062, 0x0062, 0x0062, 0x0062, 0x0062, 0x0062, 0x0062, 0x0062, 0x0062,
    0x0062, 0x0062, 0x0062, 0x0062, 0x0042, 0x0062, 0x0062, 0x0042, 0x0042, 0x0042, 0x0042, 0x0042,
    0x0042, 0x0042, 0x0042, 0x0042, 0x0042, 0x0042, 0x0042, 0x0042, 0x0042, 0x0042, 0x0042, 0x0042,
    0x0042, 0x0042, 0x0022, 0x0022, 0x0022, 0x0022, 0x0021, 0x0022, 0x0022, 0x0042, 0x0042, 0x0042,
    0x0042, 0x0042, 0x0042, 0x0042, 0x0042, 0x00A4, 0x00A5, 0x0062, 0x0882, 0x0883, 0x0862, 0x1082,
    0x10A3, 0x10C3, 0x20E3, 0x20E3, 0x3144, 0x630A, 0x39C6, 0x10C4, 0x1904, 0x1106, 0x1168, 0x120C,
    0x02F2, 0x5E1C, 0xC7FF, 0x1437, 0x0A0E, 0x0969, 0x08E6, 0x00A4, 0x0063, 0x08A4, 0x08A4, 0x0062,
    0x0042, 0x0062, 0x08E5, 0x0042, 0x0042, 0x0042, 0x0063, 0x0021, 0x0063, 0x0063, 0x0021, 0x0083,
    0x0062, 0x0042, 0x0042, 0x08E6, 0x0042, 0x0063, 0x0022, 0x00C4, 0x00A4, 0x0021, 0x0883, 0x0021,
    0x0021, 0x0021, 0x0021, 0x0042, 0x0022, 0x0000, 0x00C5, 0x122B, 0x0000, 0x0001, 0x0000, 0x0000,
    0x0000, 0x0000, 0x0001, 0x0021, 0x0062, 0x0883, 0x0021, 0x0021, 0x0041, 0x0862, 0x0021, 0x0021,
    0x0022, 0x0883, 0x0021, 0x0946, 0x0063, 0x0063, 0x0063, 0x00A4, 0x08C5, 0x0042, 0x0062, 0x0063,
    0x0062, 0x0042, 0x0884, 0x0042, 0x0042, 0x0083, 0x0021, 0x0042, 0x0021, 0x0063, 0x08A4, 0x0042,
    0x0063, 0x0083, 0x08E5, 0x00A4, 0x00A4, 0x08E6, 0x09AA, 0x020E, 0x2CD8, 0x7EBD, 0x1C56, 0x01AB,
    0x0968, 0x0906, 0x1126, 0x1905, 0x2966, 0x2966, 0x5268, 0x6B0A, 0x3123, 0x2103, 0x18C3, 0x10A3,
    0x1082, 0x0882, 0x0882, 0x0882, 0x0862, 0x0062, 0x08A5, 0x00A4, 0x0042, 0x0042, 0x0042, 0x0042,
    0x0042, 0x0042, 0x0022, 0x0022, 0x0021, 0x0022, 0x0022, 0x0022, 0x0022, 0x0021, 0x0042, 0x0042,
    0x0042, 0x0042, 0x0042, 0x0042, 0x0042, 0x0042, 0x0042, 0x0042, 0x0042, 0x0042, 0x0042, 0x0042,
    0x0042, 0x0042, 0x0042, 0x0042, 0x0042, 0x0042, 0x0042, 0x0062, 0x0062, 0x0062, 0x0062, 0x0062,
    0x0062, 0x0062, 0x0062, 0x0062, 0x0062, 0x0062, 0x0062, 0x0062, 0x0062, 0x0062, 0x0062, 0x0062,
    0x0062, 0x0062, 0x0062, 0x0062, 0x0062, 0x0062, 0x0062, 0x0062, 0x0062, 0x0062, 0x0062, 0x0042,
    0x0062, 0x0062, 0x0062, 0x0062, 0x0062, 0x0062, 0x0042, 0x0042, 0x0042, 0x0042, 0x0042, 0x0042,
    0x0042, 0x0042, 0x0042, 0x0042, 0x0042, 0x0042, 0x0042, 0x0042, 0x0042, 0x0042, 0x0042, 0x0042,
    0x0042, 0x0042, 0x0022, 0x0022, 0x0022, 0x0021, 0x0021, 0x0021, 0x0022, 0x0042, 0x0042, 0x0042,
    0x0042, 0x0042, 0x0042, 0x0042, 0x00A4, 0x0084, 0x0042, 0x0862, 0x0862, 0x0862, 0x0862, 0x1082,
    0x10A3, 0x18E3, 0x20E3, 0x49E5, 0x7B6B, 0x39A6, 0x2145, 0x2125, 0x10E5, 0x1126, 0x1168, 0x098A,
    0x026F, 0x355A, 0x6E7C, 0x1395, 0x09CC, 0x0927, 0x00C4, 0x0083, 0x08C5, 0x08C5, 0x0062, 0x0042,
    0x0062, 0x08A4, 0x0042, 0x0042, 0x0042, 0x0042, 0x0063, 0x0021, 0x0063, 0x0063, 0x0022, 0x0062,
    0x0063, 0x0042, 0x0042, 0x08E5, 0x0042, 0x0063, 0x0022, 0x08C4, 0x00A4, 0x0021, 0x0883, 0x0021,
    0x0021, 0x0021, 0x0842, 0x0022, 0x0021, 0x0042, 0x0063, 0x0042, 0x0001, 0x0000, 0x0000, 0x0000,
    0x0000, 0x0000, 0x0001, 0x0001, 0x0021, 0x08E5, 0x0001, 0x0021, 0x0001, 0x18E4, 0x0882, 0x0001,
    0x0042, 0x08A3, 0x0001, 0x0946, 0x0083, 0x0063, 0x0063, 0x00A4, 0x08E5, 0x0042, 0x0063, 0x0063,
    0x0062, 0x0042, 0x08A4, 0x0042, 0x0042, 0x0083, 0x0042, 0x0042, 0x0042, 0x0062, 0x0063, 0x1106,
    0x08C4, 0x0042, 0x0884, 0x08E6, 0x00A4, 0x00C4, 0x0906, 0x09AB, 0x0A4F, 0x0291, 0x12AF, 0x09CB,
    0x0927, 0x0927, 0x1105, 0x1106, 0x1905, 0x2146, 0x2145, 0x6AC9, 0x8BCC, 0x3123, 0x18C3, 0x18A3,
    0x1082, 0x0882, 0x0862, 0x0862, 0x0862, 0x0062, 0x0042, 0x0083, 0x00A4, 0x0042, 0x0042, 0x0042,
    0x0042, 0x0022, 0x0022, 0x0021, 0x0021, 0x0022, 0x0021, 0x0022, 0x0021, 0x0021, 0x0021, 0x0021,
    0x0042, 0x0042, 0x0042, 0x0042, 0x0042, 0x0042, 0x0042, 0x0042, 0x0042, 0x0042, 0x0042, 0x0042,
    0x0042, 0x0042, 0x0042, 0x0042, 0x0042, 0x0042, 0x0062, 0x0062, 0x0062, 0x0062, 0x0062, 0x0062,
    0x0062, 0x0062, 0x0063, 0x0062, 0x0062, 0x0062, 0x0062, 0x0062, 0x0062, 0x0062, 0x0062, 0x0083,
    0x0062, 0x0062, 0x0062, 0x0062, 0x0062, 0x0062, 0x0062, 0x0062, 0x0083, 0x0062, 0x0062, 0x0062,
    0x0062, 0x0062, 0x0062, 0x0062, 0x0062, 0x0062, 0x0042, 0x0042, 0x0042, 0x0042, 0x0042, 0x0042,
    0x0042, 0x0042, 0x0042, 0x0042, 0x0042, 0x0042, 0x0042, 0x0042, 0x0042, 0x0042, 0x0042, 0x0042,
    0x0042, 0x0021, 0x0022, 0x0021, 0x0021, 0x0021, 0x0021, 0x0021, 0x0022, 0x0022, 0x0022, 0x0042,
    0x0042, 0x0042, 0x0063, 0x00A4, 0x0063, 0x0042, 0x0862, 0x0862, 0x0862, 0x0862, 0x0882, 0x1082,
    0x18C3, 0x18A2, 0x5226, 0xA46E, 0x4A06, 0x2146, 0x2146, 0x10E4, 0x10E5, 0x1127, 0x0947, 0x0948,
    0x126E, 0x0AB1, 0x024F, 0x09CC, 0x0969, 0x08E6, 0x00A4, 0x08C5, 0x08E5, 0x0062, 0x0042, 0x08E5,
    0x08C5, 0x0042, 0x0083, 0x0042, 0x0042, 0x0042, 0x0063, 0x0021, 0x0063, 0x0063, 0x0022, 0x0063,
    0x0063, 0x0062, 0x0042, 0x0906, 0x0042, 0x0083, 0x0022, 0x00C4, 0x00A4, 0x0022, 0x0063, 0x0021,
    0x0001, 0x10C3, 0x0883, 0x0001, 0x0021, 0x0063, 0x08C5, 0x0000, 0x0001, 0x0000, 0x0000, 0x0000,
    0x0000, 0x0000, 0x0001, 0x0001, 0x0021, 0x0083, 0x0001, 0x0021, 0x0021, 0x0042, 0x0042, 0x0021,
    0x0042, 0x08A4, 0x0021, 0x0926, 0x0083, 0x0063, 0x0063, 0x00C5, 0x0906, 0x0042, 0x0063, 0x08A4,
    0x0906, 0x0042, 0x08A4, 0x0042, 0x0062, 0x0883, 0x0042, 0x0042, 0x0041, 0x08A4, 0x0062, 0x08A4,
    0x08A4, 0x08A3, 0x0062, 0x0884, 0x0906, 0x00A4, 0x00A4, 0x0927, 0x0989, 0x0969, 0x0948, 0x11EB,
    0x1189, 0x08E5, 0x0905, 0x1126, 0x1967, 0x10E4, 0x2166, 0x31C7, 0x5A67, 0x838C, 0x2944, 0x10A2,
    0x1082, 0x0862, 0x0862, 0x0862, 0x0862, 0x0062, 0x0062, 0x0042, 0x0042, 0x0084, 0x0063, 0x0022,
    0x0042, 0x0022, 0x0021, 0x0021, 0x0021, 0x0021, 0x0021, 0x0021, 0x0021, 0x0021, 0x0021, 0x0042,
    0x0041, 0x0041, 0x0042, 0x0042, 0x0042, 0x0042, 0x0042, 0x0042, 0x0042, 0x0042, 0x0042, 0x0042,
    0x0042, 0x0042, 0x0042, 0x0042, 0x0042, 0x0042, 0x0062, 0x0042, 0x0062, 0x0062, 0x0062, 0x0062,
    0x0062, 0x0062, 0x0083, 0x0062, 0x0042, 0x0042, 0x0062, 0x0062, 0x0062, 0x0062, 0x0062, 0x0062,
    0x0062, 0x0062, 0x0062, 0x0062, 0x0062, 0x0042, 0x0042, 0x0062, 0x0083, 0x0062, 0x0042, 0x0062,
    0x0062, 0x0062, 0x0042, 0x0062, 0x0062, 0x0062, 0x0042, 0x0042, 0x0042, 0x0042, 0x0042, 0x0042,
    0x0042, 0x0042, 0x0042, 0x0042, 0x0042, 0x0042, 0x0042, 0x0042, 0x0042, 0x0042, 0x0042, 0x0042,
    0x0021, 0x0021, 0x0021, 0x0021, 0x0021, 0x0021, 0x0021, 0x0021, 0x0021, 0x0022, 0x0042, 0x0021,
    0x0042, 0x0084, 0x0084, 0x0042, 0x0042, 0x0062, 0x0042, 0x0862, 0x0862, 0x0862, 0x0862, 0x1082,
    0x1082, 0x4A06, 0x838B, 0x49E5, 0x39E7, 0x2146, 0x1946, 0x1167, 0x0906, 0x08E5, 0x08E6, 0x11AA,
    0x09AA, 0x0948, 0x0989, 0x0948, 0x08E6, 0x00A4, 0x08E5, 0x0906, 0x0063, 0x0062, 0x0083, 0x08A4,
    0x0063, 0x08C4, 0x0083, 0x0042, 0x0062, 0x0062, 0x0083, 0x0022, 0x0063, 0x0063, 0x0042, 0x0906,
    0x0083, 0x0063, 0x0062, 0x0906, 0x0063, 0x0083, 0x0042, 0x08C4, 0x00A4, 0x0022, 0x0083, 0x0021,
    0x0021, 0x0062, 0x0042, 0x0021, 0x0021, 0x0042, 0x0063, 0x0001, 0x0001, 0x0000, 0x0000, 0x0000,
    0x0000, 0x0000, 0x0001, 0x0001, 0x0021, 0x08A4, 0x0001, 0x0021, 0x0021, 0x0042, 0x0042, 0x0021,
    0x0042, 0x0084, 0x0022, 0x0926, 0x0083, 0x0083, 0x0083, 0x08E5, 0x0906, 0x0042, 0x0083, 0x0083,
    0x08A4, 0x0062, 0x08A4, 0x0062, 0x0062, 0x08A4, 0x0042, 0x0063, 0x0042, 0x0042, 0x08C5, 0x0063,
    0x08C4, 0x08C4, 0x0062, 0x0063, 0x0084, 0x08E6, 0x00A4, 0x00C5, 0x0907, 0x0907, 0x08E6, 0x08E5,
    0x11CA, 0x1147, 0x08A4, 0x1188, 0x1147, 0x1167, 0x1926, 0x2166, 0x2146, 0x39A5, 0x3185, 0x1082,
    0x1082, 0x0862, 0x0862, 0x0862, 0x0862, 0x0042, 0x0042, 0x0042, 0x0042, 0x0042, 0x0083, 0x0084,
    0x0042, 0x0021, 0x0022, 0x0021, 0x0022, 0x0021, 0x0021, 0x0021, 0x0021, 0x0021, 0x0021, 0x0021,
    0x0021, 0x0021, 0x0041, 0x0042, 0x0042, 0x0042, 0x0042, 0x0042, 0x0042, 0x0042, 0x0042, 0x0042,
    0x0042, 0x0042, 0x0042, 0x0042, 0x0042, 0x0042, 0x0062, 0x0042, 0x0042, 0x0062, 0x0062, 0x0062,
    0x0062, 0x0042, 0x0083, 0x0062, 0x0042, 0x0042, 0x0062, 0x0062, 0x0062, 0x0062, 0x0062, 0x0062,
    0x0062, 0x0062, 0x0062, 0x0062, 0x0062, 0x0062, 0x0062, 0x0062, 0x0083, 0x0062, 0x0042, 0x0062,
    0x0062, 0x0062, 0x0042, 0x0042, 0x0042, 0x0042, 0x0042, 0x0042, 0x0042, 0x0042, 0x0042, 0x0042,
    0x0042, 0x0042, 0x0042, 0x0042, 0x0042, 0x0042, 0x0042, 0x0042, 0x0042, 0x0042, 0x0042, 0x0022,
    0x0021, 0x0021, 0x0021, 0x0021, 0x0021, 0x0021, 0x0021, 0x0021, 0x0021, 0x0022, 0x0021, 0x0063,
    0x00A4, 0x0063, 0x0021, 0x0042, 0x0042, 0x0042, 0x0042, 0x0042, 0x0842, 0x0862, 0x0862, 0x1082,
    0x1082, 0x3985, 0x2944, 0x2986, 0x2125, 0x1966, 0x1188, 0x1168, 0x0926, 0x08C4, 0x1189, 0x0927,
    0x00A4, 0x0906, 0x0907, 0x00C5, 0x00A4, 0x08C5, 0x0906, 0x0063, 0x0063, 0x0062, 0x08C5, 0x0062,
    0x08C4, 0x08A4, 0x0042, 0x0863, 0x0063, 0x0062, 0x0083, 0x0042, 0x0083, 0x0083, 0x0062, 0x00A4,
    0x0063, 0x0083, 0x0063, 0x0927, 0x0063, 0x0084, 0x0042, 0x08C5, 0x00C5, 0x0042, 0x0084, 0x0021,
    0x0021, 0x0042, 0x0022, 0x0021, 0x0021, 0x0042, 0x0083, 0x0001, 0x0001, 0x0000, 0x0000, 0x0000,
    0x0000, 0x0000, 0x0001, 0x0001, 0x0021, 0x00A4, 0x0001, 0x0021, 0x0021, 0x0042, 0x0042, 0x0021,
    0x0042, 0x00A4, 0x0022, 0x0947, 0x00A4, 0x0083, 0x0084, 0x08E5, 0x0968, 0x0084, 0x0084, 0x0083,
    0x0063, 0x0063, 0x08C5, 0x0063, 0x0062, 0x08C4, 0x0042, 0x0042, 0x0083, 0x0042, 0x0062, 0x00A4,
    0x0062, 0x08A4, 0x0062, 0x0083, 0x0042, 0x00A4, 0x08E6, 0x00A4, 0x00A4, 0x08E5, 0x08C5, 0x08C4,
    0x00A4, 0x0906, 0x0906, 0x08A4, 0x11A9, 0x1167, 0x1988, 0x1947, 0x1905, 0x10E5, 0x10A3, 0x1082,
    0x0882, 0x0862, 0x0862, 0x0862, 0x0042, 0x0042, 0x0042, 0x0042, 0x0042, 0x0042, 0x0041, 0x0042,
    0x0084, 0x0063, 0x0021, 0x0021, 0x0021, 0x0021, 0x0021, 0x0021, 0x0021, 0x0021, 0x0021, 0x0021,
    0x0021, 0x0021, 0x0021, 0x0021, 0x0021, 0x0042, 0x0042, 0x0042, 0x0042, 0x0042, 0x0042, 0x0042,
    0x0042, 0x0042, 0x0062, 0x0062, 0x0062, 0x0062, 0x0062, 0x0062, 0x0062, 0x0062, 0x0062, 0x0062,
    0x0062, 0x0062, 0x0083, 0x0062, 0x0062, 0x0062, 0x0062, 0x0062, 0x0083, 0x0083, 0x0083, 0x0083,
    0x0083, 0x0063, 0x0063, 0x0083, 0x0062, 0x0083, 0x0083, 0x0062, 0x0083, 0x0083, 0x0062, 0x0062,
    0x0062, 0x0062, 0x0062, 0x0062, 0x0062, 0x0062, 0x0062, 0x0062, 0x0062, 0x0042, 0x0042, 0x0042,
    0x0042, 0x0042, 0x0042, 0x0042, 0x0042, 0x0042, 0x0042, 0x0042, 0x0042, 0x0042, 0x0022, 0x0021,
    0x0021, 0x0021, 0x0021, 0x0021, 0x0021, 0x0021, 0x0021, 0x0021, 0x0021, 0x0022, 0x0084, 0x0084,
    0x0042, 0x0021, 0x0042, 0x0042, 0x0042, 0x0042, 0x0042, 0x0042, 0x0842, 0x0862, 0x0862, 0x0882,
    0x1082, 0x10A3, 0x1926, 0x18E4, 0x1987, 0x1188, 0x1147, 0x0906, 0x08A4, 0x0948, 0x00E5, 0x00A4,
    0x08C5, 0x08C5, 0x00A4, 0x00A4, 0x00A4, 0x0906, 0x0063, 0x0062, 0x0062, 0x0883, 0x08A4, 0x0883,
    0x0062, 0x0042, 0x08A4, 0x0063, 0x0042, 0x0063, 0x0884, 0x0042, 0x0883, 0x08A4, 0x0062, 0x0063,
    0x0063, 0x0083, 0x08C5, 0x0968, 0x0083, 0x00A4, 0x0043, 0x00E5, 0x00C5, 0x0042, 0x0084, 0x0022,
    0x0021, 0x0063, 0x0042, 0x0021, 0x0001, 0x0022, 0x0083, 0x0001, 0x0001, 0x0000, 0x0000, 0x0000,
    0x0000, 0x0000, 0x0001, 0x0001, 0x0021, 0x00A4, 0x0001, 0x0021, 0x0021, 0x0063, 0x0042, 0x0022,
    0x0042, 0x00A4, 0x0042, 0x0967, 0x00A4, 0x00A4, 0x00A4, 0x0926, 0x0988, 0x08E6, 0x0906, 0x0083,
    0x0083, 0x0083, 0x08E5, 0x08C4, 0x0042, 0x0883, 0x08C4, 0x0062, 0x0063, 0x0084, 0x0042, 0x0883,
    0x0883, 0x08C4, 0x0083, 0x0062, 0x0063, 0x0063, 0x08C5, 0x0083, 0x0083, 0x00A4, 0x08C4, 0x08A4,
    0x08E5, 0x1147, 0x08E5, 0x1127, 0x08C4, 0x1188, 0x1168, 0x1168, 0x1106, 0x08A3, 0x1105, 0x08A3,
    0x0862, 0x0862, 0x0862, 0x0862, 0x0042, 0x0042, 0x0042, 0x0042, 0x0042, 0x0042, 0x0042, 0x0042,
    0x0021, 0x0063, 0x0083, 0x0042, 0x0022, 0x0021, 0x0021, 0x0021, 0x0021, 0x0021, 0x0021, 0x0021,
    0x0022, 0x0021, 0x0021, 0x0041, 0x0041, 0x0042, 0x0042, 0x0042, 0x0042, 0x0042, 0x0042, 0x0042,
    0x0042, 0x0042, 0x0042, 0x0042, 0x0062, 0x0062, 0x0062, 0x0062, 0x0062, 0x0062, 0x0062, 0x0062,
    0x0062, 0x0062, 0x0083, 0x0062, 0x0063, 0x0083, 0x0083, 0x0062, 0x0083, 0x0083, 0x0083, 0x0083,
    0x0083, 0x0083, 0x0083, 0x0083, 0x0083, 0x0083, 0x0063, 0x0062, 0x00A3, 0x0083, 0x0062, 0x0062,
    0x0062, 0x0062, 0x0062, 0x0062, 0x0062, 0x0062, 0x0042, 0x0042, 0x0042, 0x0062, 0x0042, 0x0042,
    0x0042, 0x0042, 0x0042, 0x0042, 0x0042, 0x0042, 0x0042, 0x0042, 0x0021, 0x0021, 0x0021, 0x0021,
    0x0021, 0x0021, 0x0021, 0x0021, 0x0021, 0x0021, 0x0021, 0x0022, 0x0042, 0x0084, 0x0063, 0x0021,
    0x0042, 0x0042, 0x0042, 0x0042, 0x0042, 0x0042, 0x0042, 0x0042, 0x0842, 0x0862, 0x0862, 0x0862,
    0x08C4, 0x1105, 0x08A3, 0x1167, 0x1147, 0x0947, 0x0906, 0x08C5, 0x0927, 0x08C5, 0x1168, 0x08C5,
    0x00A4, 0x0083, 0x0083, 0x0083, 0x00A4, 0x00A4, 0x0062, 0x0062, 0x0042, 0x0883, 0x10E5, 0x0863,
    0x0041, 0x08A4, 0x0883, 0x0042, 0x0863, 0x08C4, 0x0062, 0x0042, 0x08C4, 0x0883, 0x0083, 0x0083,
    0x0084, 0x0907, 0x00C5, 0x0989, 0x00A4, 0x00C5, 0x0063, 0x00E6, 0x00C5, 0x0042, 0x0084, 0x0042,
    0x0022, 0x0063, 0x0042, 0x0021, 0x0001, 0x0042, 0x0084, 0x0000, 0x0001, 0x0000, 0x0000, 0x0000,
    0x0000, 0x0000, 0x0001, 0x0001, 0x0021, 0x08A4, 0x0001, 0x0021, 0x0021, 0x0063, 0x0063, 0x0042,
    0x0062, 0x00C4, 0x0042, 0x0968, 0x00C5, 0x00C5, 0x00C5, 0x0968, 0x11A9, 0x00A4, 0x08E6, 0x0906,
    0x08A4, 0x08A4, 0x0883, 0x10E5, 0x08C4, 0x0042, 0x08A4, 0x08A3, 0x0042, 0x08A4, 0x0083, 0x0063,
    0x0062, 0x0021, 0x08A4, 0x08A4, 0x0062, 0x0063, 0x08A4, 0x0063, 0x0083, 0x0083, 0x0083, 0x08A4,
    0x08C4, 0x1126, 0x0083, 0x0926, 0x1127, 0x08A4, 0x0947, 0x0926, 0x0906, 0x0906, 0x0882, 0x08C5,
    0x08A4, 0x0862, 0x0862, 0x0842, 0x0042, 0x0042, 0x0042, 0x0042, 0x0042, 0x0042, 0x0042, 0x0042,
    0x0042, 0x0021, 0x0042, 0x0063, 0x0063, 0x0063, 0x0042, 0x0042, 0x0042, 0x0022, 0x0021, 0x0021,
    0x0021, 0x0021, 0x0021, 0x0021, 0x0041, 0x0021, 0x0021, 0x0021, 0x0042, 0x0042, 0x0042, 0x0042,
    0x0042, 0x0042, 0x0042, 0x0042, 0x0042, 0x0042, 0x0062, 0x0042, 0x0042, 0x0042, 0x0062, 0x0042,
    0x0062, 0x0042, 0x00C4, 0x0083, 0x0062, 0x0062, 0x0083, 0x0062, 0x0083, 0x0062, 0x0062, 0x00A4,
    0x0083, 0x0062, 0x0063, 0x0083, 0x0062, 0x0063, 0x0062, 0x0062, 0x08C4, 0x0083, 0x0042, 0x0042,
    0x0062, 0x0062, 0x0042, 0x0042, 0x0062, 0x0062, 0x0042, 0x0042, 0x0042, 0x0042, 0x0042, 0x0042,
    0x0042, 0x0042, 0x0042, 0x0042, 0x0042, 0x0042, 0x0041, 0x0021, 0x0021, 0x0021, 0x0021, 0x0021,
    0x0021, 0x0021, 0x0042, 0x0042, 0x0042, 0x0063, 0x0063, 0x0063, 0x0063, 0x0022, 0x0021, 0x0042,
    0x0041, 0x0041, 0x0021, 0x0042, 0x0042, 0x0042, 0x0042, 0x0042, 0x0042, 0x0841, 0x0862, 0x08C5,
    0x08A4, 0x0883, 0x1147, 0x0906, 0x0906, 0x08C5, 0x08E5, 0x1147, 0x00A4, 0x0083, 0x11C9, 0x08C5,
    0x0083, 0x0063, 0x0063, 0x0063, 0x0083, 0x00A4, 0x0063, 0x0062, 0x0083, 0x0083, 0x0021, 0x0883,
    0x0062, 0x0883, 0x0042, 0x0042, 0x08C4, 0x0062, 0x0042, 0x08C4, 0x08A4, 0x0083, 0x0883, 0x08A4,
    0x08E6, 0x00C5, 0x00A4, 0x11AA, 0x00C5, 0x0906, 0x0084, 0x0106, 0x00E5, 0x0043, 0x0084, 0x0042,
    0x0042, 0x0063, 0x0042, 0x0021, 0x0001, 0x0042, 0x00A4, 0x0000, 0x0001, 0x0000, 0x0000, 0x0000,
    0x0000, 0x0000, 0x0001, 0x0001, 0x0021, 0x08C5, 0x0001, 0x0021, 0x0021, 0x0063, 0x0063, 0x0042,
    0x0063, 0x00C5, 0x0043, 0x1188, 0x00E6, 0x0106, 0x0127, 0x0989, 0x11CA, 0x00E6, 0x08E5, 0x0926,
    0x1147, 0x08A4, 0x08A4, 0x08A3, 0x1106, 0x08C4, 0x0883, 0x0883, 0x0062, 0x0883, 0x0083, 0x0083,
    0x0063, 0x0041, 0x0063, 0x0084, 0x0062, 0x0062, 0x1926, 0x0883, 0x0063, 0x0063, 0x0063, 0x0083,
    0x0083, 0x0063, 0x1146, 0x1A0B, 0x08E5, 0x0906, 0x0083, 0x08E5, 0x0906, 0x08E5, 0x0906, 0x0883,
    0x0884, 0x08C4, 0x0862, 0x0042, 0x0042, 0x0042, 0x0042, 0x0042, 0x0042, 0x0042, 0x0042, 0x0042,
    0x0021, 0x0021, 0x0021, 0x0021, 0x0021, 0x0022, 0x0042, 0x0042, 0x0042, 0x0063, 0x0022, 0x0021,
    0x0021, 0x0021, 0x0021, 0x0021, 0x0021, 0x0041, 0x0041, 0x0042, 0x0042, 0x0042, 0x0042, 0x0042,
    0x0042, 0x0042, 0x0042, 0x0042, 0x0042, 0x0042, 0x0062, 0x0042, 0x0062, 0x0042, 0x0062, 0x0062,
    0x0062, 0x0042, 0x08E5, 0x0083, 0x0062, 0x0062, 0x00A3, 0x0083, 0x0083, 0x0062, 0x0062, 0x00A4,
    0x00A4, 0x0083, 0x0063, 0x0083, 0x0083, 0x0083, 0x0062, 0x0062, 0x08C4, 0x0083, 0x0041, 0x0062,
    0x0062, 0x0062, 0x0062, 0x0062, 0x0042, 0x0062, 0x0042, 0x0042, 0x0042, 0x0042, 0x0042, 0x0042,
    0x0042, 0x0042, 0x0042, 0x0042, 0x0042, 0x0042, 0x0022, 0x0022, 0x0021, 0x0021, 0x0021, 0x0021,
    0x0021, 0x0042, 0x0063, 0x0043, 0x0042, 0x0022, 0x0022, 0x0021, 0x0021, 0x0021, 0x0021, 0x0022,
    0x0042, 0x0022, 0x0021, 0x0022, 0x0041, 0x0042, 0x0042, 0x0042, 0x0041, 0x0862, 0x08C5, 0x0883,
    0x0883, 0x0906, 0x08E5, 0x0906, 0x08A4, 0x08C4, 0x0906, 0x0906, 0x19E9, 0x08A4, 0x0083, 0x0063,
    0x0063, 0x0062, 0x0062, 0x0042, 0x08A4, 0x08C4, 0x0042, 0x0062, 0x0084, 0x0042, 0x0042, 0x0083,
    0x0062, 0x0063, 0x0042, 0x0862, 0x08A3, 0x0862, 0x08C4, 0x08C4, 0x0883, 0x0883, 0x08A4, 0x0906,
    0x00C5, 0x00E6, 0x00E5, 0x11EB, 0x0127, 0x0948, 0x00A5, 0x0927, 0x00E6, 0x0063, 0x00A4, 0x0042,
    0x0042, 0x0063, 0x0042, 0x0021, 0x0001, 0x0042, 0x00A4, 0x0001, 0x0001, 0x0000, 0x0000, 0x0000,
    0x0000, 0x0000, 0x0001, 0x0001, 0x0021, 0x08E5, 0x0001, 0x0022, 0x0021, 0x0063, 0x0063, 0x0042,
    0x0063, 0x00C5, 0x0063, 0x11A9, 0x0947, 0x0948, 0x0969, 0x11CA, 0x120B, 0x0928, 0x0948, 0x0906,
    0x1127, 0x1947, 0x10C4, 0x10C4, 0x10A3, 0x1925, 0x1105, 0x08A3, 0x0062, 0x0883, 0x0083, 0x0083,
    0x0083, 0x0042, 0x0063, 0x08A4, 0x0042, 0x0042, 0x10C3, 0x2166, 0x0042, 0x0062, 0x0062, 0x0042,
    0x08A4, 0x0926, 0x0042, 0x11A8, 0x19EA, 0x08A4, 0x08C5, 0x0083, 0x08C4, 0x0906, 0x00C4, 0x08C5,
    0x0083, 0x0062, 0x08A4, 0x0063, 0x0041, 0x0042, 0x0042, 0x0042, 0x0042, 0x0021, 0x0021, 0x0042,
    0x0042, 0x0021, 0x0021, 0x0021, 0x0021, 0x0021, 0x0021, 0x0021, 0x0021, 0x0021, 0x0021, 0x0021,
    0x0021, 0x0021, 0x0021, 0x0021, 0x0021, 0x0021, 0x0041, 0x0042, 0x0042, 0x0042, 0x0042, 0x0042,
    0x0042, 0x0042, 0x0042, 0x0042, 0x0042, 0x0062, 0x0062, 0x0042, 0x0062, 0x0062, 0x0063, 0x0062,
    0x0062, 0x0062, 0x08E4, 0x0083, 0x0063, 0x0083, 0x00A4, 0x0083, 0x00C4, 0x00A4, 0x0083, 0x00A4,
    0x00A4, 0x00A4, 0x00A4, 0x00A4, 0x0083, 0x00A4, 0x0083, 0x0042, 0x08C4, 0x00A4, 0x0042, 0x0062,
    0x0062, 0x0062, 0x0062, 0x0062, 0x0062, 0x0062, 0x0042, 0x0042, 0x0042, 0x0042, 0x0042, 0x0042,
    0x0042, 0x0042, 0x0042, 0x0041, 0x0022, 0x0021, 0x0021, 0x0022, 0x0021, 0x0021, 0x0021, 0x0021,
    0x0021, 0x0021, 0x0021, 0x0021, 0x0021, 0x0021, 0x0021, 0x0021, 0x0021, 0x0021, 0x0042, 0x0042,
    0x0022, 0x0021, 0x0021, 0x0021, 0x0042, 0x0042, 0x0042, 0x0041, 0x0883, 0x08A4, 0x0062, 0x08A4,
    0x08C5, 0x00C4, 0x08E5, 0x0883, 0x08C5, 0x08E5, 0x08E5, 0x1188, 0x0926, 0x0063, 0x08E5, 0x0042,
    0x0062, 0x0062, 0x0062, 0x0083, 0x1125, 0x0041, 0x0042, 0x0063, 0x08A4, 0x0042, 0x0042, 0x0063,
    0x0042, 0x0063, 0x0062, 0x0863, 0x08A3, 0x08A4, 0x10C4, 0x08A3, 0x10A3, 0x08C4, 0x1126, 0x08E5,
    0x0906, 0x0927, 0x0948, 0x126D, 0x0969, 0x098A, 0x00E6, 0x0948, 0x0906, 0x0063, 0x00A5, 0x0042,
    0x0042, 0x0063, 0x0042, 0x0021, 0x0001, 0x0042, 0x00A4, 0x0001, 0x0001, 0x0000, 0x0000, 0x0000,
    0x0000, 0x0000, 0x0001, 0x0001, 0x0021, 0x08E5, 0x0001, 0x0022, 0x0022, 0x0063, 0x0063, 0x0042,
    0x0083, 0x00E5, 0x0063, 0x11EA, 0x0989, 0x09AA, 0x09CC, 0x126E, 0x1B11, 0x09EC, 0x098A, 0x0947,
    0x0906, 0x1947, 0x2166, 0x18E3, 0x10E4, 0x10C4, 0x1926, 0x10E4, 0x0883, 0x08A3, 0x08A3, 0x0063,
    0x0083, 0x0042, 0x0042, 0x0083, 0x08A4, 0x0042, 0x0021, 0x0062, 0x0084, 0x0042, 0x0062, 0x0062,
    0x0083, 0x08A4, 0x0083, 0x0041, 0x08C4, 0x00A4, 0x0083, 0x08A4, 0x00A4, 0x0083, 0x08C5, 0x0084,
    0x00A4, 0x0083, 0x0042, 0x0083, 0x0083, 0x0042, 0x0041, 0x0042, 0x0021, 0x0021, 0x0021, 0x0021,
    0x0022, 0x0042, 0x0042, 0x0021, 0x0022, 0x0022, 0x0022, 0x0022, 0x0042, 0x0042, 0x0042, 0x0062,
    0x0062, 0x0862, 0x0862, 0x0862, 0x0862, 0x0882, 0x1082, 0x1082, 0x18C3, 0x0862, 0x0021, 0x0042,
    0x0042, 0x0042, 0x0042, 0x0042, 0x0042, 0x0042, 0x0062, 0x0041, 0x0042, 0x0042, 0x0062, 0x0062,
    0x0062, 0x0042, 0x08C4, 0x0083, 0x0062, 0x0062, 0x0062, 0x0042, 0x00A3, 0x0063, 0x0062, 0x0083,
    0x0083, 0x0062, 0x00A4, 0x00A4, 0x0062, 0x0083, 0x0062, 0x0021, 0x08C4, 0x08C4, 0x0042, 0x0062,
    0x0042, 0x0062, 0x0042, 0x0042, 0x0042, 0x0062, 0x0042, 0x0042, 0x0042, 0x0042, 0x0042, 0x0042,
    0x0042, 0x0021, 0x10A2, 0x18C2, 0x1082, 0x1082, 0x0862, 0x0862, 0x0862, 0x0862, 0x0862, 0x0042,
    0x0042, 0x0042, 0x0042, 0x0042, 0x0022, 0x0021, 0x0021, 0x0021, 0x0022, 0x0042, 0x0042, 0x0021,
    0x0021, 0x0021, 0x0021, 0x0021, 0x0042, 0x0021, 0x0042, 0x08A4, 0x0083, 0x0042, 0x00A4, 0x00C5,
    0x00A4, 0x08C4, 0x0063, 0x08C5, 0x08E5, 0x08A4, 0x1105, 0x08C5, 0x0043, 0x0063, 0x0063, 0x0042,
    0x0062, 0x0042, 0x0062, 0x08E5, 0x0062, 0x0041, 0x0042, 0x08A4, 0x0042, 0x0042, 0x0042, 0x0063,
    0x0042, 0x1126, 0x0863, 0x0883, 0x10C4, 0x10E5, 0x10C3, 0x18C3, 0x18E4, 0x1967, 0x1105, 0x08E6,
    0x0927, 0x09AA, 0x0A0D, 0x1332, 0x09CC, 0x09EC, 0x0128, 0x0989, 0x0927, 0x0084, 0x00C5, 0x0063,
    0x0042, 0x0083, 0x0042, 0x0022, 0x0021, 0x0042, 0x00C4, 0x0001, 0x0001, 0x0000, 0x0000, 0x0000,
    0x0000, 0x0000, 0x0001, 0x0001, 0x0021, 0x08E5, 0x0022, 0x0042, 0x0042, 0x0083, 0x0063, 0x0062,
    0x0083, 0x08E6, 0x0084, 0x11EB, 0x098A, 0x09AB, 0x0AB1, 0x1C77, 0x253A, 0x0B12, 0x09EC, 0x0968,
    0x1147, 0x1925, 0x29C7, 0x2986, 0x2124, 0x18E4, 0x1905, 0x1905, 0x0883, 0x1105, 0x08E5, 0x0042,
    0x0083, 0x0042, 0x0042, 0x0042, 0x0884, 0x0083, 0x0042, 0x0021, 0x0062, 0x0063, 0x0062, 0x0042,
    0x08E5, 0x122C, 0x0021, 0x11C9, 0x08C4, 0x0083, 0x1A8C, 0x0042, 0x08A4, 0x00A4, 0x0042, 0x0084,
    0x0084, 0x0083, 0x0883, 0x0062, 0x0063, 0x0083, 0x0042, 0x0021, 0x0021, 0x0021, 0x0021, 0x0021,
    0x0021, 0x0021, 0x0042, 0x0062, 0x0062, 0x0062, 0x0042, 0x0042, 0x0042, 0x0042, 0x0042, 0x0042,
    0x0042, 0x0042, 0x0021, 0x0021, 0x0021, 0x0021, 0x0021, 0x0041, 0x0042, 0x0042, 0x0042, 0x0021,
    0x0041, 0x0042, 0x0042, 0x0041, 0x0042, 0x0042, 0x0042, 0x0041, 0x0041, 0x0041, 0x0062, 0x0062,
    0x0042, 0x0021, 0x00C4, 0x0083, 0x0042, 0x0041, 0x0062, 0x0042, 0x0063, 0x0042, 0x0062, 0x00A4,
    0x0062, 0x0062, 0x0083, 0x0084, 0x0041, 0x0042, 0x0041, 0x0042, 0x00C5, 0x00A3, 0x0042, 0x0062,
    0x0042, 0x0041, 0x0021, 0x0041, 0x0042, 0x0062, 0x0041, 0x0041, 0x0042, 0x0042, 0x0041, 0x0041,
    0x0021, 0x0041, 0x0041, 0x0041, 0x0041, 0x0021, 0x0021, 0x0021, 0x0021, 0x0021, 0x0042, 0x0042,
    0x0042, 0x0042, 0x0042, 0x0042, 0x0042, 0x0042, 0x0042, 0x0042, 0x0062, 0x0042, 0x0021, 0x0021,
    0x0021, 0x0021, 0x0021, 0x0021, 0x0021, 0x0062, 0x0084, 0x0062, 0x0042, 0x00A4, 0x0083, 0x00A5,
    0x0084, 0x0062, 0x08C5, 0x0084, 0x0083, 0x228D, 0x0042, 0x11A9, 0x1187, 0x0021, 0x120B, 0x0063,
    0x0042, 0x0042, 0x08A4, 0x0042, 0x0042, 0x0062, 0x08A4, 0x0062, 0x0042, 0x0042, 0x0042, 0x0083,
    0x0042, 0x1187, 0x0883, 0x10A3, 0x1105, 0x10E4, 0x2104, 0x2104, 0x31A7, 0x2166, 0x1925, 0x1127,
    0x0968, 0x122D, 0x1394, 0x1CD9, 0x0B33, 0x0A4F, 0x0149, 0x09CB, 0x0968, 0x0084, 0x00C5, 0x0063,
    0x0063, 0x0084, 0x0063, 0x0022, 0x0021, 0x0042, 0x00C4, 0x0001, 0x0001, 0x0001, 0x0000, 0x0000,
    0x0000, 0x0000, 0x0001, 0x0001, 0x0022, 0x08E5, 0x0042, 0x0042, 0x0042, 0x0084, 0x0083, 0x0063,
    0x0084, 0x0907, 0x00A5, 0x122B, 0x120C, 0x0A6F, 0x0C58, 0x773E, 0xAFDF, 0x1499, 0x0A6F, 0x11AA,
    0x1967, 0x2966, 0x4A07, 0x5A67, 0x41A5, 0x2925, 0x2146, 0x1925, 0x0883, 0x1146, 0x1146, 0x0042,
    0x0083, 0x0042, 0x0042, 0x0042, 0x0042, 0x0083, 0x0083, 0x0021, 0x0042, 0x0062, 0x0884, 0x0062,
    0x0042, 0x0063, 0x0063, 0x0062, 0x0062, 0x0062, 0x0083, 0x0083, 0x0063, 0x0083, 0x08A4, 0x0042,
    0x0063, 0x00A4, 0x0083, 0x0042, 0x0042, 0x0042, 0x0063, 0x0062, 0x0021, 0x0021, 0x0021, 0x0021,
    0x0021, 0x0021, 0x0021, 0x0021, 0x0021, 0x0021, 0x0022, 0x0042, 0x0042, 0x0042, 0x0042, 0x0042,
    0x0042, 0x0062, 0x0063, 0x0863, 0x0863, 0x0883, 0x10A3, 0x0042, 0x0042, 0x0042, 0x0042, 0x0062,
    0x0062, 0x0062, 0x0063, 0x0062, 0x0062, 0x0083, 0x0083, 0x0083, 0x0083, 0x0083, 0x08A4, 0x08C4,
    0x08C4, 0x0083, 0x4A68, 0x1925, 0x00A4, 0x00C4, 0x0905, 0x00C4, 0x00C4, 0x00A4, 0x08E5, 0x0947,
    0x0105, 0x08E5, 0x08E5, 0x08E5, 0x00C4, 0x00C4, 0x08C4, 0x00A4, 0x3A07, 0x31A6, 0x00A4, 0x08C4,
    0x08A3, 0x0083, 0x0083, 0x0083, 0x0083, 0x0083, 0x0062, 0x0062, 0x0062, 0x0062, 0x0062, 0x0042,
    0x0042, 0x0042, 0x0042, 0x0042, 0x0042, 0x10A3, 0x0863, 0x0863, 0x0863, 0x0062, 0x0062, 0x0062,
    0x0062, 0x0042, 0x0042, 0x0042, 0x0042, 0x0042, 0x0022, 0x0021, 0x0021, 0x0021, 0x0021, 0x0021,
    0x0021, 0x0021, 0x0021, 0x0022, 0x0063, 0x0063, 0x0042, 0x0021, 0x0062, 0x0083, 0x0083, 0x0063,
    0x0083, 0x08A4, 0x0083, 0x0063, 0x0083, 0x0083, 0x0083, 0x0063, 0x0062, 0x0062, 0x0063, 0x0042,
    0x0042, 0x08A4, 0x0042, 0x0021, 0x0042, 0x08A4, 0x0042, 0x0062, 0x0042, 0x0042, 0x0062, 0x0083,
    0x0062, 0x1146, 0x0883, 0x10C4, 0x1946, 0x1905, 0x3165, 0x5205, 0x6288, 0x3186, 0x2166, 0x1167,
    0x11CA, 0x0AD1, 0x359C, 0xBFFF, 0x461C, 0x0B74, 0x09ED, 0x126E, 0x0989, 0x00A5, 0x00E6, 0x0063,
    0x0063, 0x00A4, 0x0063, 0x0022, 0x0042, 0x0063, 0x00C5, 0x0001, 0x0001, 0x0001, 0x0000, 0x0000,
    0x0000, 0x0000, 0x0001, 0x0001, 0x0022, 0x0905, 0x0022, 0x0063, 0x0042, 0x0063, 0x0063, 0x0083,
    0x0084, 0x0927, 0x00A5, 0x0948, 0x098A, 0x0A4E, 0x0BD6, 0x565D, 0x7EFE, 0x1458, 0x126E, 0x11AA,
    0x2187, 0x3186, 0x93EC, 0xEEF6, 0x72C7, 0x3165, 0x29A7, 0x2166, 0x10A4, 0x1946, 0x1967, 0x0042,
    0x0063, 0x0042, 0x0042, 0x0021, 0x0021, 0x0042, 0x0083, 0x0883, 0x0001, 0x0001, 0x0883, 0x08C4,
    0x0042, 0x0042, 0x0042, 0x0042, 0x0062, 0x0042, 0x0042, 0x0062, 0x0062, 0x0042, 0x0062, 0x0083,
    0x0063, 0x0042, 0x0042, 0x0063, 0x0042, 0x0021, 0x0021, 0x0042, 0x0063, 0x0042, 0x0021, 0x0021,
    0x0021, 0x0021, 0x0021, 0x0021, 0x0021, 0x0021, 0x0021, 0x0021, 0x0021, 0x0022, 0x0022, 0x0021,
    0x0021, 0x0042, 0x0042, 0x0022, 0x0042, 0x0042, 0x0042, 0x0021, 0x0041, 0x0021, 0x0042, 0x0041,
    0x0042, 0x0042, 0x0042, 0x0042, 0x0042, 0x0042, 0x0062, 0x0042, 0x0062, 0x0062, 0x0062, 0x0062,
    0x0062, 0x0063, 0x1905, 0x08A3, 0x0063, 0x0083, 0x0083, 0x0062, 0x0083, 0x0063, 0x0063, 0x00C4,
    0x00C4, 0x0083, 0x0062, 0x0083, 0x0062, 0x0083, 0x0083, 0x0062, 0x10E4, 0x10E4, 0x0062, 0x0062,
    0x0062, 0x0062, 0x0062, 0x0062, 0x0042, 0x0042, 0x0042, 0x0042, 0x0042, 0x0042, 0x0042, 0x0041,
    0x0042, 0x0041, 0x0021, 0x0021, 0x0021, 0x0041, 0x0041, 0x0042, 0x0021, 0x0021, 0x0022, 0x0021,
    0x0021, 0x0021, 0x0021, 0x0021, 0x0021, 0x0021, 0x0021, 0x0021, 0x0021, 0x0021, 0x0021, 0x0021,
    0x0021, 0x0021, 0x0042, 0x0063, 0x0042, 0x0021, 0x0021, 0x0042, 0x0083, 0x0042, 0x0042, 0x0083,
    0x0084, 0x0042, 0x0062, 0x0062, 0x0062, 0x0062, 0x0062, 0x0042, 0x0042, 0x0042, 0x0042, 0x0042,
    0x08C4, 0x0041, 0x0021, 0x0042, 0x0883, 0x0043, 0x0042, 0x0021, 0x0042, 0x0042, 0x0042, 0x0083,
    0x0063, 0x19C8, 0x0883, 0x10C4, 0x2187, 0x2125, 0x3984, 0xACAE, 0xEEB6, 0x5A46, 0x2166, 0x1968,
    0x11AA, 0x0A90, 0x2D1A, 0x8F3E, 0x3DBC, 0x0B33, 0x09AB, 0x098A, 0x0928, 0x00C5, 0x00E6, 0x0083,
    0x0063, 0x0063, 0x0043, 0x0063, 0x0042, 0x0063, 0x08C5, 0x0001, 0x0001, 0x0001, 0x0000, 0x0000,
    0x0000, 0x0000, 0x0001, 0x0001, 0x0022, 0x0906, 0x0022, 0x0063, 0x0063, 0x0947, 0x0927, 0x0042,
    0x00A4, 0x0906, 0x00C5, 0x0907, 0x0969, 0x09AB, 0x0A2E, 0x1353, 0x13D5, 0x0A6F, 0x09CB, 0x1168,
    0x1946, 0x2965, 0x7B4A, 0xC591, 0x5A46, 0x2945, 0x2987, 0x2166, 0x08A3, 0x1946, 0x1967, 0x0042,
    0x0063, 0x0042, 0x0021, 0x08C5, 0x08C5, 0x0021, 0x0042, 0x0883, 0x1926, 0x10C3, 0x0021, 0x0063,
    0x0062, 0x0042, 0x0042, 0x0062, 0x0042, 0x0042, 0x0042, 0x0042, 0x0042, 0x0042, 0x0042, 0x0042,
    0x0063, 0x10E4, 0x2187, 0x0042, 0x0063, 0x0042, 0x0021, 0x0021, 0x0022, 0x0063, 0x0042, 0x0021,
    0x0021, 0x0021, 0x0021, 0x0021, 0x0021, 0x0021, 0x0021, 0x0021, 0x0021, 0x0021, 0x0001, 0x0042,
    0x0062, 0x0001, 0x00A4, 0x0063, 0x0021, 0x0021, 0x0021, 0x0021, 0x0021, 0x0021, 0x0021, 0x0021,
    0x0021, 0x0021, 0x0042, 0x0041, 0x0041, 0x0042, 0x0042, 0x0041, 0x0041, 0x0042, 0x0042, 0x0041,
    0x0042, 0x0041, 0x0083, 0x0062, 0x0042, 0x0042, 0x0062, 0x0042, 0x0063, 0x0042, 0x0042, 0x0083,
    0x0063, 0x0042, 0x0042, 0x0062, 0x0042, 0x0083, 0x0042, 0x0042, 0x0083, 0x0062, 0x0041, 0x0041,
    0x0042, 0x0042, 0x0042, 0x0041, 0x0041, 0x0042, 0x0041, 0x0041, 0x0041, 0x0042, 0x0021, 0x0021,
    0x0021, 0x0021, 0x0021, 0x0021, 0x0021, 0x0021, 0x0021, 0x0001, 0x08A4, 0x0042, 0x0001, 0x0063,
    0x0001, 0x0021, 0x0021, 0x0021, 0x0021, 0x0021, 0x0021, 0x0021, 0x0021, 0x0021, 0x0021, 0x0001,
    0x0021, 0x0063, 0x0063, 0x0021, 0x0021, 0x0021, 0x0062, 0x0084, 0x0883, 0x2986, 0x08A4, 0x0063,
    0x0042, 0x0042, 0x0042, 0x0042, 0x0042, 0x0042, 0x0042, 0x0042, 0x0042, 0x0042, 0x0042, 0x0063,
    0x0042, 0x0042, 0x08C4, 0x08A4, 0x0042, 0x0021, 0x0021, 0x0906, 0x0063, 0x0022, 0x0042, 0x0063,
    0x0062, 0x19C8, 0x0862, 0x10A3, 0x1966, 0x1904, 0x3124, 0x838A, 0xBD31, 0x5226, 0x2166, 0x1147,
    0x0968, 0x09EC, 0x0AB0, 0x1C36, 0x0B13, 0x0A2E, 0x0149, 0x0948, 0x00E6, 0x0906, 0x00C6, 0x0084,
    0x0042, 0x11C9, 0x08E6, 0x0063, 0x0022, 0x0063, 0x00E5, 0x0001, 0x0001, 0x0001, 0x0000, 0x0000,
    0x0000, 0x0001, 0x0001, 0x0001, 0x0042, 0x0947, 0x0022, 0x0042, 0x0063, 0x00C5, 0x122B, 0x0906,
    0x0043, 0x00A4, 0x0906, 0x0107, 0x0948, 0x09AA, 0x0169, 0x09EC, 0x126E, 0x098A, 0x0968, 0x0926,
    0x1105, 0x2125, 0x3165, 0x41A5, 0x2944, 0x18E4, 0x2146, 0x1945, 0x0863, 0x1146, 0x1167, 0x0042,
    0x0063, 0x0001, 0x08C4, 0x1A8F, 0x1A6F, 0x08E5, 0x0021, 0x0001, 0x322A, 0x2187, 0x0021, 0x0063,
    0x0063, 0x0063, 0x0063, 0x0063, 0x0083, 0x0042, 0x0042, 0x0042, 0x0042, 0x0042, 0x0042, 0x0042,
    0x0021, 0x0063, 0x10E5, 0x0042, 0x10A3, 0x0062, 0x0883, 0x0042, 0x0001, 0x0021, 0x0042, 0x0063,
    0x0022, 0x0001, 0x0021, 0x0001, 0x0001, 0x0001, 0x0001, 0x0021, 0x0021, 0x0001, 0x0001, 0x0042,
    0x0063, 0x0001, 0x0083, 0x0042, 0x0021, 0x0021, 0x0021, 0x0021, 0x0021, 0x0021, 0x0021, 0x0041,
    0x0042, 0x0041, 0x0042, 0x0042, 0x0042, 0x0042, 0x0062, 0x0042, 0x0042, 0x0042, 0x0062, 0x0042,
    0x0042, 0x0021, 0x00A4, 0x0063, 0x0042, 0x0042, 0x0083, 0x0042, 0x0063, 0x0062, 0x0062, 0x0083,
    0x0062, 0x0062, 0x0062, 0x0083, 0x0062, 0x0083, 0x0062, 0x0042, 0x0083, 0x0062, 0x0041, 0x0062,
    0x0062, 0x0042, 0x0042, 0x0041, 0x0042, 0x0062, 0x0042, 0x0042, 0x0042, 0x0042, 0x0041, 0x0042,
    0x0021, 0x0021, 0x0021, 0x0021, 0x0021, 0x0021, 0x0021, 0x0021, 0x0063, 0x0042, 0x0021, 0x0063,
    0x0001, 0x0001, 0x0000, 0x0021, 0x0001, 0x0001, 0x0001, 0x0001, 0x0001, 0x0001, 0x0021, 0x0042,
    0x0063, 0x0042, 0x0001, 0x0001, 0x0042, 0x0063, 0x0063, 0x0022, 0x0882, 0x10E4, 0x0042, 0x0041,
    0x0042, 0x0042, 0x0042, 0x0042, 0x0042, 0x0042, 0x0042, 0x0083, 0x0063, 0x0063, 0x0063, 0x0063,
    0x0063, 0x0063, 0x1188, 0x0063, 0x0022, 0x0001, 0x11AA, 0x1A70, 0x122E, 0x0022, 0x0042, 0x0063,
    0x0042, 0x11A7, 0x0862, 0x0883, 0x1926, 0x18C3, 0x2104, 0x2944, 0x3985, 0x2965, 0x1925, 0x1106,
    0x0927, 0x0969, 0x09AA, 0x1AAF, 0x018A, 0x0969, 0x0128, 0x0107, 0x0928, 0x00E6, 0x00A5, 0x0063,
    0x09A9, 0x11CA, 0x0064, 0x0042, 0x0022, 0x0083, 0x0926, 0x0001, 0x0001, 0x0001, 0x0000, 0x0000,
    0x0000, 0x0001, 0x0001, 0x0001, 0x0042, 0x2B4F, 0x0063, 0x0042, 0x0063, 0x0063, 0x0064, 0x122B,
    0x0927, 0x0064, 0x00C6, 0x0948, 0x0107, 0x0107, 0x0927, 0x0989, 0x120B, 0x0907, 0x0906, 0x08E5,
    0x10E5, 0x10E4, 0x1904, 0x2945, 0x18E4, 0x10A3, 0x1905, 0x10E5, 0x0042, 0x1105, 0x1126, 0x0042,
    0x0063, 0x0001, 0x08E5, 0x1A8F, 0x1AB1, 0x0948, 0x0000, 0x0042, 0x0001, 0x0001, 0x0021, 0x0021,
    0x0021, 0x0021, 0x0021, 0x0021, 0x0063, 0x0083, 0x0021, 0x0042, 0x0042, 0x0042, 0x0042, 0x0042,
    0x0042, 0x0021, 0x0001, 0x0863, 0x0862, 0x0001, 0x0042, 0x0063, 0x0863, 0x0022, 0x0001, 0x0021,
    0x0042, 0x0042, 0x0042, 0x0042, 0x0042, 0x0042, 0x0884, 0x0022, 0x0021, 0x0063, 0x0000, 0x0063,
    0x0064, 0x0021, 0x0063, 0x0042, 0x0021, 0x0063, 0x0021, 0x0021, 0x0021, 0x0021, 0x0021, 0x0021,
    0x0042, 0x0042, 0x0042, 0x0042, 0x0042, 0x0042, 0x0062, 0x0042, 0x0042, 0x0042, 0x0062, 0x0042,
    0x0042, 0x0041, 0x0083, 0x0042, 0x0042, 0x0042, 0x0063, 0x0062, 0x0063, 0x0062, 0x0042, 0x0063,
    0x0062, 0x0062, 0x0063, 0x0083, 0x0062, 0x0083, 0x0042, 0x0041, 0x0062, 0x0062, 0x0042, 0x0042,
    0x0062, 0x0042, 0x0042, 0x0042, 0x0042, 0x0042, 0x0042, 0x0042, 0x0042, 0x0042, 0x0042, 0x0042,
    0x0021, 0x0021, 0x0021, 0x0021, 0x0021, 0x0062, 0x0062, 0x0021, 0x0063, 0x0042, 0x0021, 0x0063,
    0x0001, 0x0021, 0x0883, 0x0001, 0x0883, 0x0063, 0x0042, 0x0042, 0x0042, 0x0042, 0x0063, 0x0042,
    0x0021, 0x0001, 0x0042, 0x0883, 0x0062, 0x0022, 0x0001, 0x0862, 0x0842, 0x0021, 0x0042, 0x0042,
    0x0042, 0x0022, 0x0042, 0x0042, 0x0022, 0x0042, 0x0083, 0x0042, 0x0021, 0x0021, 0x0021, 0x0021,
    0x0021, 0x0021, 0x0001, 0x0021, 0x0042, 0x0001, 0x11EC, 0x1A4F, 0x1A4F, 0x0042, 0x0021, 0x0063,
    0x0042, 0x1167, 0x0062, 0x0883, 0x1105, 0x10A3, 0x10C3, 0x18E4, 0x2145, 0x18E4, 0x10E4, 0x08E5,
    0x08E5, 0x0906, 0x0128, 0x124C, 0x0107, 0x0107, 0x00E6, 0x0927, 0x0128, 0x00E6, 0x0084, 0x120B,
    0x11CA, 0x0022, 0x0042, 0x0063, 0x0001, 0x0968, 0x120B, 0x0000, 0x0001, 0x0001, 0x0000, 0x0000,
    0x0000, 0x0000, 0x0001, 0x0001, 0x0021, 0x0042, 0x00A4, 0x0043, 0x0042, 0x0063, 0x0063, 0x0064,
    0x1A8D, 0x0989, 0x00A6, 0x00E6, 0x0927, 0x00E6, 0x00C5, 0x0968, 0x11C9, 0x00C5, 0x08C5, 0x08C4,
    0x08C4, 0x08A4, 0x10A3, 0x1904, 0x10A3, 0x0883, 0x10C4, 0x08C4, 0x0042, 0x08E5, 0x0905, 0x0042,
    0x0062, 0x0022, 0x0001, 0x0906, 0x0948, 0x0021, 0x0021, 0x08A4, 0x0884, 0x0063, 0x0063, 0x0063,
    0x0063, 0x0063, 0x0063, 0x0022, 0x0021, 0x0042, 0x0083, 0x0021, 0x0021, 0x0021, 0x0021, 0x0021,
    0x0021, 0x0021, 0x0021, 0x0021, 0x0021, 0x18C3, 0x0862, 0x0001, 0x08E5, 0x18E4, 0x1062, 0x0001,
    0x0021, 0x0021, 0x0021, 0x0021, 0x0022, 0x0021, 0x08E5, 0x0042, 0x0042, 0x08E5, 0x0000, 0x08C6,
    0x08C6, 0x0000, 0x08E6, 0x0063, 0x0000, 0x08E6, 0x0042, 0x0021, 0x0021, 0x0021, 0x0021, 0x0021,
    0x0021, 0x0021, 0x0022, 0x0021, 0x0021, 0x0021, 0x0042, 0x0021, 0x0041, 0x0042, 0x0042, 0x0042,
    0x0042, 0x0021, 0x0062, 0x0042, 0x0041, 0x0041, 0x0042, 0x0041, 0x0062, 0x0042, 0x0041, 0x0062,
    0x0042, 0x0042, 0x0042, 0x0062, 0x0042, 0x0042, 0x0041, 0x0021, 0x0042, 0x0062, 0x0041, 0x0041,
    0x0042, 0x0042, 0x0041, 0x0041, 0x0041, 0x0042, 0x0021, 0x0021, 0x0021, 0x0022, 0x0021, 0x0021,
    0x0021, 0x0021, 0x0021, 0x0021, 0x0000, 0x08A4, 0x08A5, 0x0000, 0x0906, 0x0063, 0x0001, 0x0907,
    0x0001, 0x0042, 0x08C5, 0x0000, 0x08C5, 0x0063, 0x0021, 0x0022, 0x0022, 0x0021, 0x0021, 0x0021,
    0x0001, 0x0841, 0x2146, 0x08A3, 0x0000, 0x1082, 0x18A3, 0x0021, 0x0021, 0x0021, 0x0021, 0x0021,
    0x0021, 0x0021, 0x0021, 0x0021, 0x0042, 0x0083, 0x0042, 0x0021, 0x0042, 0x0063, 0x0063, 0x0063,
    0x0062, 0x0063, 0x0042, 0x08A4, 0x0862, 0x0001, 0x0063, 0x1189, 0x00A4, 0x0021, 0x0022, 0x0063,
    0x0042, 0x0926, 0x0042, 0x0862, 0x08E5, 0x0882, 0x0882, 0x10A3, 0x10E4, 0x08A3, 0x08C4, 0x08C4,
    0x08C4, 0x08C5, 0x00E6, 0x09EB, 0x00E6, 0x00C6, 0x0907, 0x0107, 0x00E6, 0x00C6, 0x124D, 0x11EB,
    0x0043, 0x0083, 0x0063, 0x0042, 0x0063, 0x00A4, 0x0021, 0x0021, 0x0001, 0x0001, 0x0000, 0x0000,
    0x0000, 0x0000, 0x0001, 0x0001, 0x0021, 0x0021, 0x0042, 0x0084, 0x0042, 0x0063, 0x0084, 0x0084,
    0x00A5, 0x1AAE, 0x09AA, 0x00A6, 0x00E6, 0x0907, 0x00A4, 0x0927, 0x0988, 0x0084, 0x00A4, 0x00A4,
    0x08A4, 0x0883, 0x0883, 0x10C4, 0x0883, 0x0862, 0x08A4, 0x08A4, 0x0042, 0x08A4, 0x08C4, 0x0042,
    0x0063, 0x0021, 0x0042, 0x0001, 0x0000, 0x0021, 0x0021, 0x0021, 0x0021, 0x0022, 0x0021, 0x0021,
    0x0022, 0x0021, 0x0062, 0x0883, 0x0021, 0x0021, 0x0063, 0x0083, 0x0042, 0x0042, 0x0042, 0x0042,
    0x0042, 0x0021, 0x0021, 0x0021, 0x0021, 0x1082, 0x0862, 0x0021, 0x0000, 0x1882, 0x18C3, 0x0022,
    0x0001, 0x0021, 0x0001, 0x0001, 0x0001, 0x0001, 0x0000, 0x0001, 0x0001, 0x0000, 0x0021, 0x0001,
    0x0001, 0x0021, 0x0000, 0x0001, 0x0021, 0x0000, 0x0001, 0x0021, 0x0021, 0x0021, 0x0021, 0x0021,
    0x0021, 0x0021, 0x0021, 0x0021, 0x0021, 0x0021, 0x0042, 0x0041, 0x0041, 0x0041, 0x0042, 0x0021,
    0x0041, 0x0041, 0x0062, 0x0042, 0x0041, 0x0041, 0x0042, 0x0041, 0x0042, 0x0042, 0x0042, 0x0062,
    0x0062, 0x0042, 0x0042, 0x0042, 0x0041, 0x0042, 0x0041, 0x0042, 0x0062, 0x0042, 0x0041, 0x0041,
    0x0042, 0x0042, 0x0041, 0x0021, 0x0041, 0x0042, 0x0021, 0x0041, 0x0041, 0x0021, 0x0021, 0x0021,
    0x0021, 0x0021, 0x0021, 0x0021, 0x0021, 0x0001, 0x0001, 0x0021, 0x0000, 0x0001, 0x0001, 0x0000,
    0x0001, 0x0001, 0x0000, 0x0001, 0x0000, 0x0001, 0x0001, 0x0001, 0x0001, 0x0001, 0x0021, 0x0001,
    0x0063, 0x1082, 0x0021, 0x0001, 0x0001, 0x0862, 0x0862, 0x0021, 0x0021, 0x0021, 0x0021, 0x0042,
    0x0042, 0x0042, 0x0042, 0x0042, 0x0883, 0x0042, 0x0021, 0x0042, 0x0083, 0x0042, 0x0022, 0x0022,
    0x0021, 0x0022, 0x0022, 0x0021, 0x0021, 0x0021, 0x0021, 0x0000, 0x0001, 0x0022, 0x0021, 0x0063,
    0x0042, 0x08E5, 0x0042, 0x0062, 0x08C4, 0x0062, 0x0862, 0x0883, 0x08A4, 0x0883, 0x0883, 0x00A4,
    0x00A4, 0x00A4, 0x00A4, 0x09AA, 0x00A5, 0x00E6, 0x0107, 0x00E7, 0x0108, 0x1A8F, 0x122C, 0x0064,
    0x00A4, 0x0083, 0x0042, 0x0043, 0x0084, 0x0021, 0x0021, 0x0001, 0x0001, 0x0001, 0x0000, 0x0000,
    0x0000, 0x0000, 0x0001, 0x0001, 0x0022, 0x0022, 0x0022, 0x0042, 0x08C5, 0x0084, 0x00A4, 0x00C5,
    0x00C5, 0x00C6, 0x2BD3, 0x2310, 0x00C7, 0x0106, 0x0084, 0x0906, 0x0947, 0x0063, 0x00A4, 0x0083,
    0x0083, 0x0083, 0x0083, 0x08A4, 0x0062, 0x0062, 0x0883, 0x0083, 0x0022, 0x0083, 0x0083, 0x0021,
    0x0883, 0x0042, 0x0021, 0x0022, 0x0022, 0x0021, 0x0021, 0x0021, 0x0021, 0x0021, 0x0021, 0x0021,
    0x0021, 0x0021, 0x0021, 0x0042, 0x0083, 0x0021, 0x0021, 0x0042, 0x0063, 0x0063, 0x0063, 0x0948,
    0x08E5, 0x0001, 0x0021, 0x0021, 0x0021, 0x0001, 0x0001, 0x0001, 0x0021, 0x0001, 0x0001, 0x0063,
    0x0022, 0x0001, 0x0001, 0x0021, 0x0021, 0x0001, 0x0042, 0x0001, 0x0022, 0x0063, 0x0022, 0x0042,
    0x0042, 0x0021, 0x0062, 0x0042, 0x0021, 0x0063, 0x0042, 0x0021, 0x0042, 0x0042, 0x0042, 0x0042,
    0x0042, 0x0042, 0x0042, 0x0042, 0x0042, 0x0062, 0x0062, 0x0042, 0x0062, 0x0062, 0x0062, 0x0042,
    0x0062, 0x0062, 0x0063, 0x0062, 0x0062, 0x0042, 0x0062, 0x0062, 0x0062, 0x0062, 0x0062, 0x0083,
    0x0063, 0x0062, 0x0062, 0x0062, 0x0042, 0x0062, 0x0042, 0x0062, 0x0062, 0x0063, 0x0062, 0x0062,
    0x0062, 0x0062, 0x0042, 0x0062, 0x0062, 0x0062, 0x0042, 0x0042, 0x0042, 0x0042, 0x0042, 0x0042,
    0x0042, 0x0042, 0x0042, 0x0021, 0x0021, 0x0042, 0x0042, 0x0021, 0x0063, 0x0022, 0x0021, 0x0062,
    0x0021, 0x0042, 0x0063, 0x0001, 0x0041, 0x0022, 0x0001, 0x0022, 0x0001, 0x0001, 0x0001, 0x0063,
    0x0063, 0x0001, 0x0021, 0x0021, 0x0021, 0x0001, 0x0001, 0x0021, 0x0021, 0x0021, 0x0021, 0x1126,
    0x08A4, 0x0063, 0x0063, 0x0063, 0x0021, 0x0021, 0x0042, 0x0884, 0x0042, 0x0021, 0x0021, 0x0021,
    0x0021, 0x0021, 0x0021, 0x0021, 0x0021, 0x0021, 0x0021, 0x0022, 0x0022, 0x0021, 0x0062, 0x0063,
    0x0021, 0x08C4, 0x0042, 0x0042, 0x08A4, 0x0042, 0x0042, 0x0062, 0x08A3, 0x0063, 0x0083, 0x0083,
    0x0083, 0x0083, 0x0084, 0x0989, 0x0084, 0x00C5, 0x0107, 0x0129, 0x3C35, 0x2332, 0x0085, 0x00C5,
    0x00A5, 0x0083, 0x00A5, 0x00A5, 0x0022, 0x0022, 0x0021, 0x0001, 0x0001, 0x0001, 0x0000, 0x0000,
    0x0000, 0x0000, 0x0001, 0x0001, 0x0022, 0x0022, 0x0042, 0x0042, 0x0084, 0x0927, 0x00C6, 0x00A5,
    0x00E6, 0x00C6, 0x1A8E, 0x2B93, 0x00A6, 0x00E6, 0x0063, 0x08E6, 0x0927, 0x0063, 0x0083, 0x0063,
    0x0063, 0x0063, 0x0062, 0x0883, 0x0062, 0x0042, 0x0083, 0x0083, 0x0021, 0x0063, 0x0083, 0x0021,
    0x0022, 0x0883, 0x0042, 0x0021, 0x0021, 0x0021, 0x0021, 0x0021, 0x0021, 0x0021, 0x0021, 0x0021,
    0x0021, 0x0021, 0x0021, 0x0001, 0x0042, 0x0884, 0x0062, 0x0062, 0x0042, 0x0862, 0x18A3, 0x0021,
    0x0022, 0x0021, 0x0021, 0x0021, 0x0021, 0x0021, 0x0000, 0x0021, 0x0021, 0x0021, 0x0001, 0x0001,
    0x0062, 0x0042, 0x0001, 0x0083, 0x0042, 0x0001, 0x08E6, 0x0001, 0x0043, 0x0927, 0x0001, 0x08C5,
    0x08C4, 0x0000, 0x08E6, 0x0083, 0x0000, 0x0907, 0x0042, 0x0001, 0x0021, 0x0021, 0x0021, 0x0021,
    0x0021, 0x0021, 0x0042, 0x0021, 0x0021, 0x0042, 0x0042, 0x0021, 0x0021, 0x0042, 0x0042, 0x0042,
    0x0042, 0x0041, 0x0042, 0x0041, 0x0041, 0x0042, 0x0042, 0x0042, 0x0042, 0x0042, 0x0042, 0x0062,
    0x0062, 0x0042, 0x0042, 0x0042, 0x0041, 0x0042, 0x0042, 0x0042, 0x0042, 0x0042, 0x0042, 0x0042,
    0x0042, 0x0042, 0x0021, 0x0021, 0x0042, 0x0042, 0x0021, 0x0021, 0x0021, 0x0021, 0x0021, 0x0021,
    0x0021, 0x0021, 0x0021, 0x0021, 0x0000, 0x08A5, 0x08C5, 0x0000, 0x0907, 0x0063, 0x0000, 0x0907,
    0x0001, 0x0063, 0x0907, 0x0000, 0x08A4, 0x0083, 0x0000, 0x0063, 0x0021, 0x0001, 0x0063, 0x0042,
    0x0001, 0x0021, 0x0001, 0x0021, 0x0001, 0x0001, 0x0021, 0x0021, 0x0001, 0x0021, 0x0021, 0x0021,
    0x0021, 0x18C3, 0x0862, 0x0042, 0x0062, 0x0062, 0x08A4, 0x0042, 0x0021, 0x0001, 0x0021, 0x0021,
    0x0021, 0x0021, 0x0021, 0x0021, 0x0021, 0x0021, 0x0021, 0x0021, 0x0021, 0x0062, 0x0863, 0x0021,
    0x0022, 0x08A4, 0x0042, 0x0042, 0x0083, 0x0042, 0x0042, 0x0062, 0x0083, 0x0062, 0x0063, 0x0063,
    0x0063, 0x0083, 0x0083, 0x0968, 0x0084, 0x00C5, 0x00E6, 0x0128, 0x33D4, 0x016B, 0x0107, 0x00E6,
    0x0085, 0x00E6, 0x0907, 0x0063, 0x0042, 0x0022, 0x0022, 0x0021, 0x0001, 0x0001, 0x0000, 0x0000,
    0x0000, 0x0001, 0x0001, 0x0021, 0x0022, 0x0042, 0x0063, 0x0063, 0x0084, 0x0928, 0x1AD0, 0x120D,
    0x0108, 0x00C6, 0x0928, 0x09EB, 0x0084, 0x00C5, 0x0063, 0x08C5, 0x0906, 0x0042, 0x0063, 0x0063,
    0x0062, 0x0062, 0x0062, 0x0083, 0x0042, 0x0042, 0x0083, 0x0063, 0x0021, 0x0063, 0x0063, 0x0021,
    0x0021, 0x0021, 0x0063, 0x0063, 0x0063, 0x0062, 0x0062, 0x0862, 0x0862, 0x0862, 0x0862, 0x0862,
    0x0862, 0x18A3, 0x0862, 0x0001, 0x0021, 0x0042, 0x0022, 0x0042, 0x0042, 0x0042, 0x18C3, 0x1082,
    0x0001, 0x0021, 0x0021, 0x0021, 0x0001, 0x0042, 0x0883, 0x0001, 0x0021, 0x0001, 0x0001, 0x0001,
    0x0001, 0x0042, 0x0842, 0x0042, 0x0042, 0x0042, 0x0000, 0x0001, 0x0001, 0x0001, 0x0002, 0x0000,
    0x0000, 0x0001, 0x0000, 0x0001, 0x0001, 0x0001, 0x0001, 0x0001, 0x0001, 0x0021, 0x0021, 0x0001,
    0x0021, 0x0021, 0x0021, 0x0021, 0x0021, 0x0021, 0x0042, 0x0021, 0x0021, 0x0042, 0x0062, 0x0062,
    0x0042, 0x0042, 0x0042, 0x0062, 0x0062, 0x0062, 0x0062, 0x0062, 0x0062, 0x0062, 0x0062, 0x0063,
    0x0082, 0x0062, 0x0083, 0x0063, 0x0062, 0x0062, 0x0062, 0x0042, 0x0062, 0x0062, 0x0062, 0x0062,
    0x0062, 0x0062, 0x0062, 0x0021, 0x0021, 0x0042, 0x0021, 0x0021, 0x0021, 0x0021, 0x0021, 0x0021,
    0x0021, 0x0021, 0x0021, 0x0001, 0x0001, 0x0001, 0x0001, 0x0001, 0x0000, 0x0000, 0x0000, 0x0000,
    0x0001, 0x0001, 0x0000, 0x0001, 0x0000, 0x0000, 0x0042, 0x0042, 0x0042, 0x0062, 0x0042, 0x0001,
    0x0021, 0x0001, 0x0001, 0x0001, 0x0021, 0x0883, 0x0001, 0x0021, 0x0001, 0x0021, 0x0021, 0x0021,
    0x18E3, 0x10A2, 0x0041, 0x0042, 0x0042, 0x0042, 0x0022, 0x0021, 0x0001, 0x18A2, 0x1082, 0x0862,
    0x0862, 0x0862, 0x0862, 0x0862, 0x0862, 0x0842, 0x0042, 0x0042, 0x0863, 0x0063, 0x0021, 0x0022,
    0x0021, 0x0083, 0x0042, 0x0042, 0x0083, 0x0042, 0x0042, 0x0062, 0x0083, 0x0042, 0x0062, 0x0063,
    0x0063, 0x0063, 0x0063, 0x0947, 0x0063, 0x00A4, 0x00C6, 0x00C6, 0x120C, 0x00C6, 0x00E7, 0x0128,
    0x1A8E, 0x1A4E, 0x00A5, 0x0083, 0x0063, 0x0042, 0x0022, 0x0021, 0x0001, 0x0001, 0x0000, 0x0000,
    0x0000, 0x0001, 0x0001, 0x0021, 0x0022, 0x0043, 0x0022, 0x0064, 0x00C6, 0x00E9, 0x76BC, 0x5579,
    0x00C8, 0x00A5, 0x0927, 0x09CA, 0x0063, 0x00C5, 0x0043, 0x00A4, 0x08E6, 0x0042, 0x0063, 0x0062,
    0x0042, 0x0042, 0x0042, 0x0083, 0x0042, 0x0042, 0x0063, 0x0063, 0x0021, 0x0062, 0x0063, 0x0001,
    0x0021, 0x0021, 0x0001, 0x0021, 0x0021, 0x0021, 0x0021, 0x0001, 0x0001, 0x0001, 0x0001, 0x0001,
    0x0001, 0x0021, 0x18A3, 0x0862, 0x0001, 0x0021, 0x0022, 0x0001, 0x0001, 0x0001, 0x0001, 0x0021,
    0x0021, 0x0001, 0x0021, 0x0021, 0x0001, 0x0021, 0x0883, 0x0042, 0x0001, 0x0001, 0x0001, 0x0001,
    0x0001, 0x0001, 0x0001, 0x0021, 0x0001, 0x0001, 0x0021, 0x0001, 0x0022, 0x0042, 0x0001, 0x0022,
    0x0022, 0x0001, 0x0022, 0x0021, 0x0001, 0x0042, 0x0021, 0x0021, 0x0021, 0x0021, 0x0021, 0x0021,
    0x0021, 0x0021, 0x0042, 0x0021, 0x0021, 0x0042, 0x0042, 0x0042, 0x0042, 0x0041, 0x0021, 0x0021,
    0x0021, 0x0021, 0x0021, 0x0021, 0x0041, 0x0021, 0x0021, 0x0041, 0x0041, 0x0021, 0x0021, 0x0041,
    0x0041, 0x0041, 0x0041, 0x0042, 0x0041, 0x0041, 0x0021, 0x0021, 0x0021, 0x0021, 0x0021, 0x0021,
    0x0021, 0x0021, 0x0021, 0x0042, 0x0042, 0x0042, 0x0021, 0x0021, 0x0021, 0x0021, 0x0021, 0x0021,
    0x0021, 0x0021, 0x0021, 0x0021, 0x0001, 0x0021, 0x0022, 0x0001, 0x0042, 0x0001, 0x0001, 0x0022,
    0x0001, 0x0021, 0x0022, 0x0000, 0x0021, 0x0021, 0x0001, 0x0021, 0x0001, 0x0001, 0x0001, 0x0001,
    0x0001, 0x0001, 0x0001, 0x0001, 0x0062, 0x0883, 0x0021, 0x0001, 0x0021, 0x0001, 0x0001, 0x0042,
    0x0021, 0x0001, 0x0021, 0x0001, 0x0021, 0x0021, 0x0021, 0x0001, 0x18A2, 0x18A2, 0x0001, 0x0001,
    0x0001, 0x0001, 0x0001, 0x0001, 0x0001, 0x0001, 0x0001, 0x0001, 0x0001, 0x0001, 0x0021, 0x0021,
    0x0021, 0x0083, 0x0022, 0x0022, 0x0083, 0x0042, 0x0042, 0x0042, 0x0063, 0x0042, 0x0042, 0x0062,
    0x0062, 0x0063, 0x0063, 0x0927, 0x0063, 0x00A4, 0x00A5, 0x00A5, 0x120B, 0x00A5, 0x00C6, 0x0129,
    0x873E, 0x4455, 0x0066, 0x00A5, 0x0043, 0x0022, 0x0042, 0x0022, 0x0001, 0x0001, 0x0001, 0x0000,
    0x0000, 0x0001, 0x0001, 0x0021, 0x0042, 0x0064, 0x19EB, 0x0907, 0x00A5, 0x00C7, 0x1A6E, 0x120C,
    0x00A6, 0x0084, 0x00E6, 0x0988, 0x0043, 0x00A4, 0x0042, 0x00A4, 0x08E5, 0x0042, 0x0062, 0x0042,
    0x0042, 0x0062, 0x0042, 0x0083, 0x0042, 0x0042, 0x0063, 0x0063, 0x0022, 0x0042, 0x0083, 0x0063,
    0x0063, 0x0063, 0x0063, 0x0063, 0x0063, 0x0063, 0x0063, 0x0063, 0x0042, 0x0042, 0x0042, 0x0042,
    0x0042, 0x0042, 0x0042, 0x2125, 0x10A3, 0x0021, 0x0042, 0x0062, 0x0042, 0x0062, 0x0062, 0x0042,
    0x0063, 0x10A3, 0x0842, 0x0021, 0x0001, 0x0000, 0x0000, 0x0042, 0x0042, 0x0001, 0x0001, 0x0001,
    0x0001, 0x0001, 0x0000, 0x08E6, 0x0063, 0x0000, 0x1127, 0x0022, 0x0042, 0x08E5, 0x0000, 0x08C5,
    0x08C6, 0x0000, 0x08E6, 0x0083, 0x0000, 0x0907, 0x0042, 0x0001, 0x0021, 0x0021, 0x0021, 0x0021,
    0x0021, 0x0021, 0x0042, 0x0021, 0x0022, 0x0042, 0x0042, 0x0042, 0x0021, 0x0041, 0x0041, 0x0021,
    0x0041, 0x0021, 0x0042, 0x0041, 0x0041, 0x0041, 0x0041, 0x0041, 0x0041, 0x0041, 0x0041, 0x10A3,
    0x1082, 0x0042, 0x0041, 0x0041, 0x0041, 0x0842, 0x0041, 0x0041, 0x0041, 0x0042, 0x0021, 0x0021,
    0x0021, 0x0021, 0x0021, 0x0021, 0x0042, 0x0042, 0x0042, 0x0021, 0x0021, 0x0021, 0x0021, 0x0021,
    0x0021, 0x0021, 0x0021, 0x0021, 0x0000, 0x08C5, 0x08C5, 0x0000, 0x0906, 0x0063, 0x0001, 0x0927,
    0x0001, 0x0063, 0x1106, 0x0000, 0x08E6, 0x08A5, 0x0000, 0x0906, 0x0063, 0x0000, 0x0001, 0x0001,
    0x0001, 0x0001, 0x0001, 0x0063, 0x0042, 0x0000, 0x0001, 0x0001, 0x0001, 0x1062, 0x0883, 0x0042,
    0x0042, 0x0862, 0x0062, 0x0063, 0x0062, 0x0042, 0x0021, 0x18C3, 0x18C3, 0x0021, 0x0042, 0x0042,
    0x0042, 0x0042, 0x0042, 0x0042, 0x0063, 0x0062, 0x0062, 0x0063, 0x0063, 0x0063, 0x0063, 0x0063,
    0x0083, 0x0083, 0x0022, 0x0042, 0x0083, 0x0042, 0x0042, 0x0042, 0x0063, 0x0042, 0x0042, 0x0042,
    0x0042, 0x0042, 0x0042, 0x0906, 0x0063, 0x0083, 0x00A4, 0x0084, 0x11EA, 0x0084, 0x00A5, 0x00C6,
    0x22AE, 0x11CB, 0x00A6, 0x0084, 0x1169, 0x1189, 0x0022, 0x0042, 0x0001, 0x0001, 0x0000, 0x0000,
    0x0000, 0x0001, 0x0001, 0x0021, 0x0042, 0x0084, 0x4D5A, 0x11CB, 0x0043, 0x0084, 0x00A6, 0x00A5,
    0x0084, 0x0063, 0x00E5, 0x0968, 0x0042, 0x00A4, 0x0042, 0x0084, 0x00C5, 0x0022, 0x0042, 0x0042,
    0x0042, 0x0001, 0x0042, 0x0021, 0x0022, 0x0021, 0x0021, 0x0063, 0x0001, 0x0022, 0x0022, 0x0022,
    0x0022, 0x0021, 0x0021, 0x0021, 0x0021, 0x0021, 0x0021, 0x0042, 0x0042, 0x0001, 0x0021, 0x0021,
    0x0001, 0x0021, 0x0001, 0x0001, 0x2103, 0x0862, 0x0001, 0x0022, 0x0021, 0x0021, 0x0021, 0x0021,
    0x0021, 0x0862, 0x0862, 0x1082, 0x0841, 0x0862, 0x0021, 0x0001, 0x0042, 0x0022, 0x0001, 0x0001,
    0x0001, 0x0001, 0x0001, 0x0001, 0x0001, 0x0001, 0x0001, 0x0001, 0x0000, 0x0000, 0x0001, 0x0001,
    0x0001, 0x0001, 0x0000, 0x0001, 0x0001, 0x0001, 0x0001, 0x0001, 0x0001, 0x0001, 0x0001, 0x0001,
    0x0001, 0x0021, 0x0021, 0x0021, 0x0001, 0x0001, 0x0021, 0x0001, 0x0001, 0x0001, 0x0021, 0x0021,
    0x0021, 0x0001, 0x1082, 0x0862, 0x1082, 0x1082, 0x1082, 0x0861, 0x1081, 0x2924, 0x0862, 0x3165,
    0x18C3, 0x1082, 0x18A2, 0x1082, 0x0861, 0x18C2, 0x0862, 0x1082, 0x1062, 0x0862, 0x0001, 0x0001,
    0x0021, 0x0001, 0x0001, 0x0001, 0x0001, 0x0021, 0x0001, 0x0001, 0x0021, 0x0021, 0x0001, 0x0001,
    0x0001, 0x0001, 0x0001, 0x0001, 0x0001, 0x0001, 0x0001, 0x0001, 0x0000, 0x0001, 0x0001, 0x0001,
    0x0001, 0x0000, 0x0000, 0x0001, 0x0001, 0x0001, 0x0001, 0x0000, 0x0001, 0x0001, 0x0001, 0x0001,
    0x0001, 0x0001, 0x0063, 0x0022, 0x0000, 0x0042, 0x0862, 0x0842, 0x1082, 0x18A2, 0x0021, 0x0021,
    0x0021, 0x0021, 0x0022, 0x0021, 0x0021, 0x0001, 0x1082, 0x1082, 0x0001, 0x0021, 0x0001, 0x0021,
    0x0021, 0x0001, 0x0001, 0x0063, 0x0022, 0x0021, 0x0021, 0x0021, 0x0021, 0x0021, 0x0021, 0x0021,
    0x0022, 0x0022, 0x0021, 0x0001, 0x0063, 0x0000, 0x0042, 0x0021, 0x0022, 0x0042, 0x0001, 0x0042,
    0x0042, 0x0042, 0x0042, 0x08E6, 0x0042, 0x0063, 0x0084, 0x0084, 0x11A9, 0x0063, 0x0083, 0x0083,
    0x00C6, 0x00A5, 0x0084, 0x0002, 0x2B92, 0x3C15, 0x0002, 0x0042, 0x0021, 0x0001, 0x0000, 0x0000,
    0x0000, 0x0001, 0x0001, 0x0021, 0x0042, 0x0042, 0x00A5, 0x0064, 0x0063, 0x0043, 0x08C5, 0x00A4,
    0x0062, 0x0042, 0x00C4, 0x0947, 0x0022, 0x0084, 0x0022, 0x0083, 0x00A4, 0x0022, 0x0042, 0x0021,
    0x00A4, 0x11EB, 0x0001, 0x1189, 0x00A4, 0x0084, 0x1189, 0x0021, 0x0907, 0x0042, 0x0021, 0x0021,
    0x0021, 0x0021, 0x0021, 0x0021, 0x0021, 0x0001, 0x0021, 0x0001, 0x0042, 0x0042, 0x0001, 0x0001,
    0x0001, 0x0001, 0x0001, 0x0001, 0x0001, 0x20E3, 0x0841, 0x0001, 0x0001, 0x0001, 0x0001, 0x0001,
    0x0001, 0x0001, 0x0001, 0x0001, 0x0021, 0x0021, 0x0063, 0x0021, 0x0000, 0x0042, 0x0042, 0x0001,
    0x0001, 0x0001, 0x0001, 0x0021, 0x0001, 0x0001, 0x0022, 0x0001, 0x0001, 0x0022, 0x0001, 0x0000,
    0x0000, 0x0001, 0x0022, 0x0001, 0x0000, 0x0021, 0x0001, 0x0001, 0x0001, 0x0001, 0x0001, 0x0001,
    0x0001, 0x0021, 0x0021, 0x0001, 0x0841, 0x18A2, 0x18A2, 0x1882, 0x1082, 0x1082, 0x1082, 0x1082,
    0x1082, 0x1082, 0x1082, 0x1082, 0x1082, 0x1061, 0x1061, 0x1062, 0x1082, 0x18C3, 0x1082, 0x5247,
    0x3164, 0x0861, 0x1082, 0x1082, 0x1062, 0x1082, 0x1082, 0x1082, 0x1062, 0x1082, 0x1082, 0x1082,
    0x1082, 0x18A2, 0x18A2, 0x1082, 0x1082, 0x18A2, 0x18A2, 0x0021, 0x0001, 0x0021, 0x0021, 0x0021,
    0x0001, 0x0001, 0x0001, 0x0001, 0x0001, 0x0021, 0x0001, 0x0001, 0x0022, 0x0002, 0x0001, 0x0000,
    0x0000, 0x0001, 0x0021, 0x0001, 0x0001, 0x0000, 0x0000, 0x0022, 0x0001, 0x0001, 0x0001, 0x0001,
    0x0001, 0x0062, 0x0022, 0x0000, 0x0022, 0x0042, 0x0001, 0x0021, 0x0021, 0x0001, 0x0001, 0x0001,
    0x0001, 0x0001, 0x0001, 0x0001, 0x0000, 0x18A2, 0x10A2, 0x0001, 0x0001, 0x0001, 0x0001, 0x0001,
    0x0001, 0x0001, 0x0062, 0x0021, 0x0001, 0x0001, 0x0021, 0x0001, 0x0001, 0x0001, 0x0021, 0x0021,
    0x0021, 0x0001, 0x0084, 0x0907, 0x0042, 0x11CA, 0x0021, 0x0948, 0x0926, 0x0042, 0x11AA, 0x0022,
    0x0042, 0x0042, 0x0042, 0x08C5, 0x0042, 0x0063, 0x0083, 0x0063, 0x1188, 0x0042, 0x0063, 0x0042,
    0x08C5, 0x00A4, 0x0042, 0x0063, 0x0085, 0x0085, 0x0042, 0x0022, 0x0001, 0x0001, 0x0000, 0x0000,
    0x0000, 0x0001, 0x0001, 0x0021, 0x0021, 0x0022, 0x0063, 0x0042, 0x0042, 0x0021, 0x0906, 0x08A4,
    0x0042, 0x0042, 0x00A4, 0x0926, 0x0022, 0x0083, 0x0022, 0x0063, 0x0083, 0x0021, 0x0042, 0x0021,
    0x0063, 0x0927, 0x0021, 0x0906, 0x0063, 0x0083, 0x0927, 0x0042, 0x00A5, 0x0042, 0x0021, 0x0021,
    0x0021, 0x0001, 0x0001, 0x0001, 0x0021, 0x0001, 0x0001, 0x0001, 0x0001, 0x0042, 0x0042, 0x0021,
    0x0021, 0x0021, 0x0021, 0x0021, 0x0021, 0x0021, 0x2924, 0x18A2, 0x0021, 0x0021, 0x0021, 0x0021,
    0x0021, 0x0021, 0x0021, 0x0021, 0x0021, 0x0021, 0x0041, 0x0862, 0x0021, 0x0000, 0x0042, 0x0042,
    0x0001, 0x0001, 0x0000, 0x08E5, 0x0063, 0x0000, 0x1106, 0x0021, 0x0042, 0x08E6, 0x0000, 0x08A4,
    0x08A4, 0x0000, 0x08E6, 0x0063, 0x0000, 0x0927, 0x0042, 0x0001, 0x0001, 0x0021, 0x0021, 0x0021,
    0x0021, 0x0022, 0x0021, 0x0862, 0x20E3, 0x0862, 0x0862, 0x0842, 0x0841, 0x0841, 0x0841, 0x0841,
    0x0841, 0x0841, 0x0842, 0x0041, 0x0041, 0x0041, 0x0842, 0x0862, 0x0883, 0x0883, 0x0862, 0x2123,
    0x18C3, 0x0862, 0x0862, 0x0862, 0x0862, 0x0862, 0x0041, 0x0041, 0x0841, 0x0841, 0x0841, 0x0841,
    0x0841, 0x0842, 0x0842, 0x0841, 0x0842, 0x0842, 0x1082, 0x20E3, 0x0021, 0x0021, 0x0022, 0x0021,
    0x0021, 0x0021, 0x0021, 0x0021, 0x0000, 0x08C5, 0x08C5, 0x0000, 0x1107, 0x0063, 0x0000, 0x0906,
    0x0000, 0x0042, 0x08E6, 0x0000, 0x08C5, 0x0883, 0x0000, 0x0906, 0x0063, 0x0000, 0x0001, 0x0001,
    0x0062, 0x0021, 0x0000, 0x0842, 0x0842, 0x0021, 0x0021, 0x0021, 0x0021, 0x0021, 0x0021, 0x0021,
    0x0021, 0x0021, 0x0021, 0x0021, 0x20E3, 0x18C2, 0x0001, 0x0021, 0x0021, 0x0021, 0x0021, 0x0021,
    0x0021, 0x0042, 0x0021, 0x0001, 0x0001, 0x0001, 0x0001, 0x0001, 0x0001, 0x0001, 0x0021, 0x0021,
    0x0021, 0x0021, 0x0063, 0x00C5, 0x0042, 0x0948, 0x0022, 0x08E6, 0x08E5, 0x0042, 0x0927, 0x0021,
    0x0042, 0x0042, 0x0022, 0x00A4, 0x0022, 0x0063, 0x0063, 0x0063, 0x1147, 0x0042, 0x0042, 0x0022,
    0x10E5, 0x08A4, 0x0022, 0x0042, 0x0063, 0x0063, 0x0022, 0x0021, 0x0001, 0x0001, 0x0000, 0x0000,
    0x0000, 0x0001, 0x0001, 0x0001, 0x0021, 0x0022, 0x0063, 0x0022, 0x0022, 0x0021, 0x00A4, 0x0063,
    0x0022, 0x0022, 0x0083, 0x0906, 0x0021, 0x0063, 0x0022, 0x0042, 0x0063, 0x0021, 0x0042, 0x0022,
    0x0021, 0x0000, 0x08A4, 0x0042, 0x0083, 0x08A5, 0x0042, 0x08E5, 0x0000, 0x0021, 0x0001, 0x0021,
    0x0001, 0x0001, 0x0001, 0x0001, 0x0001, 0x0001, 0x0001, 0x0001, 0x0001, 0x0001, 0x0042, 0x0042,
    0x0042, 0x0042, 0x0042, 0x0042, 0x0042, 0x0042, 0x0882, 0x20E3, 0x1061, 0x1082, 0x1062, 0x1082,
    0x1082, 0x1082, 0x1082, 0x1082, 0x1082, 0x1082, 0x1082, 0x1062, 0x2924, 0x10A2, 0x0000, 0x0042,
    0x0042, 0x0001, 0x0001, 0x0001, 0x0001, 0x0001, 0x0001, 0x0001, 0x0001, 0x0000, 0x0001, 0x0001,
    0x0001, 0x0001, 0x0001, 0x0001, 0x0001, 0x0021, 0x0001, 0x0001, 0x0001, 0x0001, 0x0001, 0x0001,
    0x0001, 0x0001, 0x0042, 0x18C3, 0x0021, 0x0001, 0x0001, 0x0001, 0x0001, 0x0001, 0x0001, 0x0001,
    0x0021, 0x0021, 0x0021, 0x0021, 0x0021, 0x0021, 0x0042, 0x0042, 0x0062, 0x0063, 0x0083, 0x0042,
    0x0062, 0x0083, 0x0062, 0x0062, 0x0042, 0x0021, 0x0021, 0x0021, 0x0021, 0x0021, 0x0021, 0x0001,
    0x0021, 0x0021, 0x0001, 0x0001, 0x0001, 0x0021, 0x0001, 0x0861, 0x18A3, 0x0021, 0x0001, 0x0021,
    0x0001, 0x0001, 0x0001, 0x0001, 0x0001, 0x0001, 0x0021, 0x0001, 0x0021, 0x0001, 0x0001, 0x0001,
    0x0001, 0x0000, 0x0000, 0x0001, 0x0001, 0x0001, 0x0001, 0x0001, 0x0001, 0x0001, 0x0001, 0x0062,
    0x0021, 0x0000, 0x3164, 0x20E3, 0x1062, 0x1082, 0x1061, 0x1061, 0x1061, 0x1061, 0x1062, 0x1082,
    0x1082, 0x1062, 0x1062, 0x1082, 0x20E3, 0x0042, 0x0042, 0x0042, 0x0042, 0x0042, 0x0042, 0x0042,
    0x0042, 0x0021, 0x0001, 0x0001, 0x0001, 0x0001, 0x0001, 0x0001, 0x0001, 0x0001, 0x0001, 0x0001,
    0x0021, 0x0001, 0x0001, 0x0000, 0x1126, 0x0002, 0x00A4, 0x0022, 0x0063, 0x0042, 0x0000, 0x0022,
    0x0021, 0x0022, 0x0021, 0x0083, 0x0022, 0x0042, 0x0063, 0x0042, 0x0926, 0x0022, 0x0042, 0x0021,
    0x08C4, 0x0883, 0x0021, 0x0022, 0x0042, 0x0042, 0x0001, 0x0021, 0x0001, 0x0001, 0x0000, 0x0000,
    0x0000, 0x0000, 0x0001, 0x0001, 0x0001, 0x0021, 0x0042, 0x0021, 0x0022, 0x0001, 0x08A4, 0x0063,
    0x0021, 0x0021, 0x0063, 0x08E5, 0x0001, 0x0063, 0x0021, 0x0042, 0x0042, 0x0021, 0x0022, 0x0022,
    0x0022, 0x0022, 0x0001, 0x0042, 0x0022, 0x0022, 0x0063, 0x0001, 0x0063, 0x0042, 0x0883, 0x0001,
    0x0883, 0x0001, 0x0062, 0x0062, 0x0001, 0x0021, 0x0001, 0x0001, 0x0001, 0x0001, 0x0001, 0x0000,
    0x0001, 0x0001, 0x0001, 0x0001, 0x0001, 0x0001, 0x0000, 0x0000, 0x0001, 0x0001, 0x0001, 0x0001,
    0x0000, 0x0000, 0x0001, 0x0001, 0x0001, 0x0001, 0x0001, 0x0001, 0x0001, 0x0862, 0x0042, 0x0000,
    0x0042, 0x0042, 0x0001, 0x0000, 0x0000, 0x0001, 0x0022, 0x0001, 0x0000, 0x0000, 0x0001, 0x0001,
    0x0001, 0x0001, 0x0001, 0x0001, 0x0001, 0x0001, 0x0001, 0x0001, 0x0001, 0x0001, 0x0001, 0x0001,
    0x0001, 0x0021, 0x10A3, 0x0001, 0x0001, 0x0001, 0x0001, 0x0021, 0x0021, 0x0021, 0x0021, 0x0042,
    0x0042, 0x0042, 0x0042, 0x0042, 0x0042, 0x0063, 0x00A4, 0x00A4, 0x00A4, 0x08E6, 0x0906, 0x19C9,
    0x1188, 0x0907, 0x0906, 0x08C5, 0x00A4, 0x0083, 0x0063, 0x0042, 0x0042, 0x0042, 0x0042, 0x0042,
    0x0042, 0x0021, 0x0021, 0x0021, 0x0021, 0x0021, 0x0001, 0x0001, 0x0842, 0x10A3, 0x0001, 0x0001,
    0x0001, 0x0001, 0x0001, 0x0001, 0x0001, 0x0001, 0x0001, 0x0001, 0x0001, 0x0001, 0x0001, 0x0001,
    0x0001, 0x0001, 0x0000, 0x0000, 0x0001, 0x0002, 0x0001, 0x0000, 0x0000, 0x0001, 0x0063, 0x0021,
    0x0000, 0x0042, 0x0862, 0x0001, 0x0001, 0x0001, 0x0001, 0x0001, 0x0001, 0x0001, 0x0000, 0x0001,
    0x0001, 0x0000, 0x0001, 0x0001, 0x0000, 0x0000, 0x0000, 0x0000, 0x0001, 0x0000, 0x0000, 0x0000,
    0x0000, 0x0001, 0x0001, 0x0001, 0x0001, 0x0001, 0x0042, 0x0001, 0x0062, 0x0021, 0x0021, 0x0042,
    0x0001, 0x0884, 0x0021, 0x0062, 0x0021, 0x0062, 0x0001, 0x0042, 0x0022, 0x0001, 0x0022, 0x0021,
    0x0021, 0x0021, 0x0021, 0x0063, 0x0022, 0x0042, 0x0042, 0x0042, 0x0906, 0x0021, 0x0042, 0x0021,
    0x10C4, 0x0883, 0x0001, 0x0021, 0x0021, 0x0021, 0x0001, 0x0001, 0x0001, 0x0000, 0x0000, 0x0000,
    0x0000, 0x0000, 0x0000, 0x0022, 0x0042, 0x0001, 0x0906, 0x0042, 0x0021, 0x0001, 0x08A3, 0x0062,
    0x0021, 0x0021, 0x0062, 0x08A4, 0x0001, 0x0063, 0x0021, 0x0022, 0x0042, 0x0021, 0x0021, 0x0021,
    0x0021, 0x0021, 0x0001, 0x0906, 0x0063, 0x0022, 0x0906, 0x0000, 0x0906, 0x0062, 0x08C5, 0x0001,
    0x1126, 0x0021, 0x10E5, 0x10E5, 0x0021, 0x1106, 0x18A2, 0x0042, 0x0022, 0x0021, 0x0021, 0x0062,
    0x0863, 0x0042, 0x0042, 0x0042, 0x0042, 0x0042, 0x0042, 0x0042, 0x0042, 0x0042, 0x0042, 0x0042,
    0x0042, 0x0042, 0x0001, 0x0021, 0x0021, 0x0021, 0x0021, 0x0021, 0x0021, 0x0001, 0x0062, 0x0042,
    0x0000, 0x0042, 0x0042, 0x0862, 0x0042, 0x0842, 0x1126, 0x0001, 0x0883, 0x08E6, 0x0000, 0x0001,
    0x0001, 0x0001, 0x0001, 0x0001, 0x0001, 0x0001, 0x0001, 0x0001, 0x0001, 0x0021, 0x0021, 0x0021,
    0x0042, 0x08A3, 0x0021, 0x0021, 0x0021, 0x0022, 0x0042, 0x0042, 0x0042, 0x0042, 0x0062, 0x0062,
    0x0063, 0x0063, 0x0083, 0x0083, 0x0084, 0x00A4, 0x00C5, 0x08E6, 0x0906, 0x0927, 0x09AA, 0x2B31,
    0x1A6E, 0x09AA, 0x098A, 0x0907, 0x00C5, 0x00C5, 0x0084, 0x0083, 0x0083, 0x0083, 0x0063, 0x0063,
    0x0062, 0x0042, 0x0042, 0x0042, 0x0042, 0x0022, 0x0021, 0x0021, 0x0021, 0x0042, 0x0883, 0x0021,
    0x0021, 0x0021, 0x0001, 0x0001, 0x0001, 0x0001, 0x0001, 0x0001, 0x0001, 0x0001, 0x0001, 0x0001,
    0x0000, 0x0042, 0x0906, 0x0000, 0x0883, 0x08C5, 0x0021, 0x0883, 0x0042, 0x0042, 0x0021, 0x0000,
    0x0042, 0x0042, 0x0001, 0x0021, 0x0021, 0x0021, 0x0001, 0x0001, 0x0001, 0x0001, 0x0862, 0x0042,
    0x0042, 0x0042, 0x0042, 0x0042, 0x0042, 0x0042, 0x0042, 0x0042, 0x0042, 0x0042, 0x0042, 0x0883,
    0x0042, 0x0021, 0x0021, 0x0021, 0x0862, 0x10A3, 0x1106, 0x0001, 0x10E5, 0x0063, 0x0063, 0x08C4,
    0x0000, 0x08E5, 0x0042, 0x08C5, 0x0001, 0x1106, 0x0000, 0x08A4, 0x08A4, 0x0001, 0x0021, 0x0001,
    0x0021, 0x0021, 0x0021, 0x0063, 0x0021, 0x0042, 0x0042, 0x0022, 0x08E5, 0x0021, 0x0041, 0x0021,
    0x10A3, 0x0882, 0x0021, 0x0001, 0x0883, 0x08C5, 0x0000, 0x0042, 0x0001, 0x0000, 0x0000, 0x0000,
    0x0000, 0x0000, 0x0000, 0x0022, 0x0022, 0x0001, 0x0062, 0x0021, 0x0021, 0x0021, 0x10C4, 0x0862,
    0x0021, 0x0001, 0x0042, 0x00A4, 0x0001, 0x0063, 0x0001, 0x0022, 0x0042, 0x0001, 0x0021, 0x0021,
    0x0021, 0x0021, 0x0021, 0x0001, 0x0001, 0x0001, 0x0000, 0x0001, 0x0001, 0x0000, 0x0000, 0x0001,
    0x0001, 0x0001, 0x0001, 0x0000, 0x0041, 0x0862, 0x0021, 0x0001, 0x0001, 0x0882, 0x0042, 0x0063,
    0x0021, 0x0021, 0x0021, 0x0021, 0x0021, 0x0021, 0x0021, 0x0021, 0x0021, 0x0021, 0x0021, 0x0021,
    0x0021, 0x0021, 0x0021, 0x0021, 0x0022, 0x0022, 0x0022, 0x0042, 0x0021, 0x0021, 0x0001, 0x0042,
    0x0021, 0x0001, 0x0001, 0x0063, 0x0042, 0x0001, 0x0021, 0x0001, 0x0001, 0x0021, 0x0000, 0x0001,
    0x0001, 0x0001, 0x0001, 0x0001, 0x0001, 0x0001, 0x0001, 0x0001, 0x0001, 0x0021, 0x0001, 0x0042,
    0x0883, 0x0021, 0x0001, 0x0021, 0x0001, 0x0001, 0x0001, 0x0001, 0x0001, 0x0021, 0x0022, 0x0022,
    0x0042, 0x0042, 0x0042, 0x0063, 0x0084, 0x0084, 0x00C5, 0x00E6, 0x0928, 0x0969, 0x0A6E, 0x4496,
    0x3435, 0x0A4E, 0x098A, 0x0128, 0x00E6, 0x00A5, 0x0084, 0x0063, 0x0063, 0x0042, 0x0042, 0x0022,
    0x0021, 0x0021, 0x0001, 0x0001, 0x0001, 0x0001, 0x0001, 0x0001, 0x0021, 0x0001, 0x0021, 0x10A3,
    0x0021, 0x0001, 0x0001, 0x0001, 0x0001, 0x0001, 0x0001, 0x0001, 0x0001, 0x0001, 0x0000, 0x0000,
    0x0001, 0x0001, 0x0021, 0x0001, 0x0000, 0x0020, 0x0000, 0x0042, 0x0021, 0x0001, 0x0000, 0x0042,
    0x0042, 0x0001, 0x0021, 0x0022, 0x0042, 0x0022, 0x0021, 0x0021, 0x0021, 0x0021, 0x0021, 0x0021,
    0x0021, 0x0021, 0x0021, 0x0021, 0x0021, 0x0021, 0x0021, 0x0021, 0x0021, 0x0021, 0x0021, 0x0042,
    0x0062, 0x0042, 0x0042, 0x0001, 0x0021, 0x0021, 0x0062, 0x0042, 0x0001, 0x0001, 0x0001, 0x0001,
    0x0000, 0x0000, 0x0001, 0x0001, 0x0001, 0x0001, 0x0001, 0x0001, 0x0001, 0x0001, 0x0001, 0x0001,
    0x0001, 0x0001, 0x0001, 0x0042, 0x0001, 0x0042, 0x0042, 0x0022, 0x08C5, 0x0021, 0x0021, 0x0021,
    0x18E3, 0x18C3, 0x0021, 0x0021, 0x0041, 0x0042, 0x0001, 0x0042, 0x0001, 0x0000, 0x0000, 0x0000,
    0x0000, 0x0000, 0x0000, 0x0021, 0x0021, 0x0001, 0x0021, 0x0021, 0x0841, 0x0821, 0x0021, 0x0862,
    0x0021, 0x0021, 0x0042, 0x0083, 0x0001, 0x0063, 0x0001, 0x0021, 0x0022, 0x0001, 0x0001, 0x0001,
    0x0001, 0x0001, 0x0001, 0x0001, 0x0001, 0x0001, 0x0001, 0x0001, 0x0001, 0x0042, 0x0883, 0x0000,
    0x0883, 0x0001, 0x0042, 0x0883, 0x0041, 0x0000, 0x0001, 0x0001, 0x0862, 0x0862, 0x0043, 0x0001,
    0x0001, 0x0001, 0x0001, 0x0000, 0x0000, 0x0001, 0x0001, 0x0001, 0x0001, 0x0001, 0x0001, 0x0000,
    0x0001, 0x0021, 0x0001, 0x0000, 0x0001, 0x0001, 0x0002, 0x0001, 0x0022, 0x0022, 0x0021, 0x0001,
    0x0042, 0x0001, 0x0000, 0x0001, 0x0022, 0x0000, 0x0000, 0x0001, 0x0000, 0x0000, 0x0000, 0x0000,
    0x0000, 0x0001, 0x0001, 0x0001, 0x0001, 0x0001, 0x0001, 0x0001, 0x0001, 0x0000, 0x0021, 0x0882,
    0x0021, 0x0001, 0x0021, 0x0000, 0x0063, 0x00A4, 0x00A4, 0x0083, 0x0083, 0x00A4, 0x08A4, 0x00A4,
    0x08C5, 0x08C5, 0x08E5, 0x08E6, 0x0927, 0x0927, 0x0968, 0x0968, 0x11EB, 0x122D, 0x12CF, 0x3C76,
    0x3456, 0x12B0, 0x11EB, 0x11CB, 0x0989, 0x0927, 0x0927, 0x0927, 0x0906, 0x08C5, 0x00C5, 0x00A4,
    0x08A4, 0x08A4, 0x00A4, 0x00A4, 0x0084, 0x0084, 0x08A4, 0x0022, 0x0000, 0x0021, 0x0000, 0x0021,
    0x1083, 0x0001, 0x0001, 0x0001, 0x0001, 0x0001, 0x0001, 0x0001, 0x0001, 0x0001, 0x0000, 0x0001,
    0x0001, 0x0000, 0x0000, 0x0000, 0x0000, 0x0000, 0x0000, 0x0001, 0x0001, 0x0000, 0x0022, 0x0022,
    0x0001, 0x0021, 0x0022, 0x0001, 0x0001, 0x0001, 0x0001, 0x0000, 0x0000, 0x0001, 0x0001, 0x0001,
    0x0000, 0x0001, 0x0001, 0x0001, 0x0001, 0x0000, 0x0000, 0x0000, 0x0001, 0x0001, 0x0001, 0x0000,
    0x0021, 0x0063, 0x0862, 0x0042, 0x0000, 0x0000, 0x0021, 0x0042, 0x0883, 0x0021, 0x0042, 0x0863,
    0x0000, 0x0863, 0x0001, 0x0001, 0x0001, 0x0001, 0x0001, 0x0001, 0x0001, 0x0001, 0x0001, 0x0001,
    0x0001, 0x0001, 0x0001, 0x0042, 0x0001, 0x0022, 0x0042, 0x0021, 0x08C4, 0x0021, 0x0041, 0x0841,
    0x1082, 0x0820, 0x0841, 0x0841, 0x0021, 0x0001, 0x0001, 0x0021, 0x0001, 0x0000, 0x0000, 0x0000,
    0x0000, 0x0000, 0x0000, 0x0021, 0x0021, 0x0001, 0x10C4, 0x0842, 0x0021, 0x3123, 0x9C4D, 0x1881,
    0x0841, 0x0021, 0x0042, 0x0083, 0x0001, 0x0062, 0x0001, 0x0021, 0x0021, 0x0001, 0x0001, 0x0001,
    0x0001, 0x0001, 0x0001, 0x0001, 0x0001, 0x0001, 0x0001, 0x0001, 0x0000, 0x0042, 0x08A4, 0x0000,
    0x08C4, 0x0001, 0x0883, 0x08C4, 0x0000, 0x0001, 0x0001, 0x0862, 0x0042, 0x0042, 0x0001, 0x0001,
    0x0042, 0x0022, 0x0021, 0x0022, 0x0022, 0x0042, 0x0022, 0x0042, 0x0042, 0x0042, 0x0042, 0x0883,
    0x0021, 0x0001, 0x0905, 0x1187, 0x1187, 0x1188, 0x1189, 0x22EF, 0x08E6, 0x0001, 0x0021, 0x0001,
    0x0000, 0x1147, 0x0883, 0x0000, 0x0022, 0x11CA, 0x0042, 0x0821, 0x0821, 0x0000, 0x0000, 0x0000,
    0x0000, 0x0000, 0x0000, 0x0000, 0x0000, 0x0000, 0x0000, 0x0000, 0x0000, 0x0021, 0x0862, 0x0021,
    0x0001, 0x0021, 0x0000, 0x08C5, 0x0927, 0x00A4, 0x08C4, 0x08A4, 0x08A4, 0x00A4, 0x08C5, 0x08C5,
    0x08C5, 0x08E5, 0x0907, 0x0926, 0x0906, 0x0948, 0x0968, 0x0947, 0x11EB, 0x122D, 0x124E, 0x2310,
    0x1AF1, 0x122D, 0x11AA, 0x1189, 0x0968, 0x0968, 0x0927, 0x0927, 0x0927, 0x08E6, 0x08C5, 0x08C5,
    0x08C5, 0x08C5, 0x08C4, 0x00A4, 0x08A4, 0x08A4, 0x08C4, 0x0968, 0x0042, 0x0001, 0x0001, 0x0001,
    0x0021, 0x0862, 0x0001, 0x0001, 0x0001, 0x0000, 0x0000, 0x0000, 0x0000, 0x0000, 0x0000, 0x0000,
    0x0000, 0x0000, 0x0000, 0x0841, 0x0000, 0x08E5, 0x0927, 0x0000, 0x0000, 0x1127, 0x08A4, 0x0000,
    0x0001, 0x0022, 0x0021, 0x19EA, 0x226D, 0x1168, 0x1167, 0x0947, 0x0967, 0x08A4, 0x0001, 0x0041,
    0x0862, 0x0021, 0x0042, 0x0022, 0x0021, 0x0021, 0x0021, 0x0021, 0x0021, 0x0021, 0x0042, 0x0022,
    0x0000, 0x0021, 0x0063, 0x0062, 0x0042, 0x0000, 0x0001, 0x0000, 0x08E5, 0x0042, 0x0042, 0x08A4,
    0x0000, 0x08A4, 0x0021, 0x0001, 0x0001, 0x0001, 0x0001, 0x0001, 0x0001, 0x0001, 0x0001, 0x0001,
    0x0001, 0x0001, 0x0001, 0x0022, 0x0001, 0x0022, 0x0042, 0x0021, 0x08A4, 0x0021, 0x0841, 0x0020,
    0x4A06, 0x940D, 0x1041, 0x0821, 0x08A3, 0x08A3, 0x0000, 0x0022, 0x0001, 0x0000, 0x0000, 0x0000,
    0x0000, 0x0000, 0x0000, 0x0021, 0x0021, 0x0001, 0x0042, 0x0021, 0x0821, 0x2903, 0x83AB, 0x1082,
    0x0821, 0x0021, 0x0042, 0x0083, 0x0001, 0x0042, 0x0001, 0x0021, 0x0021, 0x0001, 0x0001, 0x0001,
    0x0001, 0x0001, 0x0001, 0x0001, 0x0001, 0x0001, 0x0001, 0x0001, 0x0001, 0x0000, 0x0000, 0x0001,
    0x0000, 0x0000, 0x0000, 0x0000, 0x0001, 0x0001, 0x0042, 0x0862, 0x0042, 0x0001, 0x0001, 0x0042,
    0x0021, 0x0021, 0x0021, 0x0021, 0x0021, 0x0021, 0x0021, 0x0021, 0x0021, 0x0021, 0x0021, 0x0862,
    0x0021, 0x0001, 0x0946, 0x11A8, 0x11C9, 0x11C9, 0x11A9, 0x2B30, 0x08E6, 0x0001, 0x0021, 0x0001,
    0x0000, 0x0083, 0x0042, 0x0001, 0x0001, 0x08E5, 0x0021, 0x0000, 0x1062, 0x0021, 0x0021, 0x0021,
    0x0021, 0x0021, 0x0021, 0x0021, 0x0021, 0x0021, 0x0021, 0x0021, 0x0041, 0x0062, 0x0001, 0x0001,
    0x0021, 0x0000, 0x08C4, 0x0926, 0x0000, 0x0001, 0x0001, 0x0001, 0x0001, 0x0001, 0x0021, 0x0001,
    0x0021, 0x0021, 0x0042, 0x0042, 0x0042, 0x0043, 0x0063, 0x0063, 0x00C5, 0x00C6, 0x0108, 0x0169,
    0x0107, 0x00E6, 0x00C6, 0x0084, 0x0043, 0x0084, 0x0043, 0x0022, 0x0042, 0x0042, 0x0001, 0x0001,
    0x0001, 0x0001, 0x0001, 0x0001, 0x0000, 0x0001, 0x0000, 0x0042, 0x0947, 0x0042, 0x0001, 0x0021,
    0x0001, 0x0021, 0x0042, 0x0021, 0x0021, 0x0021, 0x0021, 0x0021, 0x0021, 0x0021, 0x0021, 0x0021,
    0x0021, 0x0021, 0x0842, 0x0862, 0x0000, 0x0083, 0x08C5, 0x0001, 0x0001, 0x0083, 0x0042, 0x0001,
    0x0001, 0x0022, 0x0021, 0x19EB, 0x22AE, 0x11A9, 0x11C9, 0x1188, 0x11A8, 0x08C5, 0x0001, 0x0042,
    0x0862, 0x0021, 0x0021, 0x0021, 0x0021, 0x0021, 0x0021, 0x0021, 0x0021, 0x0021, 0x0021, 0x0042,
    0x0042, 0x0000, 0x0021, 0x0042, 0x0862, 0x0021, 0x0000, 0x0001, 0x0000, 0x0000, 0x0000, 0x0000,
    0x0001, 0x0000, 0x0001, 0x0001, 0x0001, 0x0001, 0x0001, 0x0001, 0x0001, 0x0001, 0x0001, 0x0001,
    0x0001, 0x0001, 0x0001, 0x0021, 0x0001, 0x0022, 0x0042, 0x0021, 0x08A4, 0x0021, 0x0841, 0x0020,
    0x41A5, 0x838B, 0x0841, 0x0841, 0x0042, 0x0042, 0x0000, 0x0021, 0x0001, 0x0000, 0x0000, 0x0000,
    0x0000, 0x0000, 0x0000, 0x0021, 0x0021, 0x0001, 0x0001, 0x0001, 0x0821, 0x0821, 0x0000, 0x0841,
    0x0021, 0x0001, 0x0042, 0x0083, 0x0001, 0x0042, 0x0001, 0x0001, 0x0001, 0x0001, 0x0001, 0x0001,
    0x0001, 0x0001, 0x0001, 0x0001, 0x0001, 0x0001, 0x0001, 0x0001, 0x0001, 0x0001, 0x0001, 0x0001,
    0x0001, 0x0000, 0x0042, 0x0063, 0x0042, 0x0062, 0x0883, 0x0042, 0x0001, 0x0001, 0x0042, 0x0021,
    0x0000, 0x0000, 0x0000, 0x0000, 0x0000, 0x0000, 0x0000, 0x0000, 0x0000, 0x0000, 0x0001, 0x0001,
    0x0001, 0x0021, 0x0000, 0x0000, 0x0001, 0x0001, 0x0001, 0x0001, 0x0022, 0x0021, 0x0001, 0x0001,
    0x0001, 0x0000, 0x0001, 0x0001, 0x0001, 0x0000, 0x0000, 0x0000, 0x0000, 0x0021, 0x0021, 0x0021,
    0x0021, 0x0021, 0x0021, 0x0021, 0x0021, 0x0021, 0x0021, 0x0021, 0x0021, 0x0001, 0x0001, 0x0021,
    0x0000, 0x08A4, 0x0906, 0x0000, 0x0021, 0x0021, 0x0022, 0x0022, 0x0042, 0x0042, 0x0042, 0x0042,
    0x0042, 0x0042, 0x0063, 0x0063, 0x0084, 0x0063, 0x0084, 0x00A5, 0x00C5, 0x00A5, 0x0107, 0x0948,
    0x00C5, 0x00A5, 0x00E6, 0x00C5, 0x0084, 0x0084, 0x0084, 0x0063, 0x0063, 0x0042, 0x0042, 0x0042,
    0x0042, 0x0042, 0x0022, 0x0022, 0x0022, 0x0022, 0x0022, 0x0001, 0x0042, 0x0927, 0x0042, 0x0001,
    0x0001, 0x0001, 0x0001, 0x0021, 0x0021, 0x0021, 0x0021, 0x0021, 0x0021, 0x0021, 0x0021, 0x0021,
    0x0021, 0x0021, 0x0021, 0x0000, 0x0001, 0x0000, 0x0000, 0x0001, 0x0001, 0x0000, 0x0000, 0x0001,
    0x0001, 0x0021, 0x0022, 0x0001, 0x0001, 0x0001, 0x0001, 0x0000, 0x0000, 0x0001, 0x0001, 0x0001,
    0x0001, 0x0001, 0x0000, 0x0000, 0x0000, 0x0000, 0x0000, 0x0000, 0x0000, 0x0000, 0x0000, 0x0000,
    0x0021, 0x0042, 0x0000, 0x0001, 0x0021, 0x0862, 0x0042, 0x0042, 0x0062, 0x0042, 0x0001, 0x0001,
    0x0000, 0x0001, 0x0000, 0x0000, 0x0000, 0x0001, 0x0001, 0x0001, 0x0001, 0x0001, 0x0001, 0x0001,
    0x0001, 0x0001, 0x0001, 0x0001, 0x0001, 0x0021, 0x0022, 0x0021, 0x08A4, 0x0001, 0x0021, 0x0841,
    0x0820, 0x0000, 0x0841, 0x0021, 0x0001, 0x0001, 0x0001, 0x0021, 0x0001, 0x0000, 0x0000, 0x0000,
    0x0000, 0x0000, 0x0000, 0x0021, 0x0021, 0x0001, 0x0042, 0x0042, 0x0042, 0x0842, 0x0862, 0x0842,
    0x0042, 0x0042, 0x0042, 0x0063, 0x0042, 0x0062, 0x0042, 0x0042, 0x0042, 0x0042, 0x0042, 0x0042,
    0x0042, 0x0041, 0x0041, 0x0041, 0x0021, 0x0041, 0x0021, 0x0021, 0x0021, 0x0021, 0x0042, 0x0042,
    0x0042, 0x0042, 0x0042, 0x0001, 0x0001, 0x0001, 0x0001, 0x0000, 0x0001, 0x0042, 0x0021, 0x0000,
    0x1882, 0x5A46, 0x0000, 0x3984, 0x3964, 0x0000, 0x6266, 0x0021, 0x18C2, 0x5A26, 0x0000, 0x0021,
    0x0001, 0x0001, 0x0021, 0x0021, 0x0022, 0x0022, 0x0022, 0x0022, 0x0021, 0x0001, 0x0001, 0x0001,
    0x0001, 0x0001, 0x0001, 0x0000, 0x0001, 0x0001, 0x0001, 0x0001, 0x0001, 0x0001, 0x0001, 0x0001,
    0x0000, 0x0000, 0x0001, 0x0000, 0x0000, 0x0001, 0x0001, 0x0001, 0x0001, 0x0001, 0x0001, 0x0000,
    0x0084, 0x08E5, 0x0000, 0x0021, 0x0001, 0x0042, 0x0042, 0x0042, 0x0042, 0x0042, 0x0042, 0x0042,
    0x0043, 0x0063, 0x0063, 0x0063, 0x0084, 0x0063, 0x00A4, 0x00A5, 0x00C5, 0x00A5, 0x00C5, 0x00E6,
    0x00C5, 0x00A5, 0x00C5, 0x00C5, 0x00A5, 0x0084, 0x0063, 0x0063, 0x0063, 0x0063, 0x0043, 0x0043,
    0x0042, 0x0042, 0x0042, 0x0042, 0x0022, 0x0042, 0x0021, 0x0001, 0x0001, 0x0042, 0x08E6, 0x0022,
    0x0000, 0x0001, 0x0001, 0x0001, 0x0001, 0x0001, 0x0000, 0x0000, 0x0000, 0x0000, 0x0000, 0x0000,
    0x0000, 0x0000, 0x0000, 0x0001, 0x0001, 0x0001, 0x0001, 0x0001, 0x0000, 0x0001, 0x0001, 0x0001,
    0x0001, 0x0001, 0x0021, 0x0022, 0x0042, 0x0022, 0x0022, 0x0021, 0x0021, 0x0001, 0x0001, 0x0001,
    0x0001, 0x0861, 0x6287, 0x0000, 0x3144, 0x41A5, 0x0000, 0x6266, 0x1061, 0x1082, 0x5A46, 0x0000,
    0x0000, 0x0042, 0x0042, 0x0000, 0x0000, 0x0000, 0x0001, 0x0001, 0x0001, 0x0042, 0x0042, 0x0021,
    0x0041, 0x0021, 0x0021, 0x0021, 0x0021, 0x0021, 0x0021, 0x0041, 0x0021, 0x0021, 0x0021, 0x0021,
    0x0021, 0x0021, 0x0022, 0x0042, 0x0042, 0x0042, 0x0042, 0x0042, 0x0063, 0x0042, 0x0042, 0x0042,
    0x0862, 0x0862, 0x0042, 0x0021, 0x0042, 0x0021, 0x0000, 0x0021, 0x0001, 0x0000, 0x0000, 0x0000,
    0x0000, 0x0000, 0x0000, 0x0021, 0x0021, 0x0001, 0x0001, 0x0001, 0x0001, 0x0021, 0x0001, 0x0001,
    0x0001, 0x0001, 0x0001, 0x0001, 0x0001, 0x0001, 0x0001, 0x0001, 0x0001, 0x0001, 0x0001, 0x0001,
    0x0001, 0x0001, 0x0001, 0x0001, 0x0001, 0x0001, 0x0001, 0x0001, 0x0001, 0x0001, 0x0001, 0x0001,
    0x0001, 0x0001, 0x0001, 0x0001, 0x0001, 0x0001, 0x0001, 0x0001, 0x0042, 0x0021, 0x0000, 0x0001,
    0x0821, 0x18A2, 0x0000, 0x1061, 0x1061, 0x0000, 0x18A2, 0x0021, 0x0841, 0x18A2, 0x0001, 0x0001,
    0x0001, 0x0001, 0x0001, 0x0001, 0x0001, 0x0001, 0x0001, 0x0001, 0x0001, 0x0001, 0x0001, 0x0000,
    0x0001, 0x0001, 0x0000, 0x0000, 0x0000, 0x0000, 0x0000, 0x0000, 0x0000, 0x0000, 0x0000, 0x0000,
    0x0000, 0x0000, 0x0000, 0x0000, 0x0000, 0x0000, 0x0000, 0x0000, 0x0000, 0x0001, 0x0000, 0x0063,
    0x08C5, 0x0000, 0x0001, 0x0001, 0x0021, 0x0001, 0x0001, 0x0001, 0x0001, 0x0001, 0x0001, 0x0001,
    0x0001, 0x0001, 0x0022, 0x0021, 0x0021, 0x0022, 0x0042, 0x0021, 0x0043, 0x0042, 0x0022, 0x0042,
    0x0063, 0x0042, 0x0042, 0x0043, 0x0022, 0x0022, 0x0001, 0x0001, 0x0021, 0x0001, 0x0001, 0x0001,
    0x0001, 0x0001, 0x0001, 0x0001, 0x0001, 0x0001, 0x0001, 0x0001, 0x0001, 0x0000, 0x0021, 0x08C6,
    0x0021, 0x0000, 0x0001, 0x0000, 0x0000, 0x0000, 0x0000, 0x0000, 0x0000, 0x0000, 0x0000, 0x0000,
    0x0000, 0x0000, 0x0000, 0x0000, 0x0000, 0x0000, 0x0000, 0x0000, 0x0000, 0x0001, 0x0001, 0x0001,
    0x0000, 0x0001, 0x0001, 0x0001, 0x0001, 0x0001, 0x0001, 0x0001, 0x0001, 0x0001, 0x0001, 0x0001,
    0x0001, 0x0021, 0x18A2, 0x0000, 0x1061, 0x1081, 0x0000, 0x18A2, 0x0821, 0x0821, 0x18A2, 0x0000,
    0x0001, 0x0000, 0x0042, 0x0022, 0x0000, 0x0001, 0x0001, 0x0001, 0x0001, 0x0001, 0x0001, 0x0001,
    0x0001, 0x0001, 0x0001, 0x0001, 0x0001, 0x0001, 0x0001, 0x0001, 0x0001, 0x0001, 0x0001, 0x0001,
    0x0001, 0x0001, 0x0001, 0x0001, 0x0001, 0x0001, 0x0001, 0x0001, 0x0001, 0x0001, 0x0001, 0x0021,
    0x0021, 0x0021, 0x0021, 0x0001, 0x0001, 0x0001, 0x0001, 0x0021, 0x0001, 0x0000, 0x0000, 0x0000,
    0x0000, 0x0000, 0x0000, 0x0021, 0x0001, 0x0000, 0x0001, 0x0001, 0x0001, 0x0000, 0x0000, 0x0000,
    0x0000, 0x0001, 0x0001, 0x0001, 0x0000, 0x0000, 0x0000, 0x0000, 0x0000, 0x0000, 0x0000, 0x0000,
    0x0000, 0x0000, 0x0000, 0x0000, 0x0000, 0x0000, 0x0000, 0x0000, 0x0000, 0x0000, 0x0000, 0x0000,
    0x0000, 0x0000, 0x0000, 0x0000, 0x0001, 0x0001, 0x0001, 0x0042, 0x0021, 0x0000, 0x0001, 0x0001,
    0x0000, 0x0000, 0x0001, 0x0000, 0x0000, 0x0001, 0x0000, 0x0001, 0x0000, 0x0000, 0x0001, 0x0001,
    0x0001, 0x0001, 0x0001, 0x0001, 0x0001, 0x0001, 0x0001, 0x0001, 0x0001, 0x0001, 0x0862, 0x10A3,
    0x0021, 0x0042, 0x0841, 0x0001, 0x1126, 0x1167, 0x1147, 0x1147, 0x0946, 0x0946, 0x0926, 0x0926,
    0x0926, 0x0926, 0x0926, 0x0926, 0x0906, 0x0906, 0x0906, 0x0906, 0x0042, 0x0000, 0x0063, 0x08A4,
    0x0000, 0x0001, 0x0001, 0x0001, 0x0001, 0x0001, 0x0001, 0x0001, 0x0001, 0x0001, 0x0001, 0x0001,
    0x0001, 0x0001, 0x0001, 0x0001, 0x0001, 0x0001, 0x0022, 0x0021, 0x0042, 0x0022, 0x0021, 0x0042,
    0x0042, 0x0022, 0x0022, 0x0042, 0x0021, 0x0021, 0x0001, 0x0001, 0x0001, 0x0001, 0x0001, 0x0001,
    0x0001, 0x0001, 0x0001, 0x0001, 0x0001, 0x0001, 0x0001, 0x0001, 0x0001, 0x0001, 0x0000, 0x0021,
    0x08E5, 0x0021, 0x0000, 0x08A4, 0x0926, 0x0906, 0x0906, 0x0905, 0x08E5, 0x0906, 0x1146, 0x1146,
    0x1146, 0x0926, 0x1146, 0x1147, 0x1147, 0x1147, 0x1167, 0x08E5, 0x0000, 0x0042, 0x0021, 0x0042,
    0x18C3, 0x0001, 0x0001, 0x0001, 0x0001, 0x0001, 0x0001, 0x0001, 0x0001, 0x0001, 0x0001, 0x0001,
    0x0001, 0x0001, 0x0000, 0x0000, 0x0000, 0x0000, 0x0000, 0x0000, 0x0000, 0x0000, 0x0000, 0x0000,
    0x0000, 0x0000, 0x0000, 0x0021, 0x0022, 0x0000, 0x0000, 0x0000, 0x0000, 0x0000, 0x0000, 0x0000,
    0x0000, 0x0000, 0x0000, 0x0000, 0x0000, 0x0000, 0x0000, 0x0000, 0x0000, 0x0000, 0x0000, 0x0000,
    0x0000, 0x0000, 0x0000, 0x0000, 0x0000, 0x0000, 0x0000, 0x0000, 0x0001, 0x0001, 0x0000, 0x0000,
    0x0000, 0x0000, 0x0000, 0x0000, 0x0000, 0x0000, 0x0000, 0x0021, 0x0001, 0x0000, 0x0000, 0x0000,
    0x0000, 0x0000, 0x0000, 0x0021, 0x0022, 0x0021, 0x0021, 0x0021, 0x0021, 0x0021, 0x0021, 0x0021,
    0x0021, 0x0021, 0x0021, 0x0021, 0x0021, 0x0021, 0x0021, 0x0021, 0x0021, 0x0021, 0x0021, 0x0021,
    0x0021, 0x0021, 0x0021, 0x0021, 0x0021, 0x0021, 0x0021, 0x0021, 0x0021, 0x0021, 0x0021, 0x0021,
    0x0021, 0x0021, 0x0021, 0x0021, 0x0021, 0x0021, 0x0042, 0x0021, 0x0000, 0x0001, 0x0000, 0x0000,
    0x0000, 0x0001, 0x0000, 0x0000, 0x0000, 0x0000, 0x0000, 0x0000, 0x0000, 0x0001, 0x0001, 0x0001,
    0x0001, 0x0001, 0x0001, 0x0001, 0x0001, 0x0001, 0x0001, 0x0001, 0x0001, 0x0001, 0x0021, 0x0842,
    0x0021, 0x0021, 0x0021, 0x0001, 0x0062, 0x0062, 0x0062, 0x0062, 0x0062, 0x0062, 0x0062, 0x0062,
    0x0042, 0x0062, 0x0062, 0x0062, 0x0042, 0x0042, 0x0042, 0x0062, 0x0001, 0x0063, 0x08A5, 0x0000,
    0x0001, 0x0001, 0x0021, 0x0021, 0x0021, 0x0021, 0x0021, 0x0021, 0x0021, 0x0021, 0x0021, 0x0021,
    0x0021, 0x0021, 0x0022, 0x0022, 0x0022, 0x0022, 0x0042, 0x0042, 0x0063, 0x0042, 0x0042, 0x0063,
    0x0042, 0x0042, 0x0063, 0x0043, 0x0042, 0x0042, 0x0022, 0x0021, 0x0022, 0x0022, 0x0021, 0x0021,
    0x0021, 0x0021, 0x0021, 0x0021, 0x0021, 0x0021, 0x0021, 0x0021, 0x0021, 0x0001, 0x0001, 0x0000,
    0x0021, 0x08E6, 0x0021, 0x0021, 0x0042, 0x0042, 0x0042, 0x0042, 0x0042, 0x0042, 0x0062, 0x0062,
    0x0062, 0x0062, 0x0062, 0x0062, 0x0062, 0x0062, 0x0062, 0x0042, 0x0000, 0x0021, 0x0001, 0x0021,
    0x0862, 0x0001, 0x0001, 0x0001, 0x0001, 0x0001, 0x0001, 0x0001, 0x0001, 0x0001, 0x0001, 0x0000,
    0x0000, 0x0000, 0x0001, 0x0000, 0x0000, 0x0000, 0x0000, 0x0001, 0x0000, 0x0000, 0x0000, 0x0000,
    0x0000, 0x0000, 0x0000, 0x0000, 0x0021, 0x0022, 0x0021, 0x0021, 0x0021, 0x0021, 0x0021, 0x0021,
    0x0021, 0x0021, 0x0021, 0x0021, 0x0021, 0x0021, 0x0021, 0x0021, 0x0021, 0x0021, 0x0021, 0x0021,
    0x0021, 0x0021, 0x0021, 0x0021, 0x0021, 0x0021, 0x0021, 0x0021, 0x0021, 0x0021, 0x0021, 0x0021,
    0x0021, 0x0021, 0x0021, 0x0021, 0x0021, 0x0021, 0x0021, 0x0042, 0x0001, 0x0000, 0x0000, 0x0000,
    0x0000, 0x0000, 0x0000, 0x0001, 0x0021, 0x0021, 0x0021, 0x0021, 0x0021, 0x0021, 0x0021, 0x0001,
    0x0021, 0x0021, 0x0021, 0x0021, 0x0021, 0x0021, 0x0021, 0x0021, 0x0021, 0x0021, 0x0021, 0x0021,
    0x0021, 0x0021, 0x0021, 0x0021, 0x0021, 0x0021, 0x0021, 0x0021, 0x0021, 0x0021, 0x0021, 0x0021,
    0x0021, 0x0021, 0x0021, 0x0021, 0x0021, 0x0021, 0x0001, 0x0000, 0x0000, 0x0000, 0x0000, 0x0000,
    0x0000, 0x0000, 0x0000, 0x0000, 0x0000, 0x0000, 0x0000, 0x0000, 0x0000, 0x0000, 0x0000, 0x0000,
    0x0000, 0x0000, 0x0000, 0x0000, 0x0000, 0x0000, 0x0000, 0x0000, 0x0000, 0x0000, 0x0000, 0x0000,
    0x0000, 0x0000, 0x0000, 0x0000, 0x0000, 0x0000, 0x0000, 0x0000, 0x0000, 0x0000, 0x0000, 0x0000,
    0x0000, 0x0000, 0x0000, 0x0000, 0x0000, 0x0000, 0x0000, 0x0000, 0x0000, 0x0042, 0x0000, 0x0000,
    0x0000, 0x0000, 0x0000, 0x0001, 0x0001, 0x0001, 0x0001, 0x0001, 0x0001, 0x0001, 0x0001, 0x0001,
    0x0001, 0x0001, 0x0021, 0x0001, 0x0001, 0x0001, 0x0022, 0x0021, 0x0022, 0x0021, 0x0021, 0x0022,
    0x0021, 0x0021, 0x0021, 0x0021, 0x0001, 0x0021, 0x0001, 0x0001, 0x0021, 0x0021, 0x0001, 0x0001,
    0x0001, 0x0001, 0x0001, 0x0001, 0x0001, 0x0001, 0x0001, 0x0000, 0x0001, 0x0001, 0x0000, 0x0001,
    0x0000, 0x0021, 0x0021, 0x0000, 0x0000, 0x0000, 0x0000, 0x0000, 0x0000, 0x0000, 0x0000, 0x0000,
    0x0000, 0x0000, 0x0000, 0x0000, 0x0000, 0x0000, 0x0000, 0x0000, 0x0000, 0x0000, 0x0000, 0x0000,
    0x0000, 0x0000, 0x0000, 0x0000, 0x0000, 0x0000, 0x0000, 0x0000, 0x0000, 0x0000, 0x0000, 0x0000,
    0x0000, 0x0000, 0x0000, 0x0000, 0x0000, 0x0000, 0x0000, 0x0000, 0x0000, 0x0000, 0x0000, 0x0000,
    0x0000, 0x0000, 0x0000, 0x0000, 0x0000, 0x0001, 0x0021, 0x0021, 0x0021, 0x0021, 0x0021, 0x0021,
    0x0021, 0x0021, 0x0021, 0x0021, 0x0021, 0x0021, 0x0021, 0x0021, 0x0021, 0x0021, 0x0021, 0x0021,
    0x0021, 0x0021, 0x0021, 0x0021, 0x0021, 0x0021, 0x0021, 0x0021, 0x0021, 0x0021, 0x0021, 0x0021,
    0x0021, 0x0021, 0x0001, 0x0021, 0x0001, 0x0001, 0x0021, 0x0001, 0x0000, 0x0000, 0x0000, 0x0000,
    0x0000, 0x0000, 0x0000, 0x0000, 0x0000, 0x0000, 0x0000, 0x0000, 0x0000, 0x0000, 0x0000, 0x0000,
    0x0000, 0x0000, 0x0000, 0x0000, 0x0000, 0x0000, 0x0000, 0x0000, 0x0000, 0x0000, 0x0000, 0x0000,
    0x0000, 0x0000, 0x0000, 0x0000, 0x0000, 0x0000, 0x0000, 0x0000, 0x0000, 0x0000, 0x0000, 0x0000,
    0x0000, 0x0000, 0x0000, 0x0000, 0x0000, 0x0000, 0x0000, 0x0000, 0x0000, 0x0000, 0x0000, 0x0000,
    0x0000, 0x0000, 0x0000, 0x0000, 0x0000, 0x0000, 0x0000, 0x0000, 0x0000, 0x0000, 0x0000, 0x0000,
    0x0000, 0x0000, 0x0000, 0x0000, 0x0000, 0x0000, 0x0000, 0x0000, 0x0000, 0x0000, 0x0000, 0x0000,
    0x0000, 0x0000, 0x0000, 0x0000, 0x0000, 0x0000, 0x0000, 0x0000, 0x0000, 0x0000, 0x0000, 0x0000,
    0x0000, 0x0000, 0x0000, 0x0000, 0x0000, 0x0000, 0x0000, 0x0000, 0x0000, 0x0000, 0x0000, 0x0000,
    0x0000, 0x0000, 0x0000, 0x0000, 0x0000, 0x0000, 0x0000, 0x0000, 0x0000, 0x0000, 0x0000, 0x0000,
    0x0000, 0x0000, 0x0001, 0x0001, 0x0000, 0x0001, 0x0001, 0x0001, 0x0001, 0x0001, 0x0001, 0x0001,
    0x0001, 0x0001, 0x0001, 0x0001, 0x0001, 0x0001, 0x0000, 0x0000, 0x0001, 0x0000, 0x0000, 0x0000,
    0x0001, 0x0000, 0x0000, 0x0000, 0x0000, 0x0000, 0x0000, 0x0000, 0x0000, 0x0000, 0x0000, 0x0000,
    0x0000, 0x0000, 0x0000, 0x0000, 0x0000, 0x0000, 0x0000, 0x0000, 0x0000, 0x0000, 0x0000, 0x0000,
    0x0000, 0x0000, 0x0000, 0x0000, 0x0000, 0x0000, 0x0000, 0x0000, 0x0000, 0x0000, 0x0000, 0x0000,
    0x0000, 0x0000, 0x0000, 0x0000, 0x0000, 0x0000, 0x0000, 0x0000, 0x0000, 0x0000, 0x0000, 0x0000,
    0x0000, 0x0000, 0x0000, 0x0000, 0x0000, 0x0000, 0x0000, 0x0000, 0x0000, 0x0000, 0x0000, 0x0000,
    0x0000, 0x0000, 0x0000, 0x0000, 0x0000, 0x0000, 0x0000, 0x0000, 0x0000, 0x0000, 0x0000, 0x0000,
    0x0000, 0x0000, 0x0000, 0x0000, 0x0000, 0x0000, 0x0000, 0x0000, 0x0000, 0x0000, 0x0000, 0x0000,
    0x0000, 0x0000, 0x0000, 0x0000, 0x0000, 0x0000, 0x0000, 0x0000, 0x0000, 0x0000, 0x0000, 0x0000,
    0x0000, 0x0000, 0x0000, 0x0000, 0x0000, 0x0000, 0x0000, 0x0000, 0x0000, 0x0000, 0x0000, 0x0000,
    0x0000, 0x0000, 0x0000, 0x0000, 0x0000, 0x0000, 0x0000, 0x0000, 0x0000, 0x0000, 0x0000, 0x0000,
    0x0000, 0x0000, 0x0000, 0x0000, 0x0000, 0x0000, 0x0000, 0x0000, 0x0000, 0x0000, 0x0000, 0x0000,
    0x0000, 0x0000, 0x0000, 0x0000, 0x0000, 0x0000, 0x0000, 0x0000, 0x0000, 0x0000, 0x0000, 0x0000,
    0x0000, 0x0000, 0x0000, 0x0000, 0x0000, 0x0000, 0x0000, 0x0000, 0x0000, 0x0000, 0x0000, 0x0000,
    0x0000, 0x0000, 0x0000, 0x0000, 0x0000, 0x0000, 0x0000, 0x0000, 0x0000, 0x0000, 0x0000, 0x0000,
    0x0000, 0x0000, 0x0000, 0x0000, 0x0000, 0x0000, 0x0000, 0x0000, 0x0000, 0x0000, 0x0000, 0x0000,
    0x0000, 0x0000, 0x0000, 0x0000, 0x0000, 0x0000, 0x0000, 0x0000, 0x0000, 0x0000, 0x0000, 0x0000,
    0x0000, 0x0000, 0x0000, 0x0000, 0x0000, 0x0000, 0x0000, 0x0000, 0x0000, 0x0000, 0x0000, 0x0000,
    0x0000, 0x0000, 0x0000, 0x0000, 0x0000, 0x0000, 0x0000, 0x0000, 0x0000, 0x0000, 0x0000, 0x0000,
    0x0000, 0x0000, 0x0001, 0x0000, 0x0000, 0x0000, 0x0001, 0x0001, 0x0001, 0x0001, 0x0001, 0x0001,
    0x0001, 0x0001, 0x0001, 0x0001, 0x0000, 0x0001, 0x0000, 0x0000, 0x0001, 0x0000, 0x0000, 0x0000,
    0x0000, 0x0000, 0x0000, 0x0000, 0x0000, 0x0000, 0x0000, 0x0000, 0x0000, 0x0000, 0x0000, 0x0000,
    0x0000, 0x0000, 0x0000, 0x0000, 0x0000, 0x0000, 0x0000, 0x0000, 0x0000, 0x0000, 0x0000, 0x0000,
    0x0000, 0x0000, 0x0000, 0x0000, 0x0000, 0x0000, 0x0000, 0x0000, 0x0000, 0x0000, 0x0000, 0x0000,
    0x0000, 0x0000, 0x0000, 0x0000, 0x0000, 0x0000, 0x0000, 0x0000, 0x0000, 0x0000, 0x0000, 0x0000,
    0x0000, 0x0000, 0x0000, 0x0000, 0x0000, 0x0000, 0x0000, 0x0000, 0x0000, 0x0000, 0x0000, 0x0000,
    0x0000, 0x0000, 0x0000, 0x0000, 0x0000, 0x0000, 0x0000, 0x0000, 0x0000, 0x0000, 0x0000, 0x0000,
    0x0000, 0x0000, 0x0000, 0x0000, 0x0000, 0x0000, 0x0000, 0x0000, 0x0000, 0x0000, 0x0000, 0x0000,
    0x0000, 0x0000, 0x0000, 0x0000, 0x0000, 0x0000, 0x0000, 0x0000, 0x0000, 0x0000, 0x0000, 0x0000,
    0x0000, 0x0000, 0x0000, 0x0000, 0x0000, 0x0000, 0x0000, 0x0000, 0x0000, 0x0000, 0x0000, 0x0000,
    0x0000, 0x0000, 0x0000, 0x0000, 0x0000, 0x0000, 0x0000, 0x0000, 0x0000, 0x0000, 0x0000, 0x0000,
    0x0000, 0x0000, 0x0000, 0x0000, 0x0000, 0x0000, 0x0000, 0x0000, 0x0000, 0x0000, 0x0000, 0x0000,
    0x0000, 0x0000, 0x0000, 0x0000, 0x0000, 0x0000, 0x0000, 0x0000, 0x0000, 0x0000, 0x0000, 0x0000,
    0x0000, 0x0000, 0x0000, 0x0000, 0x0000, 0x0000, 0x0000, 0x0000, 0x0000, 0x0000, 0x0000, 0x0000,
    0x0000, 0x0000, 0x0000, 0x0000, 0x0000, 0x0000, 0x0000, 0x0000, 0x0000, 0x0000, 0x0000, 0x0000,
    0x0000, 0x0000, 0x0000, 0x0000, 0x0000, 0x0000, 0x0000, 0x0000, 0x0000, 0x0000, 0x0000, 0x0000,
    0x0000, 0x0000, 0x0000, 0x0000, 0x0000, 0x0000, 0x0000, 0x0000, 0x0000, 0x0000, 0x0000, 0x0000,
    0x0000, 0x0000, 0x0000, 0x0000, 0x0000, 0x0000, 0x0000, 0x0000, 0x0000, 0x0000, 0x0000, 0x0000,
    0x0000, 0x0000, 0x0000, 0x0000, 0x0000, 0x0000, 0x0000, 0x0000, 0x0000, 0x0000, 0x0000, 0x0000,
    0x0000, 0x0000, 0x0000, 0x0000, 0x0000, 0x0000, 0x0000, 0x0000, 0x0000, 0x0000, 0x0000, 0x0000,
    0x0000, 0x0000, 0x0000, 0x0000, 0x0000, 0x0000, 0x0000, 0x0000, 0x0000, 0x0000, 0x0000, 0x0000,
    0x0000, 0x0000, 0x0000, 0x0000, 0x0000, 0x0000, 0x0000, 0x0000, 0x0000, 0x0000, 0x0000, 0x0000,
    0x0000, 0x0000, 0x0000, 0x0000, 0x0000, 0x0000, 0x0000, 0x0000, 0x0000, 0x0000, 0x0000, 0x0000,
    0x0000, 0x0000, 0x0000, 0x0000, 0x0000, 0x0000, 0x0000, 0x0000, 0x0000, 0x0000, 0x0000, 0x0000,
    0x0000, 0x0000, 0x0000, 0x0000, 0x0000, 0x0000, 0x0000, 0x0000, 0x0000, 0x0000, 0x0000, 0x0000,
    0x0000, 0x0000, 0x0000, 0x0000, 0x0000, 0x0000, 0x0000, 0x0000, 0x0000, 0x0000, 0x0000, 0x0000,
    0x0000, 0x0000, 0x0000, 0x0000, 0x0000, 0x0000, 0x0000, 0x0000, 0x0000, 0x0000, 0x0000, 0x0000,
    0x0000, 0x0000, 0x0000, 0x0000, 0x0000, 0x0000, 0x0000, 0x0000, 0x0000, 0x0000, 0x0000, 0x0000,
    0x0000, 0x0000, 0x0000, 0x0000, 0x0000, 0x0000, 0x0000, 0x0000, 0x0000, 0x0000, 0x0000, 0x0000,
    0x0000, 0x0000, 0x0000, 0x0000, 0x0000, 0x0000, 0x0000, 0x0000, 0x0000, 0x0000, 0x0000, 0x0000,
};
